<?xml version="1.0" ?>
<scenario>
	<world>
		<region name="USA">
			<unlimited-resource delete="1" name="global solar resource"/>
			<renewresource name="PV_resource">
				<smooth-renewable-subresource name="PV_resource">
					<maxSubResource fillout="1" year="1975">28.16808</maxSubResource>
					<maxSubResource fillout="1" year="2035">28.75482</maxSubResource>
					<maxSubResource fillout="1" year="2075">28.79268</maxSubResource>
					<mid-price fillout="1" year="1975">4.2</mid-price>
					<mid-price fillout="1" year="2035">4.4</mid-price>
					<mid-price fillout="1" year="2075">4.3</mid-price>
					<curve-exponent fillout="1" year="1975">1.724</curve-exponent>
					<curve-exponent fillout="1" year="2035">1.799</curve-exponent>
					<curve-exponent fillout="1" year="2075">1.795</curve-exponent>
				</smooth-renewable-subresource>
			</renewresource>
			<renewresource name="CSP_resource">
				<smooth-renewable-subresource name="CSP_resource">
					<maxSubResource fillout="1" year="1975">8.42144</maxSubResource>
					<maxSubResource fillout="1" year="2035">9.19298</maxSubResource>
					<maxSubResource fillout="1" year="2075">9.12711</maxSubResource>
					<mid-price fillout="1" year="1975">5.5</mid-price>
					<mid-price fillout="1" year="2035">5.4</mid-price>
					<mid-price fillout="1" year="2075">5.7</mid-price>
					<curve-exponent fillout="1" year="1975">1.98</curve-exponent>
					<curve-exponent fillout="1" year="2035">2.112</curve-exponent>
					<curve-exponent fillout="1" year="2075">2.251</curve-exponent>
				</smooth-renewable-subresource>
			</renewresource>
		</region>
		<region name="Africa_Eastern">
			<unlimited-resource delete="1" name="global solar resource"/>
			<renewresource name="PV_resource">
				<smooth-renewable-subresource name="PV_resource">
					<maxSubResource fillout="1" year="1975">64.36807</maxSubResource>
					<maxSubResource fillout="1" year="2035">63.35339</maxSubResource>
					<maxSubResource fillout="1" year="2075">63.49013</maxSubResource>
					<mid-price fillout="1" year="1975">4.0</mid-price>
					<mid-price fillout="1" year="2035">3.8</mid-price>
					<mid-price fillout="1" year="2075">3.8</mid-price>
					<curve-exponent fillout="1" year="1975">1.395</curve-exponent>
					<curve-exponent fillout="1" year="2035">1.321</curve-exponent>
					<curve-exponent fillout="1" year="2075">1.32</curve-exponent>
				</smooth-renewable-subresource>
			</renewresource>
			<renewresource name="CSP_resource">
				<smooth-renewable-subresource name="CSP_resource">
					<maxSubResource fillout="1" year="1975">34.51256</maxSubResource>
					<maxSubResource fillout="1" year="2035">34.00792</maxSubResource>
					<maxSubResource fillout="1" year="2075">34.14752</maxSubResource>
					<mid-price fillout="1" year="1975">1.2</mid-price>
					<mid-price fillout="1" year="2035">1.2</mid-price>
					<mid-price fillout="1" year="2075">1.2</mid-price>
					<curve-exponent fillout="1" year="1975">1.997</curve-exponent>
					<curve-exponent fillout="1" year="2035">1.966</curve-exponent>
					<curve-exponent fillout="1" year="2075">1.946</curve-exponent>
				</smooth-renewable-subresource>
			</renewresource>
		</region>
		<region name="Africa_Northern">
			<unlimited-resource delete="1" name="global solar resource"/>
			<renewresource name="PV_resource">
				<smooth-renewable-subresource name="PV_resource">
					<maxSubResource fillout="1" year="1975">125.9061</maxSubResource>
					<maxSubResource fillout="1" year="2035">126.14398</maxSubResource>
					<maxSubResource fillout="1" year="2075">126.85593</maxSubResource>
					<mid-price fillout="1" year="1975">4.0</mid-price>
					<mid-price fillout="1" year="2035">4.0</mid-price>
					<mid-price fillout="1" year="2075">3.9</mid-price>
					<curve-exponent fillout="1" year="1975">3.789</curve-exponent>
					<curve-exponent fillout="1" year="2035">3.69</curve-exponent>
					<curve-exponent fillout="1" year="2075">3.73</curve-exponent>
				</smooth-renewable-subresource>
			</renewresource>
			<renewresource name="CSP_resource">
				<smooth-renewable-subresource name="CSP_resource">
					<maxSubResource fillout="1" year="1975">61.55719</maxSubResource>
					<maxSubResource fillout="1" year="2035">63.19584</maxSubResource>
					<maxSubResource fillout="1" year="2075">64.15553</maxSubResource>
					<mid-price fillout="1" year="1975">2.0</mid-price>
					<mid-price fillout="1" year="2035">1.8</mid-price>
					<mid-price fillout="1" year="2075">1.7</mid-price>
					<curve-exponent fillout="1" year="1975">2.869</curve-exponent>
					<curve-exponent fillout="1" year="2035">2.989</curve-exponent>
					<curve-exponent fillout="1" year="2075">2.996</curve-exponent>
				</smooth-renewable-subresource>
			</renewresource>
		</region>
		<region name="Africa_Southern">
			<unlimited-resource delete="1" name="global solar resource"/>
			<renewresource name="PV_resource">
				<smooth-renewable-subresource name="PV_resource">
					<maxSubResource fillout="1" year="1975">37.93128</maxSubResource>
					<maxSubResource fillout="1" year="2035">38.22524</maxSubResource>
					<maxSubResource fillout="1" year="2075">38.0593</maxSubResource>
					<mid-price fillout="1" year="1975">3.9</mid-price>
					<mid-price fillout="1" year="2035">3.9</mid-price>
					<mid-price fillout="1" year="2075">3.9</mid-price>
					<curve-exponent fillout="1" year="1975">2.264</curve-exponent>
					<curve-exponent fillout="1" year="2035">2.259</curve-exponent>
					<curve-exponent fillout="1" year="2075">2.293</curve-exponent>
				</smooth-renewable-subresource>
			</renewresource>
			<renewresource name="CSP_resource">
				<smooth-renewable-subresource name="CSP_resource">
					<maxSubResource fillout="1" year="1975">18.61672</maxSubResource>
					<maxSubResource fillout="1" year="2035">19.19146</maxSubResource>
					<maxSubResource fillout="1" year="2075">18.97929</maxSubResource>
					<mid-price fillout="1" year="1975">1.8</mid-price>
					<mid-price fillout="1" year="2035">1.5</mid-price>
					<mid-price fillout="1" year="2075">1.1</mid-price>
					<curve-exponent fillout="1" year="1975">3.35</curve-exponent>
					<curve-exponent fillout="1" year="2035">3.051</curve-exponent>
					<curve-exponent fillout="1" year="2075">2.606</curve-exponent>
				</smooth-renewable-subresource>
			</renewresource>
		</region>
		<region name="Africa_Western">
			<unlimited-resource delete="1" name="global solar resource"/>
			<renewresource name="PV_resource">
				<smooth-renewable-subresource name="PV_resource">
					<maxSubResource fillout="1" year="1975">109.90118</maxSubResource>
					<maxSubResource fillout="1" year="2035">108.35336</maxSubResource>
					<maxSubResource fillout="1" year="2075">109.41955</maxSubResource>
					<mid-price fillout="1" year="1975">4.4</mid-price>
					<mid-price fillout="1" year="2035">4.6</mid-price>
					<mid-price fillout="1" year="2075">4.4</mid-price>
					<curve-exponent fillout="1" year="1975">2.29</curve-exponent>
					<curve-exponent fillout="1" year="2035">2.336</curve-exponent>
					<curve-exponent fillout="1" year="2075">2.304</curve-exponent>
				</smooth-renewable-subresource>
			</renewresource>
			<renewresource name="CSP_resource">
				<smooth-renewable-subresource name="CSP_resource">
					<maxSubResource fillout="1" year="1975">58.69843</maxSubResource>
					<maxSubResource fillout="1" year="2035">58.07716</maxSubResource>
					<maxSubResource fillout="1" year="2075">59.26322</maxSubResource>
					<mid-price fillout="1" year="1975">1.6</mid-price>
					<mid-price fillout="1" year="2035">1.6</mid-price>
					<mid-price fillout="1" year="2075">1.4</mid-price>
					<curve-exponent fillout="1" year="1975">2.349</curve-exponent>
					<curve-exponent fillout="1" year="2035">2.511</curve-exponent>
					<curve-exponent fillout="1" year="2075">2.405</curve-exponent>
				</smooth-renewable-subresource>
			</renewresource>
		</region>
		<region name="Australia_NZ">
			<unlimited-resource delete="1" name="global solar resource"/>
			<renewresource name="PV_resource">
				<smooth-renewable-subresource name="PV_resource">
					<maxSubResource fillout="1" year="1975">104.65928</maxSubResource>
					<maxSubResource fillout="1" year="2035">103.82697</maxSubResource>
					<maxSubResource fillout="1" year="2075">103.9308</maxSubResource>
					<mid-price fillout="1" year="1975">7.3</mid-price>
					<mid-price fillout="1" year="2035">7.4</mid-price>
					<mid-price fillout="1" year="2075">7.4</mid-price>
					<curve-exponent fillout="1" year="1975">2.934</curve-exponent>
					<curve-exponent fillout="1" year="2035">2.982</curve-exponent>
					<curve-exponent fillout="1" year="2075">2.964</curve-exponent>
				</smooth-renewable-subresource>
			</renewresource>
			<renewresource name="CSP_resource">
				<smooth-renewable-subresource name="CSP_resource">
					<maxSubResource fillout="1" year="1975">49.89804</maxSubResource>
					<maxSubResource fillout="1" year="2035">49.67204</maxSubResource>
					<maxSubResource fillout="1" year="2075">49.68773</maxSubResource>
					<mid-price fillout="1" year="1975">2.1</mid-price>
					<mid-price fillout="1" year="2035">2.2</mid-price>
					<mid-price fillout="1" year="2075">2.1</mid-price>
					<curve-exponent fillout="1" year="1975">3.028</curve-exponent>
					<curve-exponent fillout="1" year="2035">3.143</curve-exponent>
					<curve-exponent fillout="1" year="2075">3.089</curve-exponent>
				</smooth-renewable-subresource>
			</renewresource>
		</region>
		<region name="Brazil">
			<unlimited-resource delete="1" name="global solar resource"/>
			<renewresource name="PV_resource">
				<smooth-renewable-subresource name="PV_resource">
					<maxSubResource fillout="1" year="1975">17.48078</maxSubResource>
					<maxSubResource fillout="1" year="2035">17.79805</maxSubResource>
					<maxSubResource fillout="1" year="2075">17.6938</maxSubResource>
					<mid-price fillout="1" year="1975">7.4</mid-price>
					<mid-price fillout="1" year="2035">7.6</mid-price>
					<mid-price fillout="1" year="2075">7.7</mid-price>
					<curve-exponent fillout="1" year="1975">3.222</curve-exponent>
					<curve-exponent fillout="1" year="2035">3.347</curve-exponent>
					<curve-exponent fillout="1" year="2075">3.367</curve-exponent>
				</smooth-renewable-subresource>
			</renewresource>
			<renewresource name="CSP_resource">
				<smooth-renewable-subresource name="CSP_resource">
					<maxSubResource fillout="1" year="1975">7.7004</maxSubResource>
					<maxSubResource fillout="1" year="2035">8.14907</maxSubResource>
					<maxSubResource fillout="1" year="2075">8.03813</maxSubResource>
					<mid-price fillout="1" year="1975">2.6</mid-price>
					<mid-price fillout="1" year="2035">2.5</mid-price>
					<mid-price fillout="1" year="2075">2.6</mid-price>
					<curve-exponent fillout="1" year="1975">3.546</curve-exponent>
					<curve-exponent fillout="1" year="2035">3.369</curve-exponent>
					<curve-exponent fillout="1" year="2075">3.526</curve-exponent>
				</smooth-renewable-subresource>
			</renewresource>
		</region>
		<region name="Canada">
			<unlimited-resource delete="1" name="global solar resource"/>
			<renewresource name="PV_resource">
				<smooth-renewable-subresource name="PV_resource">
					<maxSubResource fillout="1" year="1975">6.38848</maxSubResource>
					<maxSubResource fillout="1" year="2035">6.22822</maxSubResource>
					<maxSubResource fillout="1" year="2075">6.22964</maxSubResource>
					<mid-price fillout="1" year="1975">31.5</mid-price>
					<mid-price fillout="1" year="2035">31.6</mid-price>
					<mid-price fillout="1" year="2075">31.6</mid-price>
					<curve-exponent fillout="1" year="1975">1.477</curve-exponent>
					<curve-exponent fillout="1" year="2035">1.446</curve-exponent>
					<curve-exponent fillout="1" year="2075">1.387</curve-exponent>
				</smooth-renewable-subresource>
			</renewresource>
			<renewresource name="CSP_resource">
				<smooth-renewable-subresource name="CSP_resource">
					<maxSubResource fillout="1" year="1975">0.6966</maxSubResource>
					<maxSubResource fillout="1" year="2035">0.6847</maxSubResource>
					<maxSubResource fillout="1" year="2075">0.68669</maxSubResource>
					<mid-price fillout="1" year="1975">4.3</mid-price>
					<mid-price fillout="1" year="2035">10.6</mid-price>
					<mid-price fillout="1" year="2075">8.9</mid-price>
					<curve-exponent fillout="1" year="1975">15.0</curve-exponent>
					<curve-exponent fillout="1" year="2035">15.0</curve-exponent>
					<curve-exponent fillout="1" year="2075">11.965</curve-exponent>
				</smooth-renewable-subresource>
			</renewresource>
		</region>
		<region name="Central America and Caribbean">
			<unlimited-resource delete="1" name="global solar resource"/>
			<renewresource name="PV_resource">
				<smooth-renewable-subresource name="PV_resource">
					<maxSubResource fillout="1" year="1975">1.02569</maxSubResource>
					<maxSubResource fillout="1" year="2035">1.00976</maxSubResource>
					<maxSubResource fillout="1" year="2075">1.02241</maxSubResource>
					<mid-price fillout="1" year="1975">6.4</mid-price>
					<mid-price fillout="1" year="2035">6.1</mid-price>
					<mid-price fillout="1" year="2075">5.9</mid-price>
					<curve-exponent fillout="1" year="1975">2.47</curve-exponent>
					<curve-exponent fillout="1" year="2035">2.291</curve-exponent>
					<curve-exponent fillout="1" year="2075">2.296</curve-exponent>
				</smooth-renewable-subresource>
			</renewresource>
			<renewresource name="CSP_resource">
				<smooth-renewable-subresource name="CSP_resource">
					<maxSubResource fillout="1" year="1975">0.4762</maxSubResource>
					<maxSubResource fillout="1" year="2035">0.46837</maxSubResource>
					<maxSubResource fillout="1" year="2075">0.48096</maxSubResource>
					<mid-price fillout="1" year="1975">2.9</mid-price>
					<mid-price fillout="1" year="2035">2.6</mid-price>
					<mid-price fillout="1" year="2075">2.8</mid-price>
					<curve-exponent fillout="1" year="1975">3.484</curve-exponent>
					<curve-exponent fillout="1" year="2035">3.402</curve-exponent>
					<curve-exponent fillout="1" year="2075">3.647</curve-exponent>
				</smooth-renewable-subresource>
			</renewresource>
		</region>
		<region name="Central Asia">
			<unlimited-resource delete="1" name="global solar resource"/>
			<renewresource name="PV_resource">
				<smooth-renewable-subresource name="PV_resource">
					<maxSubResource fillout="1" year="1975">53.84421</maxSubResource>
					<maxSubResource fillout="1" year="2035">54.21031</maxSubResource>
					<maxSubResource fillout="1" year="2075">54.09812</maxSubResource>
					<mid-price fillout="1" year="1975">5.4</mid-price>
					<mid-price fillout="1" year="2035">5.2</mid-price>
					<mid-price fillout="1" year="2075">5.3</mid-price>
					<curve-exponent fillout="1" year="1975">2.317</curve-exponent>
					<curve-exponent fillout="1" year="2035">2.29</curve-exponent>
					<curve-exponent fillout="1" year="2075">2.293</curve-exponent>
				</smooth-renewable-subresource>
			</renewresource>
			<renewresource name="CSP_resource">
				<smooth-renewable-subresource name="CSP_resource">
					<maxSubResource fillout="1" year="1975">11.89752</maxSubResource>
					<maxSubResource fillout="1" year="2035">12.25282</maxSubResource>
					<maxSubResource fillout="1" year="2075">12.22759</maxSubResource>
					<mid-price fillout="1" year="1975">6.7</mid-price>
					<mid-price fillout="1" year="2035">6.0</mid-price>
					<mid-price fillout="1" year="2075">6.7</mid-price>
					<curve-exponent fillout="1" year="1975">2.61</curve-exponent>
					<curve-exponent fillout="1" year="2035">2.729</curve-exponent>
					<curve-exponent fillout="1" year="2075">2.89</curve-exponent>
				</smooth-renewable-subresource>
			</renewresource>
		</region>
		<region name="China">
			<unlimited-resource delete="1" name="global solar resource"/>
			<renewresource name="PV_resource">
				<smooth-renewable-subresource name="PV_resource">
					<maxSubResource fillout="1" year="1975">45.56527</maxSubResource>
					<maxSubResource fillout="1" year="2035">45.67791</maxSubResource>
					<maxSubResource fillout="1" year="2075">45.9509</maxSubResource>
					<mid-price fillout="1" year="1975">4.1</mid-price>
					<mid-price fillout="1" year="2035">4.6</mid-price>
					<mid-price fillout="1" year="2075">4.5</mid-price>
					<curve-exponent fillout="1" year="1975">1.371</curve-exponent>
					<curve-exponent fillout="1" year="2035">1.494</curve-exponent>
					<curve-exponent fillout="1" year="2075">1.481</curve-exponent>
				</smooth-renewable-subresource>
			</renewresource>
			<renewresource name="CSP_resource">
				<smooth-renewable-subresource name="CSP_resource">
					<maxSubResource fillout="1" year="1975">12.39942</maxSubResource>
					<maxSubResource fillout="1" year="2035">12.54718</maxSubResource>
					<maxSubResource fillout="1" year="2075">12.76517</maxSubResource>
					<mid-price fillout="1" year="1975">9.1</mid-price>
					<mid-price fillout="1" year="2035">9.1</mid-price>
					<mid-price fillout="1" year="2075">9.0</mid-price>
					<curve-exponent fillout="1" year="1975">4.697</curve-exponent>
					<curve-exponent fillout="1" year="2035">4.923</curve-exponent>
					<curve-exponent fillout="1" year="2075">4.962</curve-exponent>
				</smooth-renewable-subresource>
			</renewresource>
		</region>
		<region name="EU-12">
			<unlimited-resource delete="1" name="global solar resource"/>
			<renewresource name="PV_resource">
				<smooth-renewable-subresource name="PV_resource">
					<maxSubResource fillout="1" year="1975">1.44345</maxSubResource>
					<maxSubResource fillout="1" year="2035">1.58585</maxSubResource>
					<maxSubResource fillout="1" year="2075">1.6179</maxSubResource>
					<mid-price fillout="1" year="1975">7.4</mid-price>
					<mid-price fillout="1" year="2035">6.8</mid-price>
					<mid-price fillout="1" year="2075">6.4</mid-price>
					<curve-exponent fillout="1" year="1975">3.541</curve-exponent>
					<curve-exponent fillout="1" year="2035">3.762</curve-exponent>
					<curve-exponent fillout="1" year="2075">3.671</curve-exponent>
				</smooth-renewable-subresource>
			</renewresource>
			<renewresource name="CSP_resource">
				<smooth-renewable-subresource name="CSP_resource">
					<maxSubResource fillout="1" year="1975">0.1784</maxSubResource>
					<maxSubResource fillout="1" year="2035">0.25929</maxSubResource>
					<maxSubResource fillout="1" year="2075">0.27878</maxSubResource>
					<mid-price fillout="1" year="1975">19.3</mid-price>
					<mid-price fillout="1" year="2035">18.2</mid-price>
					<mid-price fillout="1" year="2075">17.1</mid-price>
					<curve-exponent fillout="1" year="1975">15.0</curve-exponent>
					<curve-exponent fillout="1" year="2035">3.833</curve-exponent>
					<curve-exponent fillout="1" year="2075">2.804</curve-exponent>
				</smooth-renewable-subresource>
			</renewresource>
		</region>
		<region name="EU-15">
			<unlimited-resource delete="1" name="global solar resource"/>
			<renewresource name="PV_resource">
				<smooth-renewable-subresource name="PV_resource">
					<maxSubResource fillout="1" year="1975">4.34721</maxSubResource>
					<maxSubResource fillout="1" year="2035">4.60618</maxSubResource>
					<maxSubResource fillout="1" year="2075">4.63939</maxSubResource>
					<mid-price fillout="1" year="1975">6.9</mid-price>
					<mid-price fillout="1" year="2035">6.3</mid-price>
					<mid-price fillout="1" year="2075">6.3</mid-price>
					<curve-exponent fillout="1" year="1975">1.812</curve-exponent>
					<curve-exponent fillout="1" year="2035">1.883</curve-exponent>
					<curve-exponent fillout="1" year="2075">1.895</curve-exponent>
				</smooth-renewable-subresource>
			</renewresource>
			<renewresource name="CSP_resource">
				<smooth-renewable-subresource name="CSP_resource">
					<maxSubResource fillout="1" year="1975">0.79591</maxSubResource>
					<maxSubResource fillout="1" year="2035">0.95699</maxSubResource>
					<maxSubResource fillout="1" year="2075">0.96566</maxSubResource>
					<mid-price fillout="1" year="1975">12.9</mid-price>
					<mid-price fillout="1" year="2035">11.1</mid-price>
					<mid-price fillout="1" year="2075">11.6</mid-price>
					<curve-exponent fillout="1" year="1975">2.356</curve-exponent>
					<curve-exponent fillout="1" year="2035">2.233</curve-exponent>
					<curve-exponent fillout="1" year="2075">2.377</curve-exponent>
				</smooth-renewable-subresource>
			</renewresource>
		</region>
		<region name="Europe_Eastern">
			<unlimited-resource delete="1" name="global solar resource"/>
			<renewresource name="PV_resource">
				<smooth-renewable-subresource name="PV_resource">
					<maxSubResource fillout="1" year="1975">1.52172</maxSubResource>
					<maxSubResource fillout="1" year="2035">1.66304</maxSubResource>
					<maxSubResource fillout="1" year="2075">1.67534</maxSubResource>
					<mid-price fillout="1" year="1975">3.3</mid-price>
					<mid-price fillout="1" year="2035">3.1</mid-price>
					<mid-price fillout="1" year="2075">3.0</mid-price>
					<curve-exponent fillout="1" year="1975">2.72</curve-exponent>
					<curve-exponent fillout="1" year="2035">2.94</curve-exponent>
					<curve-exponent fillout="1" year="2075">2.797</curve-exponent>
				</smooth-renewable-subresource>
			</renewresource>
			<renewresource name="CSP_resource">
				<smooth-renewable-subresource name="CSP_resource">
					<maxSubResource fillout="1" year="1975">0.17331</maxSubResource>
					<maxSubResource fillout="1" year="2035">0.26044</maxSubResource>
					<maxSubResource fillout="1" year="2075">0.26633</maxSubResource>
					<mid-price fillout="1" year="1975">6.0</mid-price>
					<mid-price fillout="1" year="2035">11.4</mid-price>
					<mid-price fillout="1" year="2075">11.9</mid-price>
					<curve-exponent fillout="1" year="1975">14.796</curve-exponent>
					<curve-exponent fillout="1" year="2035">5.418</curve-exponent>
					<curve-exponent fillout="1" year="2075">5.144</curve-exponent>
				</smooth-renewable-subresource>
			</renewresource>
		</region>
		<region name="Europe_Non_EU">
			<unlimited-resource delete="1" name="global solar resource"/>
			<renewresource name="PV_resource">
				<smooth-renewable-subresource name="PV_resource">
					<maxSubResource fillout="1" year="1975">2.14938</maxSubResource>
					<maxSubResource fillout="1" year="2035">2.24494</maxSubResource>
					<maxSubResource fillout="1" year="2075">2.27406</maxSubResource>
					<mid-price fillout="1" year="1975">6.3</mid-price>
					<mid-price fillout="1" year="2035">6.1</mid-price>
					<mid-price fillout="1" year="2075">5.9</mid-price>
					<curve-exponent fillout="1" year="1975">3.081</curve-exponent>
					<curve-exponent fillout="1" year="2035">3.225</curve-exponent>
					<curve-exponent fillout="1" year="2075">3.174</curve-exponent>
				</smooth-renewable-subresource>
			</renewresource>
			<renewresource name="CSP_resource">
				<smooth-renewable-subresource name="CSP_resource">
					<maxSubResource fillout="1" year="1975">0.49301</maxSubResource>
					<maxSubResource fillout="1" year="2035">0.56488</maxSubResource>
					<maxSubResource fillout="1" year="2075">0.60666</maxSubResource>
					<mid-price fillout="1" year="1975">5.3</mid-price>
					<mid-price fillout="1" year="2035">5.3</mid-price>
					<mid-price fillout="1" year="2075">5.3</mid-price>
					<curve-exponent fillout="1" year="1975">2.353</curve-exponent>
					<curve-exponent fillout="1" year="2035">3.135</curve-exponent>
					<curve-exponent fillout="1" year="2075">3.103</curve-exponent>
				</smooth-renewable-subresource>
			</renewresource>
		</region>
		<region name="European Free Trade Association">
			<unlimited-resource delete="1" name="global solar resource"/>
			<renewresource name="PV_resource">
				<smooth-renewable-subresource name="PV_resource">
					<maxSubResource fillout="1" year="1975">0.17177</maxSubResource>
					<maxSubResource fillout="1" year="2035">0.17613</maxSubResource>
					<maxSubResource fillout="1" year="2075">0.1768</maxSubResource>
					<mid-price fillout="1" year="1975">3.0</mid-price>
					<mid-price fillout="1" year="2035">3.1</mid-price>
					<mid-price fillout="1" year="2075">3.1</mid-price>
					<curve-exponent fillout="1" year="1975">10.361</curve-exponent>
					<curve-exponent fillout="1" year="2035">5.575</curve-exponent>
					<curve-exponent fillout="1" year="2075">5.17</curve-exponent>
				</smooth-renewable-subresource>
			</renewresource>
			<renewresource name="CSP_resource">
				<smooth-renewable-subresource name="CSP_resource">
					<maxSubResource fillout="1" year="1975">0.01179</maxSubResource>
					<maxSubResource fillout="1" year="2035">0.0141</maxSubResource>
					<maxSubResource fillout="1" year="2075">0.01412</maxSubResource>
					<mid-price fillout="1" year="1975">21.5</mid-price>
					<mid-price fillout="1" year="2035">21.5</mid-price>
					<mid-price fillout="1" year="2075">21.5</mid-price>
					<curve-exponent fillout="1" year="1975">9.449</curve-exponent>
					<curve-exponent fillout="1" year="2035">9.449</curve-exponent>
					<curve-exponent fillout="1" year="2075">9.449</curve-exponent>
				</smooth-renewable-subresource>
			</renewresource>
		</region>
		<region name="India">
			<unlimited-resource delete="1" name="global solar resource"/>
			<renewresource name="PV_resource">
				<smooth-renewable-subresource name="PV_resource">
					<maxSubResource fillout="1" year="1975">13.92869</maxSubResource>
					<maxSubResource fillout="1" year="2035">13.61826</maxSubResource>
					<maxSubResource fillout="1" year="2075">13.83033</maxSubResource>
					<mid-price fillout="1" year="1975">3.4</mid-price>
					<mid-price fillout="1" year="2035">3.2</mid-price>
					<mid-price fillout="1" year="2075">3.1</mid-price>
					<curve-exponent fillout="1" year="1975">4.77</curve-exponent>
					<curve-exponent fillout="1" year="2035">4.506</curve-exponent>
					<curve-exponent fillout="1" year="2075">4.484</curve-exponent>
				</smooth-renewable-subresource>
			</renewresource>
			<renewresource name="CSP_resource">
				<smooth-renewable-subresource name="CSP_resource">
					<maxSubResource fillout="1" year="1975">6.15084</maxSubResource>
					<maxSubResource fillout="1" year="2035">5.95719</maxSubResource>
					<maxSubResource fillout="1" year="2075">6.15921</maxSubResource>
					<mid-price fillout="1" year="1975">2.9</mid-price>
					<mid-price fillout="1" year="2035">2.8</mid-price>
					<mid-price fillout="1" year="2075">2.5</mid-price>
					<curve-exponent fillout="1" year="1975">6.671</curve-exponent>
					<curve-exponent fillout="1" year="2035">6.229</curve-exponent>
					<curve-exponent fillout="1" year="2075">6.807</curve-exponent>
				</smooth-renewable-subresource>
			</renewresource>
		</region>
		<region name="Indonesia">
			<unlimited-resource delete="1" name="global solar resource"/>
			<renewresource name="PV_resource">
				<smooth-renewable-subresource name="PV_resource">
					<maxSubResource fillout="1" year="1975">1.81357</maxSubResource>
					<maxSubResource fillout="1" year="2035">1.79384</maxSubResource>
					<maxSubResource fillout="1" year="2075">1.7944</maxSubResource>
					<mid-price fillout="1" year="1975">10.7</mid-price>
					<mid-price fillout="1" year="2035">10.4</mid-price>
					<mid-price fillout="1" year="2075">10.4</mid-price>
					<curve-exponent fillout="1" year="1975">1.389</curve-exponent>
					<curve-exponent fillout="1" year="2035">1.341</curve-exponent>
					<curve-exponent fillout="1" year="2075">1.335</curve-exponent>
				</smooth-renewable-subresource>
			</renewresource>
			<renewresource name="CSP_resource">
				<smooth-renewable-subresource name="CSP_resource">
					<maxSubResource fillout="1" year="1975">0.79602</maxSubResource>
					<maxSubResource fillout="1" year="2035">0.79112</maxSubResource>
					<maxSubResource fillout="1" year="2075">0.78996</maxSubResource>
					<mid-price fillout="1" year="1975">4.4</mid-price>
					<mid-price fillout="1" year="2035">4.3</mid-price>
					<mid-price fillout="1" year="2075">4.2</mid-price>
					<curve-exponent fillout="1" year="1975">3.754</curve-exponent>
					<curve-exponent fillout="1" year="2035">3.279</curve-exponent>
					<curve-exponent fillout="1" year="2075">3.32</curve-exponent>
				</smooth-renewable-subresource>
			</renewresource>
		</region>
		<region name="Japan">
			<unlimited-resource delete="1" name="global solar resource"/>
			<renewresource name="PV_resource">
				<smooth-renewable-subresource name="PV_resource">
					<maxSubResource fillout="1" year="1975">0.14922</maxSubResource>
					<maxSubResource fillout="1" year="2035">0.15532</maxSubResource>
					<maxSubResource fillout="1" year="2075">0.15659</maxSubResource>
					<mid-price fillout="1" year="1975">0.6</mid-price>
					<mid-price fillout="1" year="2035">0.5</mid-price>
					<mid-price fillout="1" year="2075">0.4</mid-price>
					<curve-exponent fillout="1" year="1975">1.0</curve-exponent>
					<curve-exponent fillout="1" year="2035">1.0</curve-exponent>
					<curve-exponent fillout="1" year="2075">1.0</curve-exponent>
				</smooth-renewable-subresource>
			</renewresource>
			<renewresource name="CSP_resource">
				<smooth-renewable-subresource name="CSP_resource">
					<maxSubResource fillout="1" year="1975">0.02565</maxSubResource>
					<maxSubResource fillout="1" year="2035">0.031</maxSubResource>
					<maxSubResource fillout="1" year="2075">0.03199</maxSubResource>
					<mid-price fillout="1" year="1975">7.0</mid-price>
					<mid-price fillout="1" year="2035">6.4</mid-price>
					<mid-price fillout="1" year="2075">6.4</mid-price>
					<curve-exponent fillout="1" year="1975">1.812</curve-exponent>
					<curve-exponent fillout="1" year="2035">2.791</curve-exponent>
					<curve-exponent fillout="1" year="2075">2.887</curve-exponent>
				</smooth-renewable-subresource>
			</renewresource>
		</region>
		<region name="Mexico">
			<unlimited-resource delete="1" name="global solar resource"/>
			<renewresource name="PV_resource">
				<smooth-renewable-subresource name="PV_resource">
					<maxSubResource fillout="1" year="1975">11.82048</maxSubResource>
					<maxSubResource fillout="1" year="2035">11.9559</maxSubResource>
					<maxSubResource fillout="1" year="2075">11.99154</maxSubResource>
					<mid-price fillout="1" year="1975">2.9</mid-price>
					<mid-price fillout="1" year="2035">2.8</mid-price>
					<mid-price fillout="1" year="2075">2.7</mid-price>
					<curve-exponent fillout="1" year="1975">1.874</curve-exponent>
					<curve-exponent fillout="1" year="2035">1.816</curve-exponent>
					<curve-exponent fillout="1" year="2075">1.809</curve-exponent>
				</smooth-renewable-subresource>
			</renewresource>
			<renewresource name="CSP_resource">
				<smooth-renewable-subresource name="CSP_resource">
					<maxSubResource fillout="1" year="1975">5.39516</maxSubResource>
					<maxSubResource fillout="1" year="2035">5.6288</maxSubResource>
					<maxSubResource fillout="1" year="2075">5.6472</maxSubResource>
					<mid-price fillout="1" year="1975">2.2</mid-price>
					<mid-price fillout="1" year="2035">1.8</mid-price>
					<mid-price fillout="1" year="2075">1.8</mid-price>
					<curve-exponent fillout="1" year="1975">3.638</curve-exponent>
					<curve-exponent fillout="1" year="2035">3.715</curve-exponent>
					<curve-exponent fillout="1" year="2075">3.914</curve-exponent>
				</smooth-renewable-subresource>
			</renewresource>
		</region>
		<region name="Middle East">
			<unlimited-resource delete="1" name="global solar resource"/>
			<renewresource name="PV_resource">
				<smooth-renewable-subresource name="PV_resource">
					<maxSubResource fillout="1" year="1975">73.77774</maxSubResource>
					<maxSubResource fillout="1" year="2035">73.17388</maxSubResource>
					<maxSubResource fillout="1" year="2075">73.64788</maxSubResource>
					<mid-price fillout="1" year="1975">1.4</mid-price>
					<mid-price fillout="1" year="2035">1.5</mid-price>
					<mid-price fillout="1" year="2075">1.4</mid-price>
					<curve-exponent fillout="1" year="1975">3.269</curve-exponent>
					<curve-exponent fillout="1" year="2035">3.476</curve-exponent>
					<curve-exponent fillout="1" year="2075">3.314</curve-exponent>
				</smooth-renewable-subresource>
			</renewresource>
			<renewresource name="CSP_resource">
				<smooth-renewable-subresource name="CSP_resource">
					<maxSubResource fillout="1" year="1975">34.90172</maxSubResource>
					<maxSubResource fillout="1" year="2035">35.04544</maxSubResource>
					<maxSubResource fillout="1" year="2075">35.66667</maxSubResource>
					<mid-price fillout="1" year="1975">2.5</mid-price>
					<mid-price fillout="1" year="2035">2.2</mid-price>
					<mid-price fillout="1" year="2075">2.0</mid-price>
					<curve-exponent fillout="1" year="1975">2.572</curve-exponent>
					<curve-exponent fillout="1" year="2035">2.59</curve-exponent>
					<curve-exponent fillout="1" year="2075">2.571</curve-exponent>
				</smooth-renewable-subresource>
			</renewresource>
		</region>
		<region name="Pakistan">
			<unlimited-resource delete="1" name="global solar resource"/>
			<renewresource name="PV_resource">
				<smooth-renewable-subresource name="PV_resource">
					<maxSubResource fillout="1" year="1975">10.32147</maxSubResource>
					<maxSubResource fillout="1" year="2035">10.14308</maxSubResource>
					<maxSubResource fillout="1" year="2075">10.32269</maxSubResource>
					<mid-price fillout="1" year="1975">1.4</mid-price>
					<mid-price fillout="1" year="2035">1.2</mid-price>
					<mid-price fillout="1" year="2075">1.4</mid-price>
					<curve-exponent fillout="1" year="1975">2.415</curve-exponent>
					<curve-exponent fillout="1" year="2035">2.088</curve-exponent>
					<curve-exponent fillout="1" year="2075">2.458</curve-exponent>
				</smooth-renewable-subresource>
			</renewresource>
			<renewresource name="CSP_resource">
				<smooth-renewable-subresource name="CSP_resource">
					<maxSubResource fillout="1" year="1975">4.683</maxSubResource>
					<maxSubResource fillout="1" year="2035">4.59258</maxSubResource>
					<maxSubResource fillout="1" year="2075">4.77058</maxSubResource>
					<mid-price fillout="1" year="1975">2.3</mid-price>
					<mid-price fillout="1" year="2035">2.1</mid-price>
					<mid-price fillout="1" year="2075">2.2</mid-price>
					<curve-exponent fillout="1" year="1975">5.149</curve-exponent>
					<curve-exponent fillout="1" year="2035">3.788</curve-exponent>
					<curve-exponent fillout="1" year="2075">5.482</curve-exponent>
				</smooth-renewable-subresource>
			</renewresource>
		</region>
		<region name="Russia">
			<unlimited-resource delete="1" name="global solar resource"/>
			<renewresource name="PV_resource">
				<smooth-renewable-subresource name="PV_resource">
					<maxSubResource fillout="1" year="1975">9.03823</maxSubResource>
					<maxSubResource fillout="1" year="2035">9.23283</maxSubResource>
					<maxSubResource fillout="1" year="2075">9.17917</maxSubResource>
					<mid-price fillout="1" year="1975">10.4</mid-price>
					<mid-price fillout="1" year="2035">10.1</mid-price>
					<mid-price fillout="1" year="2075">10.4</mid-price>
					<curve-exponent fillout="1" year="1975">1.328</curve-exponent>
					<curve-exponent fillout="1" year="2035">1.345</curve-exponent>
					<curve-exponent fillout="1" year="2075">1.398</curve-exponent>
				</smooth-renewable-subresource>
			</renewresource>
			<renewresource name="CSP_resource">
				<smooth-renewable-subresource name="CSP_resource">
					<maxSubResource fillout="1" year="1975">1.07988</maxSubResource>
					<maxSubResource fillout="1" year="2035">1.2264</maxSubResource>
					<maxSubResource fillout="1" year="2075">1.18283</maxSubResource>
					<mid-price fillout="1" year="1975">8.7</mid-price>
					<mid-price fillout="1" year="2035">11.3</mid-price>
					<mid-price fillout="1" year="2075">11.5</mid-price>
					<curve-exponent fillout="1" year="1975">15.0</curve-exponent>
					<curve-exponent fillout="1" year="2035">2.649</curve-exponent>
					<curve-exponent fillout="1" year="2075">3.549</curve-exponent>
				</smooth-renewable-subresource>
			</renewresource>
		</region>
		<region name="South Africa">
			<unlimited-resource delete="1" name="global solar resource"/>
			<renewresource name="PV_resource">
				<smooth-renewable-subresource name="PV_resource">
					<maxSubResource fillout="1" year="1975">15.18998</maxSubResource>
					<maxSubResource fillout="1" year="2035">15.24843</maxSubResource>
					<maxSubResource fillout="1" year="2075">15.11891</maxSubResource>
					<mid-price fillout="1" year="1975">1.9</mid-price>
					<mid-price fillout="1" year="2035">1.9</mid-price>
					<mid-price fillout="1" year="2075">2.0</mid-price>
					<curve-exponent fillout="1" year="1975">2.81</curve-exponent>
					<curve-exponent fillout="1" year="2035">2.814</curve-exponent>
					<curve-exponent fillout="1" year="2075">2.929</curve-exponent>
				</smooth-renewable-subresource>
			</renewresource>
			<renewresource name="CSP_resource">
				<smooth-renewable-subresource name="CSP_resource">
					<maxSubResource fillout="1" year="1975">7.20456</maxSubResource>
					<maxSubResource fillout="1" year="2035">7.34164</maxSubResource>
					<maxSubResource fillout="1" year="2075">7.19705</maxSubResource>
					<mid-price fillout="1" year="1975">0.6</mid-price>
					<mid-price fillout="1" year="2035">0.4</mid-price>
					<mid-price fillout="1" year="2075">0.6</mid-price>
					<curve-exponent fillout="1" year="1975">1.857</curve-exponent>
					<curve-exponent fillout="1" year="2035">1.477</curve-exponent>
					<curve-exponent fillout="1" year="2075">1.958</curve-exponent>
				</smooth-renewable-subresource>
			</renewresource>
		</region>
		<region name="South America_Northern">
			<unlimited-resource delete="1" name="global solar resource"/>
			<renewresource name="PV_resource">
				<smooth-renewable-subresource name="PV_resource">
					<maxSubResource fillout="1" year="1975">1.45773</maxSubResource>
					<maxSubResource fillout="1" year="2035">1.44235</maxSubResource>
					<maxSubResource fillout="1" year="2075">1.47032</maxSubResource>
					<mid-price fillout="1" year="1975">5.8</mid-price>
					<mid-price fillout="1" year="2035">5.9</mid-price>
					<mid-price fillout="1" year="2075">6.1</mid-price>
					<curve-exponent fillout="1" year="1975">3.292</curve-exponent>
					<curve-exponent fillout="1" year="2035">3.442</curve-exponent>
					<curve-exponent fillout="1" year="2075">3.515</curve-exponent>
				</smooth-renewable-subresource>
			</renewresource>
			<renewresource name="CSP_resource">
				<smooth-renewable-subresource name="CSP_resource">
					<maxSubResource fillout="1" year="1975">0.65665</maxSubResource>
					<maxSubResource fillout="1" year="2035">0.65375</maxSubResource>
					<maxSubResource fillout="1" year="2075">0.6804</maxSubResource>
					<mid-price fillout="1" year="1975">3.4</mid-price>
					<mid-price fillout="1" year="2035">3.5</mid-price>
					<mid-price fillout="1" year="2075">3.0</mid-price>
					<curve-exponent fillout="1" year="1975">5.949</curve-exponent>
					<curve-exponent fillout="1" year="2035">7.329</curve-exponent>
					<curve-exponent fillout="1" year="2075">6.287</curve-exponent>
				</smooth-renewable-subresource>
			</renewresource>
		</region>
		<region name="South America_Southern">
			<unlimited-resource delete="1" name="global solar resource"/>
			<renewresource name="PV_resource">
				<smooth-renewable-subresource name="PV_resource">
					<maxSubResource fillout="1" year="1975">7.44537</maxSubResource>
					<maxSubResource fillout="1" year="2035">7.55745</maxSubResource>
					<maxSubResource fillout="1" year="2075">7.5673</maxSubResource>
					<mid-price fillout="1" year="1975">11.2</mid-price>
					<mid-price fillout="1" year="2035">10.9</mid-price>
					<mid-price fillout="1" year="2075">10.9</mid-price>
					<curve-exponent fillout="1" year="1975">2.356</curve-exponent>
					<curve-exponent fillout="1" year="2035">2.358</curve-exponent>
					<curve-exponent fillout="1" year="2075">2.375</curve-exponent>
				</smooth-renewable-subresource>
			</renewresource>
			<renewresource name="CSP_resource">
				<smooth-renewable-subresource name="CSP_resource">
					<maxSubResource fillout="1" year="1975">3.33614</maxSubResource>
					<maxSubResource fillout="1" year="2035">3.45611</maxSubResource>
					<maxSubResource fillout="1" year="2075">3.47203</maxSubResource>
					<mid-price fillout="1" year="1975">3.1</mid-price>
					<mid-price fillout="1" year="2035">3.3</mid-price>
					<mid-price fillout="1" year="2075">3.4</mid-price>
					<curve-exponent fillout="1" year="1975">2.156</curve-exponent>
					<curve-exponent fillout="1" year="2035">2.364</curve-exponent>
					<curve-exponent fillout="1" year="2075">2.441</curve-exponent>
				</smooth-renewable-subresource>
			</renewresource>
		</region>
		<region name="South Asia">
			<unlimited-resource delete="1" name="global solar resource"/>
			<renewresource name="PV_resource">
				<smooth-renewable-subresource name="PV_resource">
					<maxSubResource fillout="1" year="1975">6.36888</maxSubResource>
					<maxSubResource fillout="1" year="2035">6.36879</maxSubResource>
					<maxSubResource fillout="1" year="2075">6.38331</maxSubResource>
					<mid-price fillout="1" year="1975">1.5</mid-price>
					<mid-price fillout="1" year="2035">1.1</mid-price>
					<mid-price fillout="1" year="2075">1.5</mid-price>
					<curve-exponent fillout="1" year="1975">1.162</curve-exponent>
					<curve-exponent fillout="1" year="2035">1.0</curve-exponent>
					<curve-exponent fillout="1" year="2075">1.163</curve-exponent>
				</smooth-renewable-subresource>
			</renewresource>
			<renewresource name="CSP_resource">
				<smooth-renewable-subresource name="CSP_resource">
					<maxSubResource fillout="1" year="1975">2.64224</maxSubResource>
					<maxSubResource fillout="1" year="2035">2.6917</maxSubResource>
					<maxSubResource fillout="1" year="2075">2.73423</maxSubResource>
					<mid-price fillout="1" year="1975">1.7</mid-price>
					<mid-price fillout="1" year="2035">0.7</mid-price>
					<mid-price fillout="1" year="2075">0.9</mid-price>
					<curve-exponent fillout="1" year="1975">1.938</curve-exponent>
					<curve-exponent fillout="1" year="2035">1.16</curve-exponent>
					<curve-exponent fillout="1" year="2075">1.342</curve-exponent>
				</smooth-renewable-subresource>
			</renewresource>
		</region>
		<region name="South Korea">
			<unlimited-resource delete="1" name="global solar resource"/>
			<renewresource name="PV_resource">
				<smooth-renewable-subresource name="PV_resource">
					<maxSubResource fillout="1" year="1975">0.10174</maxSubResource>
					<maxSubResource fillout="1" year="2035">0.10611</maxSubResource>
					<maxSubResource fillout="1" year="2075">0.10592</maxSubResource>
					<mid-price fillout="1" year="1975">3.8</mid-price>
					<mid-price fillout="1" year="2035">3.7</mid-price>
					<mid-price fillout="1" year="2075">3.9</mid-price>
					<curve-exponent fillout="1" year="1975">1.225</curve-exponent>
					<curve-exponent fillout="1" year="2035">1.162</curve-exponent>
					<curve-exponent fillout="1" year="2075">1.233</curve-exponent>
				</smooth-renewable-subresource>
			</renewresource>
			<renewresource name="CSP_resource">
				<smooth-renewable-subresource name="CSP_resource">
					<maxSubResource fillout="1" year="1975">0.02245</maxSubResource>
					<maxSubResource fillout="1" year="2035">0.02555</maxSubResource>
					<maxSubResource fillout="1" year="2075">0.02555</maxSubResource>
					<mid-price fillout="1" year="1975">4.0</mid-price>
					<mid-price fillout="1" year="2035">2.8</mid-price>
					<mid-price fillout="1" year="2075">3.3</mid-price>
					<curve-exponent fillout="1" year="1975">5.129</curve-exponent>
					<curve-exponent fillout="1" year="2035">4.889</curve-exponent>
					<curve-exponent fillout="1" year="2075">5.116</curve-exponent>
				</smooth-renewable-subresource>
			</renewresource>
		</region>
		<region name="Southeast Asia">
			<unlimited-resource delete="1" name="global solar resource"/>
			<renewresource name="PV_resource">
				<smooth-renewable-subresource name="PV_resource">
					<maxSubResource fillout="1" year="1975">5.12339</maxSubResource>
					<maxSubResource fillout="1" year="2035">5.15257</maxSubResource>
					<maxSubResource fillout="1" year="2075">5.13621</maxSubResource>
					<mid-price fillout="1" year="1975">5.4</mid-price>
					<mid-price fillout="1" year="2035">5.2</mid-price>
					<mid-price fillout="1" year="2075">5.7</mid-price>
					<curve-exponent fillout="1" year="1975">2.07</curve-exponent>
					<curve-exponent fillout="1" year="2035">2.036</curve-exponent>
					<curve-exponent fillout="1" year="2075">2.193</curve-exponent>
				</smooth-renewable-subresource>
			</renewresource>
			<renewresource name="CSP_resource">
				<smooth-renewable-subresource name="CSP_resource">
					<maxSubResource fillout="1" year="1975">2.15728</maxSubResource>
					<maxSubResource fillout="1" year="2035">2.22843</maxSubResource>
					<maxSubResource fillout="1" year="2075">2.20575</maxSubResource>
					<mid-price fillout="1" year="1975">3.5</mid-price>
					<mid-price fillout="1" year="2035">3.1</mid-price>
					<mid-price fillout="1" year="2075">3.3</mid-price>
					<curve-exponent fillout="1" year="1975">4.632</curve-exponent>
					<curve-exponent fillout="1" year="2035">4.136</curve-exponent>
					<curve-exponent fillout="1" year="2075">4.244</curve-exponent>
				</smooth-renewable-subresource>
			</renewresource>
		</region>
		<region name="Taiwan">
			<unlimited-resource delete="1" name="global solar resource"/>
			<renewresource name="PV_resource">
				<smooth-renewable-subresource name="PV_resource">
					<maxSubResource fillout="1" year="1975">0.05066</maxSubResource>
					<maxSubResource fillout="1" year="2035">0.0533</maxSubResource>
					<maxSubResource fillout="1" year="2075">0.05437</maxSubResource>
					<mid-price fillout="1" year="1975">0.7</mid-price>
					<mid-price fillout="1" year="2035">0.6</mid-price>
					<mid-price fillout="1" year="2075">0.3</mid-price>
					<curve-exponent fillout="1" year="1975">1.685</curve-exponent>
					<curve-exponent fillout="1" year="2035">2.356</curve-exponent>
					<curve-exponent fillout="1" year="2075">1.0</curve-exponent>
				</smooth-renewable-subresource>
			</renewresource>
			<renewresource name="CSP_resource">
				<smooth-renewable-subresource name="CSP_resource">
					<maxSubResource fillout="1" year="1975">0.01563</maxSubResource>
					<maxSubResource fillout="1" year="2035">0.01903</maxSubResource>
					<maxSubResource fillout="1" year="2075">0.02039</maxSubResource>
					<mid-price fillout="1" year="1975">1.5</mid-price>
					<mid-price fillout="1" year="2035">1.5</mid-price>
					<mid-price fillout="1" year="2075">1.0</mid-price>
					<curve-exponent fillout="1" year="1975">1.115</curve-exponent>
					<curve-exponent fillout="1" year="2035">1.758</curve-exponent>
					<curve-exponent fillout="1" year="2075">1.595</curve-exponent>
				</smooth-renewable-subresource>
			</renewresource>
		</region>
		<region name="Argentina">
			<unlimited-resource delete="1" name="global solar resource"/>
			<renewresource name="PV_resource">
				<smooth-renewable-subresource name="PV_resource">
					<maxSubResource fillout="1" year="1975">17.2735</maxSubResource>
					<maxSubResource fillout="1" year="2035">17.16567</maxSubResource>
					<maxSubResource fillout="1" year="2075">17.30133</maxSubResource>
					<mid-price fillout="1" year="1975">6.3</mid-price>
					<mid-price fillout="1" year="2035">6.1</mid-price>
					<mid-price fillout="1" year="2075">6.4</mid-price>
					<curve-exponent fillout="1" year="1975">2.206</curve-exponent>
					<curve-exponent fillout="1" year="2035">2.149</curve-exponent>
					<curve-exponent fillout="1" year="2075">2.255</curve-exponent>
				</smooth-renewable-subresource>
			</renewresource>
			<renewresource name="CSP_resource">
				<smooth-renewable-subresource name="CSP_resource">
					<maxSubResource fillout="1" year="1975">4.98841</maxSubResource>
					<maxSubResource fillout="1" year="2035">4.87559</maxSubResource>
					<maxSubResource fillout="1" year="2075">5.00425</maxSubResource>
					<mid-price fillout="1" year="1975">8.8</mid-price>
					<mid-price fillout="1" year="2035">9.8</mid-price>
					<mid-price fillout="1" year="2075">9.4</mid-price>
					<curve-exponent fillout="1" year="1975">3.206</curve-exponent>
					<curve-exponent fillout="1" year="2035">3.577</curve-exponent>
					<curve-exponent fillout="1" year="2075">3.394</curve-exponent>
				</smooth-renewable-subresource>
			</renewresource>
		</region>
		<region name="Colombia">
			<unlimited-resource delete="1" name="global solar resource"/>
			<renewresource name="PV_resource">
				<smooth-renewable-subresource name="PV_resource">
					<maxSubResource fillout="1" year="1975">1.35023</maxSubResource>
					<maxSubResource fillout="1" year="2035">1.3435</maxSubResource>
					<maxSubResource fillout="1" year="2075">1.35629</maxSubResource>
					<mid-price fillout="1" year="1975">9.5</mid-price>
					<mid-price fillout="1" year="2035">9.4</mid-price>
					<mid-price fillout="1" year="2075">9.3</mid-price>
					<curve-exponent fillout="1" year="1975">3.321</curve-exponent>
					<curve-exponent fillout="1" year="2035">3.299</curve-exponent>
					<curve-exponent fillout="1" year="2075">3.259</curve-exponent>
				</smooth-renewable-subresource>
			</renewresource>
			<renewresource name="CSP_resource">
				<smooth-renewable-subresource name="CSP_resource">
					<maxSubResource fillout="1" year="1975">0.54635</maxSubResource>
					<maxSubResource fillout="1" year="2035">0.54931</maxSubResource>
					<maxSubResource fillout="1" year="2075">0.56016</maxSubResource>
					<mid-price fillout="1" year="1975">5.6</mid-price>
					<mid-price fillout="1" year="2035">5.5</mid-price>
					<mid-price fillout="1" year="2075">5.3</mid-price>
					<curve-exponent fillout="1" year="1975">4.304</curve-exponent>
					<curve-exponent fillout="1" year="2035">4.463</curve-exponent>
					<curve-exponent fillout="1" year="2075">4.419</curve-exponent>
				</smooth-renewable-subresource>
			</renewresource>
		</region>
		<region name="Uruguay">
			<unlimited-resource delete="1" name="global solar resource"/>
			<renewresource name="PV_resource">
				<smooth-renewable-subresource name="PV_resource">
					<maxSubResource fillout="1" year="1975">0.64909</maxSubResource>
					<maxSubResource fillout="1" year="2035">0.63991</maxSubResource>
					<maxSubResource fillout="1" year="2075">0.64483</maxSubResource>
					<mid-price fillout="1" year="1975">7.8</mid-price>
					<mid-price fillout="1" year="2035">8.0</mid-price>
					<mid-price fillout="1" year="2075">7.9</mid-price>
					<curve-exponent fillout="1" year="1975">5.368</curve-exponent>
					<curve-exponent fillout="1" year="2035">5.258</curve-exponent>
					<curve-exponent fillout="1" year="2075">5.264</curve-exponent>
				</smooth-renewable-subresource>
			</renewresource>
			<renewresource name="CSP_resource">
				<smooth-renewable-subresource name="CSP_resource">
					<maxSubResource fillout="1" year="1975">0.17779</maxSubResource>
					<maxSubResource fillout="1" year="2035">0.17319</maxSubResource>
					<maxSubResource fillout="1" year="2075">0.17666</maxSubResource>
					<mid-price fillout="1" year="1975">2.4</mid-price>
					<mid-price fillout="1" year="2035">2.8</mid-price>
					<mid-price fillout="1" year="2075">2.6</mid-price>
					<curve-exponent fillout="1" year="1975">5.641</curve-exponent>
					<curve-exponent fillout="1" year="2035">5.346</curve-exponent>
					<curve-exponent fillout="1" year="2075">4.14</curve-exponent>
				</smooth-renewable-subresource>
			</renewresource>
		</region>
		<global-technology-database>
			<location-info sector-name="H2 central production" subsector-name="solar">
				<technology name="electrolysis">
					<period year="1975">
						<minicam-energy-input delete="1" name="global solar resource"/>
						<minicam-energy-input name="PV_resource">
							<efficiency>0.626</efficiency>
							<flag>Resource</flag>
						</minicam-energy-input>
					</period>
					<period year="1990">
						<minicam-energy-input delete="1" name="global solar resource"/>
						<minicam-energy-input name="PV_resource">
							<efficiency>0.626</efficiency>
							<flag>Resource</flag>
						</minicam-energy-input>
					</period>
					<period year="2005">
						<minicam-energy-input delete="1" name="global solar resource"/>
						<minicam-energy-input name="PV_resource">
							<efficiency>0.626</efficiency>
							<flag>Resource</flag>
						</minicam-energy-input>
					</period>
					<period year="2010">
						<minicam-energy-input delete="1" name="global solar resource"/>
						<minicam-energy-input name="PV_resource">
							<efficiency>0.626</efficiency>
							<flag>Resource</flag>
						</minicam-energy-input>
					</period>
					<period year="2015">
						<minicam-energy-input delete="1" name="global solar resource"/>
						<minicam-energy-input name="PV_resource">
							<efficiency>0.626</efficiency>
							<flag>Resource</flag>
						</minicam-energy-input>
					</period>
					<period year="2020">
						<minicam-energy-input delete="1" name="global solar resource"/>
						<minicam-energy-input name="PV_resource">
							<efficiency>0.626</efficiency>
							<flag>Resource</flag>
						</minicam-energy-input>
					</period>
					<period year="2025">
						<minicam-energy-input delete="1" name="global solar resource"/>
						<minicam-energy-input name="PV_resource">
							<efficiency>0.635</efficiency>
							<flag>Resource</flag>
						</minicam-energy-input>
					</period>
					<period year="2030">
						<minicam-energy-input delete="1" name="global solar resource"/>
						<minicam-energy-input name="PV_resource">
							<efficiency>0.645</efficiency>
							<flag>Resource</flag>
						</minicam-energy-input>
					</period>
					<period year="2035">
						<minicam-energy-input delete="1" name="global solar resource"/>
						<minicam-energy-input name="PV_resource">
							<efficiency>0.654</efficiency>
							<flag>Resource</flag>
						</minicam-energy-input>
					</period>
					<period year="2040">
						<minicam-energy-input delete="1" name="global solar resource"/>
						<minicam-energy-input name="PV_resource">
							<efficiency>0.663</efficiency>
							<flag>Resource</flag>
						</minicam-energy-input>
					</period>
					<period year="2045">
						<minicam-energy-input delete="1" name="global solar resource"/>
						<minicam-energy-input name="PV_resource">
							<efficiency>0.673</efficiency>
							<flag>Resource</flag>
						</minicam-energy-input>
					</period>
					<period year="2050">
						<minicam-energy-input delete="1" name="global solar resource"/>
						<minicam-energy-input name="PV_resource">
							<efficiency>0.682</efficiency>
							<flag>Resource</flag>
						</minicam-energy-input>
					</period>
					<period year="2055">
						<minicam-energy-input delete="1" name="global solar resource"/>
						<minicam-energy-input name="PV_resource">
							<efficiency>0.692</efficiency>
							<flag>Resource</flag>
						</minicam-energy-input>
					</period>
					<period year="2060">
						<minicam-energy-input delete="1" name="global solar resource"/>
						<minicam-energy-input name="PV_resource">
							<efficiency>0.702</efficiency>
							<flag>Resource</flag>
						</minicam-energy-input>
					</period>
					<period year="2065">
						<minicam-energy-input delete="1" name="global solar resource"/>
						<minicam-energy-input name="PV_resource">
							<efficiency>0.712</efficiency>
							<flag>Resource</flag>
						</minicam-energy-input>
					</period>
					<period year="2070">
						<minicam-energy-input delete="1" name="global solar resource"/>
						<minicam-energy-input name="PV_resource">
							<efficiency>0.716</efficiency>
							<flag>Resource</flag>
						</minicam-energy-input>
					</period>
					<period year="2075">
						<minicam-energy-input delete="1" name="global solar resource"/>
						<minicam-energy-input name="PV_resource">
							<efficiency>0.719</efficiency>
							<flag>Resource</flag>
						</minicam-energy-input>
					</period>
					<period year="2080">
						<minicam-energy-input delete="1" name="global solar resource"/>
						<minicam-energy-input name="PV_resource">
							<efficiency>0.723</efficiency>
							<flag>Resource</flag>
						</minicam-energy-input>
					</period>
					<period year="2085">
						<minicam-energy-input delete="1" name="global solar resource"/>
						<minicam-energy-input name="PV_resource">
							<efficiency>0.727</efficiency>
							<flag>Resource</flag>
						</minicam-energy-input>
					</period>
					<period year="2090">
						<minicam-energy-input delete="1" name="global solar resource"/>
						<minicam-energy-input name="PV_resource">
							<efficiency>0.73</efficiency>
							<flag>Resource</flag>
						</minicam-energy-input>
					</period>
					<period year="2095">
						<minicam-energy-input delete="1" name="global solar resource"/>
						<minicam-energy-input name="PV_resource">
							<efficiency>0.734</efficiency>
							<flag>Resource</flag>
						</minicam-energy-input>
					</period>
					<period year="2100">
						<minicam-energy-input delete="1" name="global solar resource"/>
						<minicam-energy-input name="PV_resource">
							<efficiency>0.734</efficiency>
							<flag>Resource</flag>
						</minicam-energy-input>
					</period>
				</technology>
			</location-info>
			<location-info sector-name="elec_CSP" subsector-name="CSP">
				<intermittent-technology name="CSP (dry_hybrid)">
					<period year="1975">
						<minicam-energy-input delete="1" name="global solar resource"/>
						<minicam-energy-input name="CSP_resource">
							<efficiency>0.95</efficiency>
							<flag>Resource</flag>
						</minicam-energy-input>
					</period>
					<period year="1990">
						<minicam-energy-input delete="1" name="global solar resource"/>
						<minicam-energy-input name="CSP_resource">
							<efficiency>0.95</efficiency>
							<flag>Resource</flag>
						</minicam-energy-input>
					</period>
					<period year="2005">
						<minicam-energy-input delete="1" name="global solar resource"/>
						<minicam-energy-input name="CSP_resource">
							<efficiency>0.95</efficiency>
							<flag>Resource</flag>
						</minicam-energy-input>
					</period>
					<period year="2010">
						<minicam-energy-input delete="1" name="global solar resource"/>
						<minicam-energy-input name="CSP_resource">
							<efficiency>0.95</efficiency>
							<flag>Resource</flag>
						</minicam-energy-input>
					</period>
					<period year="2015">
						<minicam-energy-input delete="1" name="global solar resource"/>
						<minicam-energy-input name="CSP_resource">
							<efficiency>0.95</efficiency>
							<flag>Resource</flag>
						</minicam-energy-input>
					</period>
					<period year="2020">
						<minicam-energy-input delete="1" name="global solar resource"/>
						<minicam-energy-input name="CSP_resource">
							<efficiency>0.95</efficiency>
							<flag>Resource</flag>
						</minicam-energy-input>
					</period>
					<period year="2025">
						<minicam-energy-input delete="1" name="global solar resource"/>
						<minicam-energy-input name="CSP_resource">
							<efficiency>0.95</efficiency>
							<flag>Resource</flag>
						</minicam-energy-input>
					</period>
					<period year="2030">
						<minicam-energy-input delete="1" name="global solar resource"/>
						<minicam-energy-input name="CSP_resource">
							<efficiency>0.95</efficiency>
							<flag>Resource</flag>
						</minicam-energy-input>
					</period>
					<period year="2035">
						<minicam-energy-input delete="1" name="global solar resource"/>
						<minicam-energy-input name="CSP_resource">
							<efficiency>0.95</efficiency>
							<flag>Resource</flag>
						</minicam-energy-input>
					</period>
					<period year="2040">
						<minicam-energy-input delete="1" name="global solar resource"/>
						<minicam-energy-input name="CSP_resource">
							<efficiency>0.95</efficiency>
							<flag>Resource</flag>
						</minicam-energy-input>
					</period>
					<period year="2045">
						<minicam-energy-input delete="1" name="global solar resource"/>
						<minicam-energy-input name="CSP_resource">
							<efficiency>0.95</efficiency>
							<flag>Resource</flag>
						</minicam-energy-input>
					</period>
					<period year="2050">
						<minicam-energy-input delete="1" name="global solar resource"/>
						<minicam-energy-input name="CSP_resource">
							<efficiency>0.95</efficiency>
							<flag>Resource</flag>
						</minicam-energy-input>
					</period>
					<period year="2055">
						<minicam-energy-input delete="1" name="global solar resource"/>
						<minicam-energy-input name="CSP_resource">
							<efficiency>0.95</efficiency>
							<flag>Resource</flag>
						</minicam-energy-input>
					</period>
					<period year="2060">
						<minicam-energy-input delete="1" name="global solar resource"/>
						<minicam-energy-input name="CSP_resource">
							<efficiency>0.95</efficiency>
							<flag>Resource</flag>
						</minicam-energy-input>
					</period>
					<period year="2065">
						<minicam-energy-input delete="1" name="global solar resource"/>
						<minicam-energy-input name="CSP_resource">
							<efficiency>0.95</efficiency>
							<flag>Resource</flag>
						</minicam-energy-input>
					</period>
					<period year="2070">
						<minicam-energy-input delete="1" name="global solar resource"/>
						<minicam-energy-input name="CSP_resource">
							<efficiency>0.95</efficiency>
							<flag>Resource</flag>
						</minicam-energy-input>
					</period>
					<period year="2075">
						<minicam-energy-input delete="1" name="global solar resource"/>
						<minicam-energy-input name="CSP_resource">
							<efficiency>0.95</efficiency>
							<flag>Resource</flag>
						</minicam-energy-input>
					</period>
					<period year="2080">
						<minicam-energy-input delete="1" name="global solar resource"/>
						<minicam-energy-input name="CSP_resource">
							<efficiency>0.95</efficiency>
							<flag>Resource</flag>
						</minicam-energy-input>
					</period>
					<period year="2085">
						<minicam-energy-input delete="1" name="global solar resource"/>
						<minicam-energy-input name="CSP_resource">
							<efficiency>0.95</efficiency>
							<flag>Resource</flag>
						</minicam-energy-input>
					</period>
					<period year="2090">
						<minicam-energy-input delete="1" name="global solar resource"/>
						<minicam-energy-input name="CSP_resource">
							<efficiency>0.95</efficiency>
							<flag>Resource</flag>
						</minicam-energy-input>
					</period>
					<period year="2095">
						<minicam-energy-input delete="1" name="global solar resource"/>
						<minicam-energy-input name="CSP_resource">
							<efficiency>0.95</efficiency>
							<flag>Resource</flag>
						</minicam-energy-input>
					</period>
					<period year="2100">
						<minicam-energy-input delete="1" name="global solar resource"/>
						<minicam-energy-input name="CSP_resource">
							<efficiency>0.95</efficiency>
							<flag>Resource</flag>
						</minicam-energy-input>
					</period>
				</intermittent-technology>
				<intermittent-technology name="CSP (recirculating)">
					<period year="1975">
						<minicam-energy-input delete="1" name="global solar resource"/>
						<minicam-energy-input name="CSP_resource">
							<efficiency>1</efficiency>
							<flag>Resource</flag>
						</minicam-energy-input>
					</period>
					<period year="1990">
						<minicam-energy-input delete="1" name="global solar resource"/>
						<minicam-energy-input name="CSP_resource">
							<efficiency>1</efficiency>
							<flag>Resource</flag>
						</minicam-energy-input>
					</period>
					<period year="2005">
						<minicam-energy-input delete="1" name="global solar resource"/>
						<minicam-energy-input name="CSP_resource">
							<efficiency>1</efficiency>
							<flag>Resource</flag>
						</minicam-energy-input>
					</period>
					<period year="2010">
						<minicam-energy-input delete="1" name="global solar resource"/>
						<minicam-energy-input name="CSP_resource">
							<efficiency>1</efficiency>
							<flag>Resource</flag>
						</minicam-energy-input>
					</period>
					<period year="2015">
						<minicam-energy-input delete="1" name="global solar resource"/>
						<minicam-energy-input name="CSP_resource">
							<efficiency>1</efficiency>
							<flag>Resource</flag>
						</minicam-energy-input>
					</period>
					<period year="2020">
						<minicam-energy-input delete="1" name="global solar resource"/>
						<minicam-energy-input name="CSP_resource">
							<efficiency>1</efficiency>
							<flag>Resource</flag>
						</minicam-energy-input>
					</period>
					<period year="2025">
						<minicam-energy-input delete="1" name="global solar resource"/>
						<minicam-energy-input name="CSP_resource">
							<efficiency>1</efficiency>
							<flag>Resource</flag>
						</minicam-energy-input>
					</period>
					<period year="2030">
						<minicam-energy-input delete="1" name="global solar resource"/>
						<minicam-energy-input name="CSP_resource">
							<efficiency>1</efficiency>
							<flag>Resource</flag>
						</minicam-energy-input>
					</period>
					<period year="2035">
						<minicam-energy-input delete="1" name="global solar resource"/>
						<minicam-energy-input name="CSP_resource">
							<efficiency>1</efficiency>
							<flag>Resource</flag>
						</minicam-energy-input>
					</period>
					<period year="2040">
						<minicam-energy-input delete="1" name="global solar resource"/>
						<minicam-energy-input name="CSP_resource">
							<efficiency>1</efficiency>
							<flag>Resource</flag>
						</minicam-energy-input>
					</period>
					<period year="2045">
						<minicam-energy-input delete="1" name="global solar resource"/>
						<minicam-energy-input name="CSP_resource">
							<efficiency>1</efficiency>
							<flag>Resource</flag>
						</minicam-energy-input>
					</period>
					<period year="2050">
						<minicam-energy-input delete="1" name="global solar resource"/>
						<minicam-energy-input name="CSP_resource">
							<efficiency>1</efficiency>
							<flag>Resource</flag>
						</minicam-energy-input>
					</period>
					<period year="2055">
						<minicam-energy-input delete="1" name="global solar resource"/>
						<minicam-energy-input name="CSP_resource">
							<efficiency>1</efficiency>
							<flag>Resource</flag>
						</minicam-energy-input>
					</period>
					<period year="2060">
						<minicam-energy-input delete="1" name="global solar resource"/>
						<minicam-energy-input name="CSP_resource">
							<efficiency>1</efficiency>
							<flag>Resource</flag>
						</minicam-energy-input>
					</period>
					<period year="2065">
						<minicam-energy-input delete="1" name="global solar resource"/>
						<minicam-energy-input name="CSP_resource">
							<efficiency>1</efficiency>
							<flag>Resource</flag>
						</minicam-energy-input>
					</period>
					<period year="2070">
						<minicam-energy-input delete="1" name="global solar resource"/>
						<minicam-energy-input name="CSP_resource">
							<efficiency>1</efficiency>
							<flag>Resource</flag>
						</minicam-energy-input>
					</period>
					<period year="2075">
						<minicam-energy-input delete="1" name="global solar resource"/>
						<minicam-energy-input name="CSP_resource">
							<efficiency>1</efficiency>
							<flag>Resource</flag>
						</minicam-energy-input>
					</period>
					<period year="2080">
						<minicam-energy-input delete="1" name="global solar resource"/>
						<minicam-energy-input name="CSP_resource">
							<efficiency>1</efficiency>
							<flag>Resource</flag>
						</minicam-energy-input>
					</period>
					<period year="2085">
						<minicam-energy-input delete="1" name="global solar resource"/>
						<minicam-energy-input name="CSP_resource">
							<efficiency>1</efficiency>
							<flag>Resource</flag>
						</minicam-energy-input>
					</period>
					<period year="2090">
						<minicam-energy-input delete="1" name="global solar resource"/>
						<minicam-energy-input name="CSP_resource">
							<efficiency>1</efficiency>
							<flag>Resource</flag>
						</minicam-energy-input>
					</period>
					<period year="2095">
						<minicam-energy-input delete="1" name="global solar resource"/>
						<minicam-energy-input name="CSP_resource">
							<efficiency>1</efficiency>
							<flag>Resource</flag>
						</minicam-energy-input>
					</period>
					<period year="2100">
						<minicam-energy-input delete="1" name="global solar resource"/>
						<minicam-energy-input name="CSP_resource">
							<efficiency>1</efficiency>
							<flag>Resource</flag>
						</minicam-energy-input>
					</period>
				</intermittent-technology>
			</location-info>
			<location-info sector-name="elec_CSP_storage" subsector-name="CSP_storage">
				<technology name="CSP_storage (dry_hybrid)">
					<period year="1975">
						<minicam-energy-input delete="1" name="global solar resource"/>
						<minicam-energy-input name="CSP_resource">
							<efficiency>0.95</efficiency>
							<flag>Resource</flag>
						</minicam-energy-input>
					</period>
					<period year="1990">
						<minicam-energy-input delete="1" name="global solar resource"/>
						<minicam-energy-input name="CSP_resource">
							<efficiency>0.95</efficiency>
							<flag>Resource</flag>
						</minicam-energy-input>
					</period>
					<period year="2005">
						<minicam-energy-input delete="1" name="global solar resource"/>
						<minicam-energy-input name="CSP_resource">
							<efficiency>0.95</efficiency>
							<flag>Resource</flag>
						</minicam-energy-input>
					</period>
					<period year="2010">
						<minicam-energy-input delete="1" name="global solar resource"/>
						<minicam-energy-input name="CSP_resource">
							<efficiency>0.95</efficiency>
							<flag>Resource</flag>
						</minicam-energy-input>
					</period>
					<period year="2015">
						<minicam-energy-input delete="1" name="global solar resource"/>
						<minicam-energy-input name="CSP_resource">
							<efficiency>0.95</efficiency>
							<flag>Resource</flag>
						</minicam-energy-input>
					</period>
					<period year="2020">
						<minicam-energy-input delete="1" name="global solar resource"/>
						<minicam-energy-input name="CSP_resource">
							<efficiency>0.95</efficiency>
							<flag>Resource</flag>
						</minicam-energy-input>
					</period>
					<period year="2025">
						<minicam-energy-input delete="1" name="global solar resource"/>
						<minicam-energy-input name="CSP_resource">
							<efficiency>0.95</efficiency>
							<flag>Resource</flag>
						</minicam-energy-input>
					</period>
					<period year="2030">
						<minicam-energy-input delete="1" name="global solar resource"/>
						<minicam-energy-input name="CSP_resource">
							<efficiency>0.95</efficiency>
							<flag>Resource</flag>
						</minicam-energy-input>
					</period>
					<period year="2035">
						<minicam-energy-input delete="1" name="global solar resource"/>
						<minicam-energy-input name="CSP_resource">
							<efficiency>0.95</efficiency>
							<flag>Resource</flag>
						</minicam-energy-input>
					</period>
					<period year="2040">
						<minicam-energy-input delete="1" name="global solar resource"/>
						<minicam-energy-input name="CSP_resource">
							<efficiency>0.95</efficiency>
							<flag>Resource</flag>
						</minicam-energy-input>
					</period>
					<period year="2045">
						<minicam-energy-input delete="1" name="global solar resource"/>
						<minicam-energy-input name="CSP_resource">
							<efficiency>0.95</efficiency>
							<flag>Resource</flag>
						</minicam-energy-input>
					</period>
					<period year="2050">
						<minicam-energy-input delete="1" name="global solar resource"/>
						<minicam-energy-input name="CSP_resource">
							<efficiency>0.95</efficiency>
							<flag>Resource</flag>
						</minicam-energy-input>
					</period>
					<period year="2055">
						<minicam-energy-input delete="1" name="global solar resource"/>
						<minicam-energy-input name="CSP_resource">
							<efficiency>0.95</efficiency>
							<flag>Resource</flag>
						</minicam-energy-input>
					</period>
					<period year="2060">
						<minicam-energy-input delete="1" name="global solar resource"/>
						<minicam-energy-input name="CSP_resource">
							<efficiency>0.95</efficiency>
							<flag>Resource</flag>
						</minicam-energy-input>
					</period>
					<period year="2065">
						<minicam-energy-input delete="1" name="global solar resource"/>
						<minicam-energy-input name="CSP_resource">
							<efficiency>0.95</efficiency>
							<flag>Resource</flag>
						</minicam-energy-input>
					</period>
					<period year="2070">
						<minicam-energy-input delete="1" name="global solar resource"/>
						<minicam-energy-input name="CSP_resource">
							<efficiency>0.95</efficiency>
							<flag>Resource</flag>
						</minicam-energy-input>
					</period>
					<period year="2075">
						<minicam-energy-input delete="1" name="global solar resource"/>
						<minicam-energy-input name="CSP_resource">
							<efficiency>0.95</efficiency>
							<flag>Resource</flag>
						</minicam-energy-input>
					</period>
					<period year="2080">
						<minicam-energy-input delete="1" name="global solar resource"/>
						<minicam-energy-input name="CSP_resource">
							<efficiency>0.95</efficiency>
							<flag>Resource</flag>
						</minicam-energy-input>
					</period>
					<period year="2085">
						<minicam-energy-input delete="1" name="global solar resource"/>
						<minicam-energy-input name="CSP_resource">
							<efficiency>0.95</efficiency>
							<flag>Resource</flag>
						</minicam-energy-input>
					</period>
					<period year="2090">
						<minicam-energy-input delete="1" name="global solar resource"/>
						<minicam-energy-input name="CSP_resource">
							<efficiency>0.95</efficiency>
							<flag>Resource</flag>
						</minicam-energy-input>
					</period>
					<period year="2095">
						<minicam-energy-input delete="1" name="global solar resource"/>
						<minicam-energy-input name="CSP_resource">
							<efficiency>0.95</efficiency>
							<flag>Resource</flag>
						</minicam-energy-input>
					</period>
					<period year="2100">
						<minicam-energy-input delete="1" name="global solar resource"/>
						<minicam-energy-input name="CSP_resource">
							<efficiency>0.95</efficiency>
							<flag>Resource</flag>
						</minicam-energy-input>
					</period>
				</technology>
				<technology name="CSP_storage (recirculating)">
					<period year="1975">
						<minicam-energy-input delete="1" name="global solar resource"/>
						<minicam-energy-input name="CSP_resource">
							<efficiency>1</efficiency>
							<flag>Resource</flag>
						</minicam-energy-input>
					</period>
					<period year="1990">
						<minicam-energy-input delete="1" name="global solar resource"/>
						<minicam-energy-input name="CSP_resource">
							<efficiency>1</efficiency>
							<flag>Resource</flag>
						</minicam-energy-input>
					</period>
					<period year="2005">
						<minicam-energy-input delete="1" name="global solar resource"/>
						<minicam-energy-input name="CSP_resource">
							<efficiency>1</efficiency>
							<flag>Resource</flag>
						</minicam-energy-input>
					</period>
					<period year="2010">
						<minicam-energy-input delete="1" name="global solar resource"/>
						<minicam-energy-input name="CSP_resource">
							<efficiency>1</efficiency>
							<flag>Resource</flag>
						</minicam-energy-input>
					</period>
					<period year="2015">
						<minicam-energy-input delete="1" name="global solar resource"/>
						<minicam-energy-input name="CSP_resource">
							<efficiency>1</efficiency>
							<flag>Resource</flag>
						</minicam-energy-input>
					</period>
					<period year="2020">
						<minicam-energy-input delete="1" name="global solar resource"/>
						<minicam-energy-input name="CSP_resource">
							<efficiency>1</efficiency>
							<flag>Resource</flag>
						</minicam-energy-input>
					</period>
					<period year="2025">
						<minicam-energy-input delete="1" name="global solar resource"/>
						<minicam-energy-input name="CSP_resource">
							<efficiency>1</efficiency>
							<flag>Resource</flag>
						</minicam-energy-input>
					</period>
					<period year="2030">
						<minicam-energy-input delete="1" name="global solar resource"/>
						<minicam-energy-input name="CSP_resource">
							<efficiency>1</efficiency>
							<flag>Resource</flag>
						</minicam-energy-input>
					</period>
					<period year="2035">
						<minicam-energy-input delete="1" name="global solar resource"/>
						<minicam-energy-input name="CSP_resource">
							<efficiency>1</efficiency>
							<flag>Resource</flag>
						</minicam-energy-input>
					</period>
					<period year="2040">
						<minicam-energy-input delete="1" name="global solar resource"/>
						<minicam-energy-input name="CSP_resource">
							<efficiency>1</efficiency>
							<flag>Resource</flag>
						</minicam-energy-input>
					</period>
					<period year="2045">
						<minicam-energy-input delete="1" name="global solar resource"/>
						<minicam-energy-input name="CSP_resource">
							<efficiency>1</efficiency>
							<flag>Resource</flag>
						</minicam-energy-input>
					</period>
					<period year="2050">
						<minicam-energy-input delete="1" name="global solar resource"/>
						<minicam-energy-input name="CSP_resource">
							<efficiency>1</efficiency>
							<flag>Resource</flag>
						</minicam-energy-input>
					</period>
					<period year="2055">
						<minicam-energy-input delete="1" name="global solar resource"/>
						<minicam-energy-input name="CSP_resource">
							<efficiency>1</efficiency>
							<flag>Resource</flag>
						</minicam-energy-input>
					</period>
					<period year="2060">
						<minicam-energy-input delete="1" name="global solar resource"/>
						<minicam-energy-input name="CSP_resource">
							<efficiency>1</efficiency>
							<flag>Resource</flag>
						</minicam-energy-input>
					</period>
					<period year="2065">
						<minicam-energy-input delete="1" name="global solar resource"/>
						<minicam-energy-input name="CSP_resource">
							<efficiency>1</efficiency>
							<flag>Resource</flag>
						</minicam-energy-input>
					</period>
					<period year="2070">
						<minicam-energy-input delete="1" name="global solar resource"/>
						<minicam-energy-input name="CSP_resource">
							<efficiency>1</efficiency>
							<flag>Resource</flag>
						</minicam-energy-input>
					</period>
					<period year="2075">
						<minicam-energy-input delete="1" name="global solar resource"/>
						<minicam-energy-input name="CSP_resource">
							<efficiency>1</efficiency>
							<flag>Resource</flag>
						</minicam-energy-input>
					</period>
					<period year="2080">
						<minicam-energy-input delete="1" name="global solar resource"/>
						<minicam-energy-input name="CSP_resource">
							<efficiency>1</efficiency>
							<flag>Resource</flag>
						</minicam-energy-input>
					</period>
					<period year="2085">
						<minicam-energy-input delete="1" name="global solar resource"/>
						<minicam-energy-input name="CSP_resource">
							<efficiency>1</efficiency>
							<flag>Resource</flag>
						</minicam-energy-input>
					</period>
					<period year="2090">
						<minicam-energy-input delete="1" name="global solar resource"/>
						<minicam-energy-input name="CSP_resource">
							<efficiency>1</efficiency>
							<flag>Resource</flag>
						</minicam-energy-input>
					</period>
					<period year="2095">
						<minicam-energy-input delete="1" name="global solar resource"/>
						<minicam-energy-input name="CSP_resource">
							<efficiency>1</efficiency>
							<flag>Resource</flag>
						</minicam-energy-input>
					</period>
					<period year="2100">
						<minicam-energy-input delete="1" name="global solar resource"/>
						<minicam-energy-input name="CSP_resource">
							<efficiency>1</efficiency>
							<flag>Resource</flag>
						</minicam-energy-input>
					</period>
				</technology>
			</location-info>
			<location-info sector-name="electricity" subsector-name="solar">
				<intermittent-technology name="PV">
					<period year="1975">
						<minicam-energy-input delete="1" name="global solar resource"/>
						<minicam-energy-input name="PV_resource">
							<efficiency>1</efficiency>
							<flag>Resource</flag>
						</minicam-energy-input>
					</period>
					<period year="1990">
						<minicam-energy-input delete="1" name="global solar resource"/>
						<minicam-energy-input name="PV_resource">
							<efficiency>1</efficiency>
							<flag>Resource</flag>
						</minicam-energy-input>
					</period>
					<period year="2005">
						<minicam-energy-input delete="1" name="global solar resource"/>
						<minicam-energy-input name="PV_resource">
							<efficiency>1</efficiency>
							<flag>Resource</flag>
						</minicam-energy-input>
					</period>
					<period year="2010">
						<minicam-energy-input delete="1" name="global solar resource"/>
						<minicam-energy-input name="PV_resource">
							<efficiency>1</efficiency>
							<flag>Resource</flag>
						</minicam-energy-input>
					</period>
					<period year="2015">
						<minicam-energy-input delete="1" name="global solar resource"/>
						<minicam-energy-input name="PV_resource">
							<efficiency>1</efficiency>
							<flag>Resource</flag>
						</minicam-energy-input>
					</period>
					<period year="2020">
						<minicam-energy-input delete="1" name="global solar resource"/>
						<minicam-energy-input name="PV_resource">
							<efficiency>1</efficiency>
							<flag>Resource</flag>
						</minicam-energy-input>
					</period>
					<period year="2025">
						<minicam-energy-input delete="1" name="global solar resource"/>
						<minicam-energy-input name="PV_resource">
							<efficiency>1</efficiency>
							<flag>Resource</flag>
						</minicam-energy-input>
					</period>
					<period year="2030">
						<minicam-energy-input delete="1" name="global solar resource"/>
						<minicam-energy-input name="PV_resource">
							<efficiency>1</efficiency>
							<flag>Resource</flag>
						</minicam-energy-input>
					</period>
					<period year="2035">
						<minicam-energy-input delete="1" name="global solar resource"/>
						<minicam-energy-input name="PV_resource">
							<efficiency>1</efficiency>
							<flag>Resource</flag>
						</minicam-energy-input>
					</period>
					<period year="2040">
						<minicam-energy-input delete="1" name="global solar resource"/>
						<minicam-energy-input name="PV_resource">
							<efficiency>1</efficiency>
							<flag>Resource</flag>
						</minicam-energy-input>
					</period>
					<period year="2045">
						<minicam-energy-input delete="1" name="global solar resource"/>
						<minicam-energy-input name="PV_resource">
							<efficiency>1</efficiency>
							<flag>Resource</flag>
						</minicam-energy-input>
					</period>
					<period year="2050">
						<minicam-energy-input delete="1" name="global solar resource"/>
						<minicam-energy-input name="PV_resource">
							<efficiency>1</efficiency>
							<flag>Resource</flag>
						</minicam-energy-input>
					</period>
					<period year="2055">
						<minicam-energy-input delete="1" name="global solar resource"/>
						<minicam-energy-input name="PV_resource">
							<efficiency>1</efficiency>
							<flag>Resource</flag>
						</minicam-energy-input>
					</period>
					<period year="2060">
						<minicam-energy-input delete="1" name="global solar resource"/>
						<minicam-energy-input name="PV_resource">
							<efficiency>1</efficiency>
							<flag>Resource</flag>
						</minicam-energy-input>
					</period>
					<period year="2065">
						<minicam-energy-input delete="1" name="global solar resource"/>
						<minicam-energy-input name="PV_resource">
							<efficiency>1</efficiency>
							<flag>Resource</flag>
						</minicam-energy-input>
					</period>
					<period year="2070">
						<minicam-energy-input delete="1" name="global solar resource"/>
						<minicam-energy-input name="PV_resource">
							<efficiency>1</efficiency>
							<flag>Resource</flag>
						</minicam-energy-input>
					</period>
					<period year="2075">
						<minicam-energy-input delete="1" name="global solar resource"/>
						<minicam-energy-input name="PV_resource">
							<efficiency>1</efficiency>
							<flag>Resource</flag>
						</minicam-energy-input>
					</period>
					<period year="2080">
						<minicam-energy-input delete="1" name="global solar resource"/>
						<minicam-energy-input name="PV_resource">
							<efficiency>1</efficiency>
							<flag>Resource</flag>
						</minicam-energy-input>
					</period>
					<period year="2085">
						<minicam-energy-input delete="1" name="global solar resource"/>
						<minicam-energy-input name="PV_resource">
							<efficiency>1</efficiency>
							<flag>Resource</flag>
						</minicam-energy-input>
					</period>
					<period year="2090">
						<minicam-energy-input delete="1" name="global solar resource"/>
						<minicam-energy-input name="PV_resource">
							<efficiency>1</efficiency>
							<flag>Resource</flag>
						</minicam-energy-input>
					</period>
					<period year="2095">
						<minicam-energy-input delete="1" name="global solar resource"/>
						<minicam-energy-input name="PV_resource">
							<efficiency>1</efficiency>
							<flag>Resource</flag>
						</minicam-energy-input>
					</period>
					<period year="2100">
						<minicam-energy-input delete="1" name="global solar resource"/>
						<minicam-energy-input name="PV_resource">
							<efficiency>1</efficiency>
							<flag>Resource</flag>
						</minicam-energy-input>
					</period>
				</intermittent-technology>
				<technology name="PV_storage">
					<period year="1975">
						<minicam-energy-input delete="1" name="global solar resource"/>
						<minicam-energy-input name="PV_resource">
							<efficiency>0.96</efficiency>
							<flag>Resource</flag>
						</minicam-energy-input>
					</period>
					<period year="1990">
						<minicam-energy-input delete="1" name="global solar resource"/>
						<minicam-energy-input name="PV_resource">
							<efficiency>0.96</efficiency>
							<flag>Resource</flag>
						</minicam-energy-input>
					</period>
					<period year="2005">
						<minicam-energy-input delete="1" name="global solar resource"/>
						<minicam-energy-input name="PV_resource">
							<efficiency>0.96</efficiency>
							<flag>Resource</flag>
						</minicam-energy-input>
					</period>
					<period year="2010">
						<minicam-energy-input delete="1" name="global solar resource"/>
						<minicam-energy-input name="PV_resource">
							<efficiency>0.96</efficiency>
							<flag>Resource</flag>
						</minicam-energy-input>
					</period>
					<period year="2015">
						<minicam-energy-input delete="1" name="global solar resource"/>
						<minicam-energy-input name="PV_resource">
							<efficiency>0.96</efficiency>
							<flag>Resource</flag>
						</minicam-energy-input>
					</period>
					<period year="2020">
						<minicam-energy-input delete="1" name="global solar resource"/>
						<minicam-energy-input name="PV_resource">
							<efficiency>0.96</efficiency>
							<flag>Resource</flag>
						</minicam-energy-input>
					</period>
					<period year="2025">
						<minicam-energy-input delete="1" name="global solar resource"/>
						<minicam-energy-input name="PV_resource">
							<efficiency>0.96</efficiency>
							<flag>Resource</flag>
						</minicam-energy-input>
					</period>
					<period year="2030">
						<minicam-energy-input delete="1" name="global solar resource"/>
						<minicam-energy-input name="PV_resource">
							<efficiency>0.96</efficiency>
							<flag>Resource</flag>
						</minicam-energy-input>
					</period>
					<period year="2035">
						<minicam-energy-input delete="1" name="global solar resource"/>
						<minicam-energy-input name="PV_resource">
							<efficiency>0.96</efficiency>
							<flag>Resource</flag>
						</minicam-energy-input>
					</period>
					<period year="2040">
						<minicam-energy-input delete="1" name="global solar resource"/>
						<minicam-energy-input name="PV_resource">
							<efficiency>0.96</efficiency>
							<flag>Resource</flag>
						</minicam-energy-input>
					</period>
					<period year="2045">
						<minicam-energy-input delete="1" name="global solar resource"/>
						<minicam-energy-input name="PV_resource">
							<efficiency>0.96</efficiency>
							<flag>Resource</flag>
						</minicam-energy-input>
					</period>
					<period year="2050">
						<minicam-energy-input delete="1" name="global solar resource"/>
						<minicam-energy-input name="PV_resource">
							<efficiency>0.96</efficiency>
							<flag>Resource</flag>
						</minicam-energy-input>
					</period>
					<period year="2055">
						<minicam-energy-input delete="1" name="global solar resource"/>
						<minicam-energy-input name="PV_resource">
							<efficiency>0.96</efficiency>
							<flag>Resource</flag>
						</minicam-energy-input>
					</period>
					<period year="2060">
						<minicam-energy-input delete="1" name="global solar resource"/>
						<minicam-energy-input name="PV_resource">
							<efficiency>0.96</efficiency>
							<flag>Resource</flag>
						</minicam-energy-input>
					</period>
					<period year="2065">
						<minicam-energy-input delete="1" name="global solar resource"/>
						<minicam-energy-input name="PV_resource">
							<efficiency>0.96</efficiency>
							<flag>Resource</flag>
						</minicam-energy-input>
					</period>
					<period year="2070">
						<minicam-energy-input delete="1" name="global solar resource"/>
						<minicam-energy-input name="PV_resource">
							<efficiency>0.96</efficiency>
							<flag>Resource</flag>
						</minicam-energy-input>
					</period>
					<period year="2075">
						<minicam-energy-input delete="1" name="global solar resource"/>
						<minicam-energy-input name="PV_resource">
							<efficiency>0.96</efficiency>
							<flag>Resource</flag>
						</minicam-energy-input>
					</period>
					<period year="2080">
						<minicam-energy-input delete="1" name="global solar resource"/>
						<minicam-energy-input name="PV_resource">
							<efficiency>0.96</efficiency>
							<flag>Resource</flag>
						</minicam-energy-input>
					</period>
					<period year="2085">
						<minicam-energy-input delete="1" name="global solar resource"/>
						<minicam-energy-input name="PV_resource">
							<efficiency>0.96</efficiency>
							<flag>Resource</flag>
						</minicam-energy-input>
					</period>
					<period year="2090">
						<minicam-energy-input delete="1" name="global solar resource"/>
						<minicam-energy-input name="PV_resource">
							<efficiency>0.96</efficiency>
							<flag>Resource</flag>
						</minicam-energy-input>
					</period>
					<period year="2095">
						<minicam-energy-input delete="1" name="global solar resource"/>
						<minicam-energy-input name="PV_resource">
							<efficiency>0.96</efficiency>
							<flag>Resource</flag>
						</minicam-energy-input>
					</period>
					<period year="2100">
						<minicam-energy-input delete="1" name="global solar resource"/>
						<minicam-energy-input name="PV_resource">
							<efficiency>0.96</efficiency>
							<flag>Resource</flag>
						</minicam-energy-input>
					</period>
				</technology>
			</location-info>
		</global-technology-database>
	</world>
</scenario>
