<?xml version="1.0" ?>
<scenario>
	<world>
		<region name="USA">
			<unlimited-resource delete="1" name="global solar resource"/>
			<renewresource name="PV_resource">
				<smooth-renewable-subresource name="PV_resource">
					<maxSubResource fillout="1" year="1975">28.05781</maxSubResource>
					<mid-price fillout="1" year="1975">4.2</mid-price>
					<curve-exponent fillout="1" year="1975">1.698</curve-exponent>
				</smooth-renewable-subresource>
			</renewresource>
			<renewresource name="CSP_resource">
				<smooth-renewable-subresource name="CSP_resource">
					<maxSubResource fillout="1" year="1975">8.3841</maxSubResource>
					<mid-price fillout="1" year="1975">5.8</mid-price>
					<curve-exponent fillout="1" year="1975">2.024</curve-exponent>
				</smooth-renewable-subresource>
			</renewresource>
		</region>
		<region name="Africa_Eastern">
			<unlimited-resource delete="1" name="global solar resource"/>
			<renewresource name="PV_resource">
				<smooth-renewable-subresource name="PV_resource">
					<maxSubResource fillout="1" year="1975">63.64166</maxSubResource>
					<mid-price fillout="1" year="1975">3.7</mid-price>
					<curve-exponent fillout="1" year="1975">1.315</curve-exponent>
				</smooth-renewable-subresource>
			</renewresource>
			<renewresource name="CSP_resource">
				<smooth-renewable-subresource name="CSP_resource">
					<maxSubResource fillout="1" year="1975">33.68801</maxSubResource>
					<mid-price fillout="1" year="1975">1.4</mid-price>
					<curve-exponent fillout="1" year="1975">2.209</curve-exponent>
				</smooth-renewable-subresource>
			</renewresource>
		</region>
		<region name="Africa_Northern">
			<unlimited-resource delete="1" name="global solar resource"/>
			<renewresource name="PV_resource">
				<smooth-renewable-subresource name="PV_resource">
					<maxSubResource fillout="1" year="1975">124.34517</maxSubResource>
					<mid-price fillout="1" year="1975">4.2</mid-price>
					<curve-exponent fillout="1" year="1975">3.944</curve-exponent>
				</smooth-renewable-subresource>
			</renewresource>
			<renewresource name="CSP_resource">
				<smooth-renewable-subresource name="CSP_resource">
					<maxSubResource fillout="1" year="1975">59.97817</maxSubResource>
					<mid-price fillout="1" year="1975">1.8</mid-price>
					<curve-exponent fillout="1" year="1975">2.545</curve-exponent>
				</smooth-renewable-subresource>
			</renewresource>
		</region>
		<region name="Africa_Southern">
			<unlimited-resource delete="1" name="global solar resource"/>
			<renewresource name="PV_resource">
				<smooth-renewable-subresource name="PV_resource">
					<maxSubResource fillout="1" year="1975">37.58769</maxSubResource>
					<mid-price fillout="1" year="1975">4.0</mid-price>
					<curve-exponent fillout="1" year="1975">2.258</curve-exponent>
				</smooth-renewable-subresource>
			</renewresource>
			<renewresource name="CSP_resource">
				<smooth-renewable-subresource name="CSP_resource">
					<maxSubResource fillout="1" year="1975">18.26243</maxSubResource>
					<mid-price fillout="1" year="1975">1.4</mid-price>
					<curve-exponent fillout="1" year="1975">2.693</curve-exponent>
				</smooth-renewable-subresource>
			</renewresource>
		</region>
		<region name="Africa_Western">
			<unlimited-resource delete="1" name="global solar resource"/>
			<renewresource name="PV_resource">
				<smooth-renewable-subresource name="PV_resource">
					<maxSubResource fillout="1" year="1975">108.62448</maxSubResource>
					<mid-price fillout="1" year="1975">4.6</mid-price>
					<curve-exponent fillout="1" year="1975">2.324</curve-exponent>
				</smooth-renewable-subresource>
			</renewresource>
			<renewresource name="CSP_resource">
				<smooth-renewable-subresource name="CSP_resource">
					<maxSubResource fillout="1" year="1975">57.20633</maxSubResource>
					<mid-price fillout="1" year="1975">1.8</mid-price>
					<curve-exponent fillout="1" year="1975">2.487</curve-exponent>
				</smooth-renewable-subresource>
			</renewresource>
		</region>
		<region name="Australia_NZ">
			<unlimited-resource delete="1" name="global solar resource"/>
			<renewresource name="PV_resource">
				<smooth-renewable-subresource name="PV_resource">
					<maxSubResource fillout="1" year="1975">103.9529</maxSubResource>
					<mid-price fillout="1" year="1975">7.4</mid-price>
					<curve-exponent fillout="1" year="1975">2.944</curve-exponent>
				</smooth-renewable-subresource>
			</renewresource>
			<renewresource name="CSP_resource">
				<smooth-renewable-subresource name="CSP_resource">
					<maxSubResource fillout="1" year="1975">49.08384</maxSubResource>
					<mid-price fillout="1" year="1975">2.2</mid-price>
					<curve-exponent fillout="1" year="1975">3.086</curve-exponent>
				</smooth-renewable-subresource>
			</renewresource>
		</region>
		<region name="Brazil">
			<unlimited-resource delete="1" name="global solar resource"/>
			<renewresource name="PV_resource">
				<smooth-renewable-subresource name="PV_resource">
					<maxSubResource fillout="1" year="1975">17.12828</maxSubResource>
					<mid-price fillout="1" year="1975">7.8</mid-price>
					<curve-exponent fillout="1" year="1975">3.282</curve-exponent>
				</smooth-renewable-subresource>
			</renewresource>
			<renewresource name="CSP_resource">
				<smooth-renewable-subresource name="CSP_resource">
					<maxSubResource fillout="1" year="1975">7.34018</maxSubResource>
					<mid-price fillout="1" year="1975">3.2</mid-price>
					<curve-exponent fillout="1" year="1975">4.224</curve-exponent>
				</smooth-renewable-subresource>
			</renewresource>
		</region>
		<region name="Canada">
			<unlimited-resource delete="1" name="global solar resource"/>
			<renewresource name="PV_resource">
				<smooth-renewable-subresource name="PV_resource">
					<maxSubResource fillout="1" year="1975">6.38729</maxSubResource>
					<mid-price fillout="1" year="1975">31.4</mid-price>
					<curve-exponent fillout="1" year="1975">1.454</curve-exponent>
				</smooth-renewable-subresource>
			</renewresource>
			<renewresource name="CSP_resource">
				<smooth-renewable-subresource name="CSP_resource">
					<maxSubResource fillout="1" year="1975">0.69498</maxSubResource>
					<mid-price fillout="1" year="1975">3.5</mid-price>
					<curve-exponent fillout="1" year="1975">15.0</curve-exponent>
				</smooth-renewable-subresource>
			</renewresource>
		</region>
		<region name="Central America and Caribbean">
			<unlimited-resource delete="1" name="global solar resource"/>
			<renewresource name="PV_resource">
				<smooth-renewable-subresource name="PV_resource">
					<maxSubResource fillout="1" year="1975">1.02583</maxSubResource>
					<mid-price fillout="1" year="1975">6.3</mid-price>
					<curve-exponent fillout="1" year="1975">2.442</curve-exponent>
				</smooth-renewable-subresource>
			</renewresource>
			<renewresource name="CSP_resource">
				<smooth-renewable-subresource name="CSP_resource">
					<maxSubResource fillout="1" year="1975">0.4769</maxSubResource>
					<mid-price fillout="1" year="1975">2.9</mid-price>
					<curve-exponent fillout="1" year="1975">3.384</curve-exponent>
				</smooth-renewable-subresource>
			</renewresource>
		</region>
		<region name="Central Asia">
			<unlimited-resource delete="1" name="global solar resource"/>
			<renewresource name="PV_resource">
				<smooth-renewable-subresource name="PV_resource">
					<maxSubResource fillout="1" year="1975">53.2078</maxSubResource>
					<mid-price fillout="1" year="1975">5.5</mid-price>
					<curve-exponent fillout="1" year="1975">2.391</curve-exponent>
				</smooth-renewable-subresource>
			</renewresource>
			<renewresource name="CSP_resource">
				<smooth-renewable-subresource name="CSP_resource">
					<maxSubResource fillout="1" year="1975">11.38172</maxSubResource>
					<mid-price fillout="1" year="1975">7.2</mid-price>
					<curve-exponent fillout="1" year="1975">2.515</curve-exponent>
				</smooth-renewable-subresource>
			</renewresource>
		</region>
		<region name="China">
			<unlimited-resource delete="1" name="global solar resource"/>
			<renewresource name="PV_resource">
				<smooth-renewable-subresource name="PV_resource">
					<maxSubResource fillout="1" year="1975">45.12145</maxSubResource>
					<mid-price fillout="1" year="1975">4.2</mid-price>
					<curve-exponent fillout="1" year="1975">1.385</curve-exponent>
				</smooth-renewable-subresource>
			</renewresource>
			<renewresource name="CSP_resource">
				<smooth-renewable-subresource name="CSP_resource">
					<maxSubResource fillout="1" year="1975">12.0271</maxSubResource>
					<mid-price fillout="1" year="1975">9.4</mid-price>
					<curve-exponent fillout="1" year="1975">4.406</curve-exponent>
				</smooth-renewable-subresource>
			</renewresource>
		</region>
		<region name="EU-12">
			<unlimited-resource delete="1" name="global solar resource"/>
			<renewresource name="PV_resource">
				<smooth-renewable-subresource name="PV_resource">
					<maxSubResource fillout="1" year="1975">1.44776</maxSubResource>
					<mid-price fillout="1" year="1975">7.4</mid-price>
					<curve-exponent fillout="1" year="1975">3.685</curve-exponent>
				</smooth-renewable-subresource>
			</renewresource>
			<renewresource name="CSP_resource">
				<smooth-renewable-subresource name="CSP_resource">
					<maxSubResource fillout="1" year="1975">0.18218</maxSubResource>
					<mid-price fillout="1" year="1975">16.8</mid-price>
					<curve-exponent fillout="1" year="1975">12.305</curve-exponent>
				</smooth-renewable-subresource>
			</renewresource>
		</region>
		<region name="EU-15">
			<unlimited-resource delete="1" name="global solar resource"/>
			<renewresource name="PV_resource">
				<smooth-renewable-subresource name="PV_resource">
					<maxSubResource fillout="1" year="1975">4.35969</maxSubResource>
					<mid-price fillout="1" year="1975">6.9</mid-price>
					<curve-exponent fillout="1" year="1975">1.852</curve-exponent>
				</smooth-renewable-subresource>
			</renewresource>
			<renewresource name="CSP_resource">
				<smooth-renewable-subresource name="CSP_resource">
					<maxSubResource fillout="1" year="1975">0.79724</maxSubResource>
					<mid-price fillout="1" year="1975">13.0</mid-price>
					<curve-exponent fillout="1" year="1975">2.191</curve-exponent>
				</smooth-renewable-subresource>
			</renewresource>
		</region>
		<region name="Europe_Eastern">
			<unlimited-resource delete="1" name="global solar resource"/>
			<renewresource name="PV_resource">
				<smooth-renewable-subresource name="PV_resource">
					<maxSubResource fillout="1" year="1975">1.51498</maxSubResource>
					<mid-price fillout="1" year="1975">3.4</mid-price>
					<curve-exponent fillout="1" year="1975">2.844</curve-exponent>
				</smooth-renewable-subresource>
			</renewresource>
			<renewresource name="CSP_resource">
				<smooth-renewable-subresource name="CSP_resource">
					<maxSubResource fillout="1" year="1975">0.18718</maxSubResource>
					<mid-price fillout="1" year="1975">8.0</mid-price>
					<curve-exponent fillout="1" year="1975">15.0</curve-exponent>
				</smooth-renewable-subresource>
			</renewresource>
		</region>
		<region name="Europe_Non_EU">
			<unlimited-resource delete="1" name="global solar resource"/>
			<renewresource name="PV_resource">
				<smooth-renewable-subresource name="PV_resource">
					<maxSubResource fillout="1" year="1975">2.13197</maxSubResource>
					<mid-price fillout="1" year="1975">6.4</mid-price>
					<curve-exponent fillout="1" year="1975">3.179</curve-exponent>
				</smooth-renewable-subresource>
			</renewresource>
			<renewresource name="CSP_resource">
				<smooth-renewable-subresource name="CSP_resource">
					<maxSubResource fillout="1" year="1975">0.48238</maxSubResource>
					<mid-price fillout="1" year="1975">5.7</mid-price>
					<curve-exponent fillout="1" year="1975">2.644</curve-exponent>
				</smooth-renewable-subresource>
			</renewresource>
		</region>
		<region name="European Free Trade Association">
			<unlimited-resource delete="1" name="global solar resource"/>
			<renewresource name="PV_resource">
				<smooth-renewable-subresource name="PV_resource">
					<maxSubResource fillout="1" year="1975">0.1738</maxSubResource>
					<mid-price fillout="1" year="1975">3.0</mid-price>
					<curve-exponent fillout="1" year="1975">8.872</curve-exponent>
				</smooth-renewable-subresource>
			</renewresource>
			<renewresource name="CSP_resource">
				<smooth-renewable-subresource name="CSP_resource">
					<maxSubResource fillout="1" year="1975">0.01223</maxSubResource>
					<mid-price fillout="1" year="1975">21.5</mid-price>
					<curve-exponent fillout="1" year="1975">9.449</curve-exponent>
				</smooth-renewable-subresource>
			</renewresource>
		</region>
		<region name="India">
			<unlimited-resource delete="1" name="global solar resource"/>
			<renewresource name="PV_resource">
				<smooth-renewable-subresource name="PV_resource">
					<maxSubResource fillout="1" year="1975">13.73541</maxSubResource>
					<mid-price fillout="1" year="1975">3.6</mid-price>
					<curve-exponent fillout="1" year="1975">4.866</curve-exponent>
				</smooth-renewable-subresource>
			</renewresource>
			<renewresource name="CSP_resource">
				<smooth-renewable-subresource name="CSP_resource">
					<maxSubResource fillout="1" year="1975">5.95968</maxSubResource>
					<mid-price fillout="1" year="1975">2.8</mid-price>
					<curve-exponent fillout="1" year="1975">6.147</curve-exponent>
				</smooth-renewable-subresource>
			</renewresource>
		</region>
		<region name="Indonesia">
			<unlimited-resource delete="1" name="global solar resource"/>
			<renewresource name="PV_resource">
				<smooth-renewable-subresource name="PV_resource">
					<maxSubResource fillout="1" year="1975">1.7973</maxSubResource>
					<mid-price fillout="1" year="1975">10.9</mid-price>
					<curve-exponent fillout="1" year="1975">1.394</curve-exponent>
				</smooth-renewable-subresource>
			</renewresource>
			<renewresource name="CSP_resource">
				<smooth-renewable-subresource name="CSP_resource">
					<maxSubResource fillout="1" year="1975">0.78105</maxSubResource>
					<mid-price fillout="1" year="1975">4.6</mid-price>
					<curve-exponent fillout="1" year="1975">3.664</curve-exponent>
				</smooth-renewable-subresource>
			</renewresource>
		</region>
		<region name="Japan">
			<unlimited-resource delete="1" name="global solar resource"/>
			<renewresource name="PV_resource">
				<smooth-renewable-subresource name="PV_resource">
					<maxSubResource fillout="1" year="1975">0.14899</maxSubResource>
					<mid-price fillout="1" year="1975">0.6</mid-price>
					<curve-exponent fillout="1" year="1975">1.0</curve-exponent>
				</smooth-renewable-subresource>
			</renewresource>
			<renewresource name="CSP_resource">
				<smooth-renewable-subresource name="CSP_resource">
					<maxSubResource fillout="1" year="1975">0.02599</maxSubResource>
					<mid-price fillout="1" year="1975">4.1</mid-price>
					<curve-exponent fillout="1" year="1975">1.478</curve-exponent>
				</smooth-renewable-subresource>
			</renewresource>
		</region>
		<region name="Mexico">
			<unlimited-resource delete="1" name="global solar resource"/>
			<renewresource name="PV_resource">
				<smooth-renewable-subresource name="PV_resource">
					<maxSubResource fillout="1" year="1975">11.86008</maxSubResource>
					<mid-price fillout="1" year="1975">2.8</mid-price>
					<curve-exponent fillout="1" year="1975">1.822</curve-exponent>
				</smooth-renewable-subresource>
			</renewresource>
			<renewresource name="CSP_resource">
				<smooth-renewable-subresource name="CSP_resource">
					<maxSubResource fillout="1" year="1975">5.44504</maxSubResource>
					<mid-price fillout="1" year="1975">2.1</mid-price>
					<curve-exponent fillout="1" year="1975">3.701</curve-exponent>
				</smooth-renewable-subresource>
			</renewresource>
		</region>
		<region name="Middle East">
			<unlimited-resource delete="1" name="global solar resource"/>
			<renewresource name="PV_resource">
				<smooth-renewable-subresource name="PV_resource">
					<maxSubResource fillout="1" year="1975">72.31076</maxSubResource>
					<mid-price fillout="1" year="1975">1.6</mid-price>
					<curve-exponent fillout="1" year="1975">3.496</curve-exponent>
				</smooth-renewable-subresource>
			</renewresource>
			<renewresource name="CSP_resource">
				<smooth-renewable-subresource name="CSP_resource">
					<maxSubResource fillout="1" year="1975">32.9822</maxSubResource>
					<mid-price fillout="1" year="1975">2.5</mid-price>
					<curve-exponent fillout="1" year="1975">2.405</curve-exponent>
				</smooth-renewable-subresource>
			</renewresource>
		</region>
		<region name="Pakistan">
			<unlimited-resource delete="1" name="global solar resource"/>
			<renewresource name="PV_resource">
				<smooth-renewable-subresource name="PV_resource">
					<maxSubResource fillout="1" year="1975">10.26507</maxSubResource>
					<mid-price fillout="1" year="1975">1.5</mid-price>
					<curve-exponent fillout="1" year="1975">2.44</curve-exponent>
				</smooth-renewable-subresource>
			</renewresource>
			<renewresource name="CSP_resource">
				<smooth-renewable-subresource name="CSP_resource">
					<maxSubResource fillout="1" year="1975">4.63299</maxSubResource>
					<mid-price fillout="1" year="1975">2.4</mid-price>
					<curve-exponent fillout="1" year="1975">5.336</curve-exponent>
				</smooth-renewable-subresource>
			</renewresource>
		</region>
		<region name="Russia">
			<unlimited-resource delete="1" name="global solar resource"/>
			<renewresource name="PV_resource">
				<smooth-renewable-subresource name="PV_resource">
					<maxSubResource fillout="1" year="1975">8.98179</maxSubResource>
					<mid-price fillout="1" year="1975">10.4</mid-price>
					<curve-exponent fillout="1" year="1975">1.384</curve-exponent>
				</smooth-renewable-subresource>
			</renewresource>
			<renewresource name="CSP_resource">
				<smooth-renewable-subresource name="CSP_resource">
					<maxSubResource fillout="1" year="1975">1.06036</maxSubResource>
					<mid-price fillout="1" year="1975">8.5</mid-price>
					<curve-exponent fillout="1" year="1975">15.0</curve-exponent>
				</smooth-renewable-subresource>
			</renewresource>
		</region>
		<region name="South Africa">
			<unlimited-resource delete="1" name="global solar resource"/>
			<renewresource name="PV_resource">
				<smooth-renewable-subresource name="PV_resource">
					<maxSubResource fillout="1" year="1975">15.0815</maxSubResource>
					<mid-price fillout="1" year="1975">2.0</mid-price>
					<curve-exponent fillout="1" year="1975">2.904</curve-exponent>
				</smooth-renewable-subresource>
			</renewresource>
			<renewresource name="CSP_resource">
				<smooth-renewable-subresource name="CSP_resource">
					<maxSubResource fillout="1" year="1975">7.09877</maxSubResource>
					<mid-price fillout="1" year="1975">0.7</mid-price>
					<curve-exponent fillout="1" year="1975">2.227</curve-exponent>
				</smooth-renewable-subresource>
			</renewresource>
		</region>
		<region name="South America_Northern">
			<unlimited-resource delete="1" name="global solar resource"/>
			<renewresource name="PV_resource">
				<smooth-renewable-subresource name="PV_resource">
					<maxSubResource fillout="1" year="1975">1.46398</maxSubResource>
					<mid-price fillout="1" year="1975">6.2</mid-price>
					<curve-exponent fillout="1" year="1975">3.55</curve-exponent>
				</smooth-renewable-subresource>
			</renewresource>
			<renewresource name="CSP_resource">
				<smooth-renewable-subresource name="CSP_resource">
					<maxSubResource fillout="1" year="1975">0.66295</maxSubResource>
					<mid-price fillout="1" year="1975">3.3</mid-price>
					<curve-exponent fillout="1" year="1975">5.776</curve-exponent>
				</smooth-renewable-subresource>
			</renewresource>
		</region>
		<region name="South America_Southern">
			<unlimited-resource delete="1" name="global solar resource"/>
			<renewresource name="PV_resource">
				<smooth-renewable-subresource name="PV_resource">
					<maxSubResource fillout="1" year="1975">7.39066</maxSubResource>
					<mid-price fillout="1" year="1975">11.3</mid-price>
					<curve-exponent fillout="1" year="1975">2.317</curve-exponent>
				</smooth-renewable-subresource>
			</renewresource>
			<renewresource name="CSP_resource">
				<smooth-renewable-subresource name="CSP_resource">
					<maxSubResource fillout="1" year="1975">3.26326</maxSubResource>
					<mid-price fillout="1" year="1975">2.6</mid-price>
					<curve-exponent fillout="1" year="1975">1.868</curve-exponent>
				</smooth-renewable-subresource>
			</renewresource>
		</region>
		<region name="South Asia">
			<unlimited-resource delete="1" name="global solar resource"/>
			<renewresource name="PV_resource">
				<smooth-renewable-subresource name="PV_resource">
					<maxSubResource fillout="1" year="1975">6.28698</maxSubResource>
					<mid-price fillout="1" year="1975">1.6</mid-price>
					<curve-exponent fillout="1" year="1975">1.212</curve-exponent>
				</smooth-renewable-subresource>
			</renewresource>
			<renewresource name="CSP_resource">
				<smooth-renewable-subresource name="CSP_resource">
					<maxSubResource fillout="1" year="1975">2.55198</maxSubResource>
					<mid-price fillout="1" year="1975">1.7</mid-price>
					<curve-exponent fillout="1" year="1975">1.855</curve-exponent>
				</smooth-renewable-subresource>
			</renewresource>
		</region>
		<region name="South Korea">
			<unlimited-resource delete="1" name="global solar resource"/>
			<renewresource name="PV_resource">
				<smooth-renewable-subresource name="PV_resource">
					<maxSubResource fillout="1" year="1975">0.09891</maxSubResource>
					<mid-price fillout="1" year="1975">3.8</mid-price>
					<curve-exponent fillout="1" year="1975">1.867</curve-exponent>
				</smooth-renewable-subresource>
			</renewresource>
			<renewresource name="CSP_resource">
				<smooth-renewable-subresource name="CSP_resource">
					<maxSubResource fillout="1" year="1975">0.02067</maxSubResource>
					<mid-price fillout="1" year="1975">4.8</mid-price>
					<curve-exponent fillout="1" year="1975">6.362</curve-exponent>
				</smooth-renewable-subresource>
			</renewresource>
		</region>
		<region name="Southeast Asia">
			<unlimited-resource delete="1" name="global solar resource"/>
			<renewresource name="PV_resource">
				<smooth-renewable-subresource name="PV_resource">
					<maxSubResource fillout="1" year="1975">5.04003</maxSubResource>
					<mid-price fillout="1" year="1975">5.7</mid-price>
					<curve-exponent fillout="1" year="1975">2.123</curve-exponent>
				</smooth-renewable-subresource>
			</renewresource>
			<renewresource name="CSP_resource">
				<smooth-renewable-subresource name="CSP_resource">
					<maxSubResource fillout="1" year="1975">2.07808</maxSubResource>
					<mid-price fillout="1" year="1975">4.0</mid-price>
					<curve-exponent fillout="1" year="1975">4.934</curve-exponent>
				</smooth-renewable-subresource>
			</renewresource>
		</region>
		<region name="Taiwan">
			<unlimited-resource delete="1" name="global solar resource"/>
			<renewresource name="PV_resource">
				<smooth-renewable-subresource name="PV_resource">
					<maxSubResource fillout="1" year="1975">0.05096</maxSubResource>
					<mid-price fillout="1" year="1975">0.7</mid-price>
					<curve-exponent fillout="1" year="1975">1.683</curve-exponent>
				</smooth-renewable-subresource>
			</renewresource>
			<renewresource name="CSP_resource">
				<smooth-renewable-subresource name="CSP_resource">
					<maxSubResource fillout="1" year="1975">0.01558</maxSubResource>
					<mid-price fillout="1" year="1975">1.6</mid-price>
					<curve-exponent fillout="1" year="1975">1.134</curve-exponent>
				</smooth-renewable-subresource>
			</renewresource>
		</region>
		<region name="Argentina">
			<unlimited-resource delete="1" name="global solar resource"/>
			<renewresource name="PV_resource">
				<smooth-renewable-subresource name="PV_resource">
					<maxSubResource fillout="1" year="1975">17.14247</maxSubResource>
					<mid-price fillout="1" year="1975">6.0</mid-price>
					<curve-exponent fillout="1" year="1975">2.102</curve-exponent>
				</smooth-renewable-subresource>
			</renewresource>
			<renewresource name="CSP_resource">
				<smooth-renewable-subresource name="CSP_resource">
					<maxSubResource fillout="1" year="1975">4.88766</maxSubResource>
					<mid-price fillout="1" year="1975">9.1</mid-price>
					<curve-exponent fillout="1" year="1975">3.157</curve-exponent>
				</smooth-renewable-subresource>
			</renewresource>
		</region>
		<region name="Colombia">
			<unlimited-resource delete="1" name="global solar resource"/>
			<renewresource name="PV_resource">
				<smooth-renewable-subresource name="PV_resource">
					<maxSubResource fillout="1" year="1975">1.35247</maxSubResource>
					<mid-price fillout="1" year="1975">9.4</mid-price>
					<curve-exponent fillout="1" year="1975">3.302</curve-exponent>
				</smooth-renewable-subresource>
			</renewresource>
			<renewresource name="CSP_resource">
				<smooth-renewable-subresource name="CSP_resource">
					<maxSubResource fillout="1" year="1975">0.54823</maxSubResource>
					<mid-price fillout="1" year="1975">5.5</mid-price>
					<curve-exponent fillout="1" year="1975">4.302</curve-exponent>
				</smooth-renewable-subresource>
			</renewresource>
		</region>
		<region name="Uruguay">
			<unlimited-resource delete="1" name="global solar resource"/>
			<renewresource name="PV_resource">
				<smooth-renewable-subresource name="PV_resource">
					<maxSubResource fillout="1" year="1975">0.65035</maxSubResource>
					<mid-price fillout="1" year="1975">7.8</mid-price>
					<curve-exponent fillout="1" year="1975">5.141</curve-exponent>
				</smooth-renewable-subresource>
			</renewresource>
			<renewresource name="CSP_resource">
				<smooth-renewable-subresource name="CSP_resource">
					<maxSubResource fillout="1" year="1975">0.17794</maxSubResource>
					<mid-price fillout="1" year="1975">2.5</mid-price>
					<curve-exponent fillout="1" year="1975">5.84</curve-exponent>
				</smooth-renewable-subresource>
			</renewresource>
		</region>
		<global-technology-database>
			<location-info sector-name="H2 central production" subsector-name="solar">
				<technology name="electrolysis">
					<period year="1975">
						<minicam-energy-input delete="1" name="global solar resource"/>
						<minicam-energy-input name="PV_resource">
							<efficiency>0.626</efficiency>
							<flag>Resource</flag>
						</minicam-energy-input>
					</period>
					<period year="1990">
						<minicam-energy-input delete="1" name="global solar resource"/>
						<minicam-energy-input name="PV_resource">
							<efficiency>0.626</efficiency>
							<flag>Resource</flag>
						</minicam-energy-input>
					</period>
					<period year="2005">
						<minicam-energy-input delete="1" name="global solar resource"/>
						<minicam-energy-input name="PV_resource">
							<efficiency>0.626</efficiency>
							<flag>Resource</flag>
						</minicam-energy-input>
					</period>
					<period year="2010">
						<minicam-energy-input delete="1" name="global solar resource"/>
						<minicam-energy-input name="PV_resource">
							<efficiency>0.626</efficiency>
							<flag>Resource</flag>
						</minicam-energy-input>
					</period>
					<period year="2015">
						<minicam-energy-input delete="1" name="global solar resource"/>
						<minicam-energy-input name="PV_resource">
							<efficiency>0.626</efficiency>
							<flag>Resource</flag>
						</minicam-energy-input>
					</period>
					<period year="2020">
						<minicam-energy-input delete="1" name="global solar resource"/>
						<minicam-energy-input name="PV_resource">
							<efficiency>0.626</efficiency>
							<flag>Resource</flag>
						</minicam-energy-input>
					</period>
					<period year="2025">
						<minicam-energy-input delete="1" name="global solar resource"/>
						<minicam-energy-input name="PV_resource">
							<efficiency>0.635</efficiency>
							<flag>Resource</flag>
						</minicam-energy-input>
					</period>
					<period year="2030">
						<minicam-energy-input delete="1" name="global solar resource"/>
						<minicam-energy-input name="PV_resource">
							<efficiency>0.645</efficiency>
							<flag>Resource</flag>
						</minicam-energy-input>
					</period>
					<period year="2035">
						<minicam-energy-input delete="1" name="global solar resource"/>
						<minicam-energy-input name="PV_resource">
							<efficiency>0.654</efficiency>
							<flag>Resource</flag>
						</minicam-energy-input>
					</period>
					<period year="2040">
						<minicam-energy-input delete="1" name="global solar resource"/>
						<minicam-energy-input name="PV_resource">
							<efficiency>0.663</efficiency>
							<flag>Resource</flag>
						</minicam-energy-input>
					</period>
					<period year="2045">
						<minicam-energy-input delete="1" name="global solar resource"/>
						<minicam-energy-input name="PV_resource">
							<efficiency>0.673</efficiency>
							<flag>Resource</flag>
						</minicam-energy-input>
					</period>
					<period year="2050">
						<minicam-energy-input delete="1" name="global solar resource"/>
						<minicam-energy-input name="PV_resource">
							<efficiency>0.682</efficiency>
							<flag>Resource</flag>
						</minicam-energy-input>
					</period>
					<period year="2055">
						<minicam-energy-input delete="1" name="global solar resource"/>
						<minicam-energy-input name="PV_resource">
							<efficiency>0.692</efficiency>
							<flag>Resource</flag>
						</minicam-energy-input>
					</period>
					<period year="2060">
						<minicam-energy-input delete="1" name="global solar resource"/>
						<minicam-energy-input name="PV_resource">
							<efficiency>0.702</efficiency>
							<flag>Resource</flag>
						</minicam-energy-input>
					</period>
					<period year="2065">
						<minicam-energy-input delete="1" name="global solar resource"/>
						<minicam-energy-input name="PV_resource">
							<efficiency>0.712</efficiency>
							<flag>Resource</flag>
						</minicam-energy-input>
					</period>
					<period year="2070">
						<minicam-energy-input delete="1" name="global solar resource"/>
						<minicam-energy-input name="PV_resource">
							<efficiency>0.716</efficiency>
							<flag>Resource</flag>
						</minicam-energy-input>
					</period>
					<period year="2075">
						<minicam-energy-input delete="1" name="global solar resource"/>
						<minicam-energy-input name="PV_resource">
							<efficiency>0.719</efficiency>
							<flag>Resource</flag>
						</minicam-energy-input>
					</period>
					<period year="2080">
						<minicam-energy-input delete="1" name="global solar resource"/>
						<minicam-energy-input name="PV_resource">
							<efficiency>0.723</efficiency>
							<flag>Resource</flag>
						</minicam-energy-input>
					</period>
					<period year="2085">
						<minicam-energy-input delete="1" name="global solar resource"/>
						<minicam-energy-input name="PV_resource">
							<efficiency>0.727</efficiency>
							<flag>Resource</flag>
						</minicam-energy-input>
					</period>
					<period year="2090">
						<minicam-energy-input delete="1" name="global solar resource"/>
						<minicam-energy-input name="PV_resource">
							<efficiency>0.73</efficiency>
							<flag>Resource</flag>
						</minicam-energy-input>
					</period>
					<period year="2095">
						<minicam-energy-input delete="1" name="global solar resource"/>
						<minicam-energy-input name="PV_resource">
							<efficiency>0.734</efficiency>
							<flag>Resource</flag>
						</minicam-energy-input>
					</period>
					<period year="2100">
						<minicam-energy-input delete="1" name="global solar resource"/>
						<minicam-energy-input name="PV_resource">
							<efficiency>0.734</efficiency>
							<flag>Resource</flag>
						</minicam-energy-input>
					</period>
				</technology>
			</location-info>
			<location-info sector-name="elec_CSP" subsector-name="CSP">
				<intermittent-technology name="CSP (dry_hybrid)">
					<period year="1975">
						<minicam-energy-input delete="1" name="global solar resource"/>
						<minicam-energy-input name="CSP_resource">
							<efficiency>0.95</efficiency>
							<flag>Resource</flag>
						</minicam-energy-input>
					</period>
					<period year="1990">
						<minicam-energy-input delete="1" name="global solar resource"/>
						<minicam-energy-input name="CSP_resource">
							<efficiency>0.95</efficiency>
							<flag>Resource</flag>
						</minicam-energy-input>
					</period>
					<period year="2005">
						<minicam-energy-input delete="1" name="global solar resource"/>
						<minicam-energy-input name="CSP_resource">
							<efficiency>0.95</efficiency>
							<flag>Resource</flag>
						</minicam-energy-input>
					</period>
					<period year="2010">
						<minicam-energy-input delete="1" name="global solar resource"/>
						<minicam-energy-input name="CSP_resource">
							<efficiency>0.95</efficiency>
							<flag>Resource</flag>
						</minicam-energy-input>
					</period>
					<period year="2015">
						<minicam-energy-input delete="1" name="global solar resource"/>
						<minicam-energy-input name="CSP_resource">
							<efficiency>0.95</efficiency>
							<flag>Resource</flag>
						</minicam-energy-input>
					</period>
					<period year="2020">
						<minicam-energy-input delete="1" name="global solar resource"/>
						<minicam-energy-input name="CSP_resource">
							<efficiency>0.95</efficiency>
							<flag>Resource</flag>
						</minicam-energy-input>
					</period>
					<period year="2025">
						<minicam-energy-input delete="1" name="global solar resource"/>
						<minicam-energy-input name="CSP_resource">
							<efficiency>0.95</efficiency>
							<flag>Resource</flag>
						</minicam-energy-input>
					</period>
					<period year="2030">
						<minicam-energy-input delete="1" name="global solar resource"/>
						<minicam-energy-input name="CSP_resource">
							<efficiency>0.95</efficiency>
							<flag>Resource</flag>
						</minicam-energy-input>
					</period>
					<period year="2035">
						<minicam-energy-input delete="1" name="global solar resource"/>
						<minicam-energy-input name="CSP_resource">
							<efficiency>0.95</efficiency>
							<flag>Resource</flag>
						</minicam-energy-input>
					</period>
					<period year="2040">
						<minicam-energy-input delete="1" name="global solar resource"/>
						<minicam-energy-input name="CSP_resource">
							<efficiency>0.95</efficiency>
							<flag>Resource</flag>
						</minicam-energy-input>
					</period>
					<period year="2045">
						<minicam-energy-input delete="1" name="global solar resource"/>
						<minicam-energy-input name="CSP_resource">
							<efficiency>0.95</efficiency>
							<flag>Resource</flag>
						</minicam-energy-input>
					</period>
					<period year="2050">
						<minicam-energy-input delete="1" name="global solar resource"/>
						<minicam-energy-input name="CSP_resource">
							<efficiency>0.95</efficiency>
							<flag>Resource</flag>
						</minicam-energy-input>
					</period>
					<period year="2055">
						<minicam-energy-input delete="1" name="global solar resource"/>
						<minicam-energy-input name="CSP_resource">
							<efficiency>0.95</efficiency>
							<flag>Resource</flag>
						</minicam-energy-input>
					</period>
					<period year="2060">
						<minicam-energy-input delete="1" name="global solar resource"/>
						<minicam-energy-input name="CSP_resource">
							<efficiency>0.95</efficiency>
							<flag>Resource</flag>
						</minicam-energy-input>
					</period>
					<period year="2065">
						<minicam-energy-input delete="1" name="global solar resource"/>
						<minicam-energy-input name="CSP_resource">
							<efficiency>0.95</efficiency>
							<flag>Resource</flag>
						</minicam-energy-input>
					</period>
					<period year="2070">
						<minicam-energy-input delete="1" name="global solar resource"/>
						<minicam-energy-input name="CSP_resource">
							<efficiency>0.95</efficiency>
							<flag>Resource</flag>
						</minicam-energy-input>
					</period>
					<period year="2075">
						<minicam-energy-input delete="1" name="global solar resource"/>
						<minicam-energy-input name="CSP_resource">
							<efficiency>0.95</efficiency>
							<flag>Resource</flag>
						</minicam-energy-input>
					</period>
					<period year="2080">
						<minicam-energy-input delete="1" name="global solar resource"/>
						<minicam-energy-input name="CSP_resource">
							<efficiency>0.95</efficiency>
							<flag>Resource</flag>
						</minicam-energy-input>
					</period>
					<period year="2085">
						<minicam-energy-input delete="1" name="global solar resource"/>
						<minicam-energy-input name="CSP_resource">
							<efficiency>0.95</efficiency>
							<flag>Resource</flag>
						</minicam-energy-input>
					</period>
					<period year="2090">
						<minicam-energy-input delete="1" name="global solar resource"/>
						<minicam-energy-input name="CSP_resource">
							<efficiency>0.95</efficiency>
							<flag>Resource</flag>
						</minicam-energy-input>
					</period>
					<period year="2095">
						<minicam-energy-input delete="1" name="global solar resource"/>
						<minicam-energy-input name="CSP_resource">
							<efficiency>0.95</efficiency>
							<flag>Resource</flag>
						</minicam-energy-input>
					</period>
					<period year="2100">
						<minicam-energy-input delete="1" name="global solar resource"/>
						<minicam-energy-input name="CSP_resource">
							<efficiency>0.95</efficiency>
							<flag>Resource</flag>
						</minicam-energy-input>
					</period>
				</intermittent-technology>
				<intermittent-technology name="CSP (recirculating)">
					<period year="1975">
						<minicam-energy-input delete="1" name="global solar resource"/>
						<minicam-energy-input name="CSP_resource">
							<efficiency>1</efficiency>
							<flag>Resource</flag>
						</minicam-energy-input>
					</period>
					<period year="1990">
						<minicam-energy-input delete="1" name="global solar resource"/>
						<minicam-energy-input name="CSP_resource">
							<efficiency>1</efficiency>
							<flag>Resource</flag>
						</minicam-energy-input>
					</period>
					<period year="2005">
						<minicam-energy-input delete="1" name="global solar resource"/>
						<minicam-energy-input name="CSP_resource">
							<efficiency>1</efficiency>
							<flag>Resource</flag>
						</minicam-energy-input>
					</period>
					<period year="2010">
						<minicam-energy-input delete="1" name="global solar resource"/>
						<minicam-energy-input name="CSP_resource">
							<efficiency>1</efficiency>
							<flag>Resource</flag>
						</minicam-energy-input>
					</period>
					<period year="2015">
						<minicam-energy-input delete="1" name="global solar resource"/>
						<minicam-energy-input name="CSP_resource">
							<efficiency>1</efficiency>
							<flag>Resource</flag>
						</minicam-energy-input>
					</period>
					<period year="2020">
						<minicam-energy-input delete="1" name="global solar resource"/>
						<minicam-energy-input name="CSP_resource">
							<efficiency>1</efficiency>
							<flag>Resource</flag>
						</minicam-energy-input>
					</period>
					<period year="2025">
						<minicam-energy-input delete="1" name="global solar resource"/>
						<minicam-energy-input name="CSP_resource">
							<efficiency>1</efficiency>
							<flag>Resource</flag>
						</minicam-energy-input>
					</period>
					<period year="2030">
						<minicam-energy-input delete="1" name="global solar resource"/>
						<minicam-energy-input name="CSP_resource">
							<efficiency>1</efficiency>
							<flag>Resource</flag>
						</minicam-energy-input>
					</period>
					<period year="2035">
						<minicam-energy-input delete="1" name="global solar resource"/>
						<minicam-energy-input name="CSP_resource">
							<efficiency>1</efficiency>
							<flag>Resource</flag>
						</minicam-energy-input>
					</period>
					<period year="2040">
						<minicam-energy-input delete="1" name="global solar resource"/>
						<minicam-energy-input name="CSP_resource">
							<efficiency>1</efficiency>
							<flag>Resource</flag>
						</minicam-energy-input>
					</period>
					<period year="2045">
						<minicam-energy-input delete="1" name="global solar resource"/>
						<minicam-energy-input name="CSP_resource">
							<efficiency>1</efficiency>
							<flag>Resource</flag>
						</minicam-energy-input>
					</period>
					<period year="2050">
						<minicam-energy-input delete="1" name="global solar resource"/>
						<minicam-energy-input name="CSP_resource">
							<efficiency>1</efficiency>
							<flag>Resource</flag>
						</minicam-energy-input>
					</period>
					<period year="2055">
						<minicam-energy-input delete="1" name="global solar resource"/>
						<minicam-energy-input name="CSP_resource">
							<efficiency>1</efficiency>
							<flag>Resource</flag>
						</minicam-energy-input>
					</period>
					<period year="2060">
						<minicam-energy-input delete="1" name="global solar resource"/>
						<minicam-energy-input name="CSP_resource">
							<efficiency>1</efficiency>
							<flag>Resource</flag>
						</minicam-energy-input>
					</period>
					<period year="2065">
						<minicam-energy-input delete="1" name="global solar resource"/>
						<minicam-energy-input name="CSP_resource">
							<efficiency>1</efficiency>
							<flag>Resource</flag>
						</minicam-energy-input>
					</period>
					<period year="2070">
						<minicam-energy-input delete="1" name="global solar resource"/>
						<minicam-energy-input name="CSP_resource">
							<efficiency>1</efficiency>
							<flag>Resource</flag>
						</minicam-energy-input>
					</period>
					<period year="2075">
						<minicam-energy-input delete="1" name="global solar resource"/>
						<minicam-energy-input name="CSP_resource">
							<efficiency>1</efficiency>
							<flag>Resource</flag>
						</minicam-energy-input>
					</period>
					<period year="2080">
						<minicam-energy-input delete="1" name="global solar resource"/>
						<minicam-energy-input name="CSP_resource">
							<efficiency>1</efficiency>
							<flag>Resource</flag>
						</minicam-energy-input>
					</period>
					<period year="2085">
						<minicam-energy-input delete="1" name="global solar resource"/>
						<minicam-energy-input name="CSP_resource">
							<efficiency>1</efficiency>
							<flag>Resource</flag>
						</minicam-energy-input>
					</period>
					<period year="2090">
						<minicam-energy-input delete="1" name="global solar resource"/>
						<minicam-energy-input name="CSP_resource">
							<efficiency>1</efficiency>
							<flag>Resource</flag>
						</minicam-energy-input>
					</period>
					<period year="2095">
						<minicam-energy-input delete="1" name="global solar resource"/>
						<minicam-energy-input name="CSP_resource">
							<efficiency>1</efficiency>
							<flag>Resource</flag>
						</minicam-energy-input>
					</period>
					<period year="2100">
						<minicam-energy-input delete="1" name="global solar resource"/>
						<minicam-energy-input name="CSP_resource">
							<efficiency>1</efficiency>
							<flag>Resource</flag>
						</minicam-energy-input>
					</period>
				</intermittent-technology>
			</location-info>
			<location-info sector-name="elec_CSP_storage" subsector-name="CSP_storage">
				<technology name="CSP_storage (dry_hybrid)">
					<period year="1975">
						<minicam-energy-input delete="1" name="global solar resource"/>
						<minicam-energy-input name="CSP_resource">
							<efficiency>0.95</efficiency>
							<flag>Resource</flag>
						</minicam-energy-input>
					</period>
					<period year="1990">
						<minicam-energy-input delete="1" name="global solar resource"/>
						<minicam-energy-input name="CSP_resource">
							<efficiency>0.95</efficiency>
							<flag>Resource</flag>
						</minicam-energy-input>
					</period>
					<period year="2005">
						<minicam-energy-input delete="1" name="global solar resource"/>
						<minicam-energy-input name="CSP_resource">
							<efficiency>0.95</efficiency>
							<flag>Resource</flag>
						</minicam-energy-input>
					</period>
					<period year="2010">
						<minicam-energy-input delete="1" name="global solar resource"/>
						<minicam-energy-input name="CSP_resource">
							<efficiency>0.95</efficiency>
							<flag>Resource</flag>
						</minicam-energy-input>
					</period>
					<period year="2015">
						<minicam-energy-input delete="1" name="global solar resource"/>
						<minicam-energy-input name="CSP_resource">
							<efficiency>0.95</efficiency>
							<flag>Resource</flag>
						</minicam-energy-input>
					</period>
					<period year="2020">
						<minicam-energy-input delete="1" name="global solar resource"/>
						<minicam-energy-input name="CSP_resource">
							<efficiency>0.95</efficiency>
							<flag>Resource</flag>
						</minicam-energy-input>
					</period>
					<period year="2025">
						<minicam-energy-input delete="1" name="global solar resource"/>
						<minicam-energy-input name="CSP_resource">
							<efficiency>0.95</efficiency>
							<flag>Resource</flag>
						</minicam-energy-input>
					</period>
					<period year="2030">
						<minicam-energy-input delete="1" name="global solar resource"/>
						<minicam-energy-input name="CSP_resource">
							<efficiency>0.95</efficiency>
							<flag>Resource</flag>
						</minicam-energy-input>
					</period>
					<period year="2035">
						<minicam-energy-input delete="1" name="global solar resource"/>
						<minicam-energy-input name="CSP_resource">
							<efficiency>0.95</efficiency>
							<flag>Resource</flag>
						</minicam-energy-input>
					</period>
					<period year="2040">
						<minicam-energy-input delete="1" name="global solar resource"/>
						<minicam-energy-input name="CSP_resource">
							<efficiency>0.95</efficiency>
							<flag>Resource</flag>
						</minicam-energy-input>
					</period>
					<period year="2045">
						<minicam-energy-input delete="1" name="global solar resource"/>
						<minicam-energy-input name="CSP_resource">
							<efficiency>0.95</efficiency>
							<flag>Resource</flag>
						</minicam-energy-input>
					</period>
					<period year="2050">
						<minicam-energy-input delete="1" name="global solar resource"/>
						<minicam-energy-input name="CSP_resource">
							<efficiency>0.95</efficiency>
							<flag>Resource</flag>
						</minicam-energy-input>
					</period>
					<period year="2055">
						<minicam-energy-input delete="1" name="global solar resource"/>
						<minicam-energy-input name="CSP_resource">
							<efficiency>0.95</efficiency>
							<flag>Resource</flag>
						</minicam-energy-input>
					</period>
					<period year="2060">
						<minicam-energy-input delete="1" name="global solar resource"/>
						<minicam-energy-input name="CSP_resource">
							<efficiency>0.95</efficiency>
							<flag>Resource</flag>
						</minicam-energy-input>
					</period>
					<period year="2065">
						<minicam-energy-input delete="1" name="global solar resource"/>
						<minicam-energy-input name="CSP_resource">
							<efficiency>0.95</efficiency>
							<flag>Resource</flag>
						</minicam-energy-input>
					</period>
					<period year="2070">
						<minicam-energy-input delete="1" name="global solar resource"/>
						<minicam-energy-input name="CSP_resource">
							<efficiency>0.95</efficiency>
							<flag>Resource</flag>
						</minicam-energy-input>
					</period>
					<period year="2075">
						<minicam-energy-input delete="1" name="global solar resource"/>
						<minicam-energy-input name="CSP_resource">
							<efficiency>0.95</efficiency>
							<flag>Resource</flag>
						</minicam-energy-input>
					</period>
					<period year="2080">
						<minicam-energy-input delete="1" name="global solar resource"/>
						<minicam-energy-input name="CSP_resource">
							<efficiency>0.95</efficiency>
							<flag>Resource</flag>
						</minicam-energy-input>
					</period>
					<period year="2085">
						<minicam-energy-input delete="1" name="global solar resource"/>
						<minicam-energy-input name="CSP_resource">
							<efficiency>0.95</efficiency>
							<flag>Resource</flag>
						</minicam-energy-input>
					</period>
					<period year="2090">
						<minicam-energy-input delete="1" name="global solar resource"/>
						<minicam-energy-input name="CSP_resource">
							<efficiency>0.95</efficiency>
							<flag>Resource</flag>
						</minicam-energy-input>
					</period>
					<period year="2095">
						<minicam-energy-input delete="1" name="global solar resource"/>
						<minicam-energy-input name="CSP_resource">
							<efficiency>0.95</efficiency>
							<flag>Resource</flag>
						</minicam-energy-input>
					</period>
					<period year="2100">
						<minicam-energy-input delete="1" name="global solar resource"/>
						<minicam-energy-input name="CSP_resource">
							<efficiency>0.95</efficiency>
							<flag>Resource</flag>
						</minicam-energy-input>
					</period>
				</technology>
				<technology name="CSP_storage (recirculating)">
					<period year="1975">
						<minicam-energy-input delete="1" name="global solar resource"/>
						<minicam-energy-input name="CSP_resource">
							<efficiency>1</efficiency>
							<flag>Resource</flag>
						</minicam-energy-input>
					</period>
					<period year="1990">
						<minicam-energy-input delete="1" name="global solar resource"/>
						<minicam-energy-input name="CSP_resource">
							<efficiency>1</efficiency>
							<flag>Resource</flag>
						</minicam-energy-input>
					</period>
					<period year="2005">
						<minicam-energy-input delete="1" name="global solar resource"/>
						<minicam-energy-input name="CSP_resource">
							<efficiency>1</efficiency>
							<flag>Resource</flag>
						</minicam-energy-input>
					</period>
					<period year="2010">
						<minicam-energy-input delete="1" name="global solar resource"/>
						<minicam-energy-input name="CSP_resource">
							<efficiency>1</efficiency>
							<flag>Resource</flag>
						</minicam-energy-input>
					</period>
					<period year="2015">
						<minicam-energy-input delete="1" name="global solar resource"/>
						<minicam-energy-input name="CSP_resource">
							<efficiency>1</efficiency>
							<flag>Resource</flag>
						</minicam-energy-input>
					</period>
					<period year="2020">
						<minicam-energy-input delete="1" name="global solar resource"/>
						<minicam-energy-input name="CSP_resource">
							<efficiency>1</efficiency>
							<flag>Resource</flag>
						</minicam-energy-input>
					</period>
					<period year="2025">
						<minicam-energy-input delete="1" name="global solar resource"/>
						<minicam-energy-input name="CSP_resource">
							<efficiency>1</efficiency>
							<flag>Resource</flag>
						</minicam-energy-input>
					</period>
					<period year="2030">
						<minicam-energy-input delete="1" name="global solar resource"/>
						<minicam-energy-input name="CSP_resource">
							<efficiency>1</efficiency>
							<flag>Resource</flag>
						</minicam-energy-input>
					</period>
					<period year="2035">
						<minicam-energy-input delete="1" name="global solar resource"/>
						<minicam-energy-input name="CSP_resource">
							<efficiency>1</efficiency>
							<flag>Resource</flag>
						</minicam-energy-input>
					</period>
					<period year="2040">
						<minicam-energy-input delete="1" name="global solar resource"/>
						<minicam-energy-input name="CSP_resource">
							<efficiency>1</efficiency>
							<flag>Resource</flag>
						</minicam-energy-input>
					</period>
					<period year="2045">
						<minicam-energy-input delete="1" name="global solar resource"/>
						<minicam-energy-input name="CSP_resource">
							<efficiency>1</efficiency>
							<flag>Resource</flag>
						</minicam-energy-input>
					</period>
					<period year="2050">
						<minicam-energy-input delete="1" name="global solar resource"/>
						<minicam-energy-input name="CSP_resource">
							<efficiency>1</efficiency>
							<flag>Resource</flag>
						</minicam-energy-input>
					</period>
					<period year="2055">
						<minicam-energy-input delete="1" name="global solar resource"/>
						<minicam-energy-input name="CSP_resource">
							<efficiency>1</efficiency>
							<flag>Resource</flag>
						</minicam-energy-input>
					</period>
					<period year="2060">
						<minicam-energy-input delete="1" name="global solar resource"/>
						<minicam-energy-input name="CSP_resource">
							<efficiency>1</efficiency>
							<flag>Resource</flag>
						</minicam-energy-input>
					</period>
					<period year="2065">
						<minicam-energy-input delete="1" name="global solar resource"/>
						<minicam-energy-input name="CSP_resource">
							<efficiency>1</efficiency>
							<flag>Resource</flag>
						</minicam-energy-input>
					</period>
					<period year="2070">
						<minicam-energy-input delete="1" name="global solar resource"/>
						<minicam-energy-input name="CSP_resource">
							<efficiency>1</efficiency>
							<flag>Resource</flag>
						</minicam-energy-input>
					</period>
					<period year="2075">
						<minicam-energy-input delete="1" name="global solar resource"/>
						<minicam-energy-input name="CSP_resource">
							<efficiency>1</efficiency>
							<flag>Resource</flag>
						</minicam-energy-input>
					</period>
					<period year="2080">
						<minicam-energy-input delete="1" name="global solar resource"/>
						<minicam-energy-input name="CSP_resource">
							<efficiency>1</efficiency>
							<flag>Resource</flag>
						</minicam-energy-input>
					</period>
					<period year="2085">
						<minicam-energy-input delete="1" name="global solar resource"/>
						<minicam-energy-input name="CSP_resource">
							<efficiency>1</efficiency>
							<flag>Resource</flag>
						</minicam-energy-input>
					</period>
					<period year="2090">
						<minicam-energy-input delete="1" name="global solar resource"/>
						<minicam-energy-input name="CSP_resource">
							<efficiency>1</efficiency>
							<flag>Resource</flag>
						</minicam-energy-input>
					</period>
					<period year="2095">
						<minicam-energy-input delete="1" name="global solar resource"/>
						<minicam-energy-input name="CSP_resource">
							<efficiency>1</efficiency>
							<flag>Resource</flag>
						</minicam-energy-input>
					</period>
					<period year="2100">
						<minicam-energy-input delete="1" name="global solar resource"/>
						<minicam-energy-input name="CSP_resource">
							<efficiency>1</efficiency>
							<flag>Resource</flag>
						</minicam-energy-input>
					</period>
				</technology>
			</location-info>
			<location-info sector-name="electricity" subsector-name="solar">
				<intermittent-technology name="PV">
					<period year="1975">
						<minicam-energy-input delete="1" name="global solar resource"/>
						<minicam-energy-input name="PV_resource">
							<efficiency>1</efficiency>
							<flag>Resource</flag>
						</minicam-energy-input>
					</period>
					<period year="1990">
						<minicam-energy-input delete="1" name="global solar resource"/>
						<minicam-energy-input name="PV_resource">
							<efficiency>1</efficiency>
							<flag>Resource</flag>
						</minicam-energy-input>
					</period>
					<period year="2005">
						<minicam-energy-input delete="1" name="global solar resource"/>
						<minicam-energy-input name="PV_resource">
							<efficiency>1</efficiency>
							<flag>Resource</flag>
						</minicam-energy-input>
					</period>
					<period year="2010">
						<minicam-energy-input delete="1" name="global solar resource"/>
						<minicam-energy-input name="PV_resource">
							<efficiency>1</efficiency>
							<flag>Resource</flag>
						</minicam-energy-input>
					</period>
					<period year="2015">
						<minicam-energy-input delete="1" name="global solar resource"/>
						<minicam-energy-input name="PV_resource">
							<efficiency>1</efficiency>
							<flag>Resource</flag>
						</minicam-energy-input>
					</period>
					<period year="2020">
						<minicam-energy-input delete="1" name="global solar resource"/>
						<minicam-energy-input name="PV_resource">
							<efficiency>1</efficiency>
							<flag>Resource</flag>
						</minicam-energy-input>
					</period>
					<period year="2025">
						<minicam-energy-input delete="1" name="global solar resource"/>
						<minicam-energy-input name="PV_resource">
							<efficiency>1</efficiency>
							<flag>Resource</flag>
						</minicam-energy-input>
					</period>
					<period year="2030">
						<minicam-energy-input delete="1" name="global solar resource"/>
						<minicam-energy-input name="PV_resource">
							<efficiency>1</efficiency>
							<flag>Resource</flag>
						</minicam-energy-input>
					</period>
					<period year="2035">
						<minicam-energy-input delete="1" name="global solar resource"/>
						<minicam-energy-input name="PV_resource">
							<efficiency>1</efficiency>
							<flag>Resource</flag>
						</minicam-energy-input>
					</period>
					<period year="2040">
						<minicam-energy-input delete="1" name="global solar resource"/>
						<minicam-energy-input name="PV_resource">
							<efficiency>1</efficiency>
							<flag>Resource</flag>
						</minicam-energy-input>
					</period>
					<period year="2045">
						<minicam-energy-input delete="1" name="global solar resource"/>
						<minicam-energy-input name="PV_resource">
							<efficiency>1</efficiency>
							<flag>Resource</flag>
						</minicam-energy-input>
					</period>
					<period year="2050">
						<minicam-energy-input delete="1" name="global solar resource"/>
						<minicam-energy-input name="PV_resource">
							<efficiency>1</efficiency>
							<flag>Resource</flag>
						</minicam-energy-input>
					</period>
					<period year="2055">
						<minicam-energy-input delete="1" name="global solar resource"/>
						<minicam-energy-input name="PV_resource">
							<efficiency>1</efficiency>
							<flag>Resource</flag>
						</minicam-energy-input>
					</period>
					<period year="2060">
						<minicam-energy-input delete="1" name="global solar resource"/>
						<minicam-energy-input name="PV_resource">
							<efficiency>1</efficiency>
							<flag>Resource</flag>
						</minicam-energy-input>
					</period>
					<period year="2065">
						<minicam-energy-input delete="1" name="global solar resource"/>
						<minicam-energy-input name="PV_resource">
							<efficiency>1</efficiency>
							<flag>Resource</flag>
						</minicam-energy-input>
					</period>
					<period year="2070">
						<minicam-energy-input delete="1" name="global solar resource"/>
						<minicam-energy-input name="PV_resource">
							<efficiency>1</efficiency>
							<flag>Resource</flag>
						</minicam-energy-input>
					</period>
					<period year="2075">
						<minicam-energy-input delete="1" name="global solar resource"/>
						<minicam-energy-input name="PV_resource">
							<efficiency>1</efficiency>
							<flag>Resource</flag>
						</minicam-energy-input>
					</period>
					<period year="2080">
						<minicam-energy-input delete="1" name="global solar resource"/>
						<minicam-energy-input name="PV_resource">
							<efficiency>1</efficiency>
							<flag>Resource</flag>
						</minicam-energy-input>
					</period>
					<period year="2085">
						<minicam-energy-input delete="1" name="global solar resource"/>
						<minicam-energy-input name="PV_resource">
							<efficiency>1</efficiency>
							<flag>Resource</flag>
						</minicam-energy-input>
					</period>
					<period year="2090">
						<minicam-energy-input delete="1" name="global solar resource"/>
						<minicam-energy-input name="PV_resource">
							<efficiency>1</efficiency>
							<flag>Resource</flag>
						</minicam-energy-input>
					</period>
					<period year="2095">
						<minicam-energy-input delete="1" name="global solar resource"/>
						<minicam-energy-input name="PV_resource">
							<efficiency>1</efficiency>
							<flag>Resource</flag>
						</minicam-energy-input>
					</period>
					<period year="2100">
						<minicam-energy-input delete="1" name="global solar resource"/>
						<minicam-energy-input name="PV_resource">
							<efficiency>1</efficiency>
							<flag>Resource</flag>
						</minicam-energy-input>
					</period>
				</intermittent-technology>
				<technology name="PV_storage">
					<period year="1975">
						<minicam-energy-input delete="1" name="global solar resource"/>
						<minicam-energy-input name="PV_resource">
							<efficiency>0.96</efficiency>
							<flag>Resource</flag>
						</minicam-energy-input>
					</period>
					<period year="1990">
						<minicam-energy-input delete="1" name="global solar resource"/>
						<minicam-energy-input name="PV_resource">
							<efficiency>0.96</efficiency>
							<flag>Resource</flag>
						</minicam-energy-input>
					</period>
					<period year="2005">
						<minicam-energy-input delete="1" name="global solar resource"/>
						<minicam-energy-input name="PV_resource">
							<efficiency>0.96</efficiency>
							<flag>Resource</flag>
						</minicam-energy-input>
					</period>
					<period year="2010">
						<minicam-energy-input delete="1" name="global solar resource"/>
						<minicam-energy-input name="PV_resource">
							<efficiency>0.96</efficiency>
							<flag>Resource</flag>
						</minicam-energy-input>
					</period>
					<period year="2015">
						<minicam-energy-input delete="1" name="global solar resource"/>
						<minicam-energy-input name="PV_resource">
							<efficiency>0.96</efficiency>
							<flag>Resource</flag>
						</minicam-energy-input>
					</period>
					<period year="2020">
						<minicam-energy-input delete="1" name="global solar resource"/>
						<minicam-energy-input name="PV_resource">
							<efficiency>0.96</efficiency>
							<flag>Resource</flag>
						</minicam-energy-input>
					</period>
					<period year="2025">
						<minicam-energy-input delete="1" name="global solar resource"/>
						<minicam-energy-input name="PV_resource">
							<efficiency>0.96</efficiency>
							<flag>Resource</flag>
						</minicam-energy-input>
					</period>
					<period year="2030">
						<minicam-energy-input delete="1" name="global solar resource"/>
						<minicam-energy-input name="PV_resource">
							<efficiency>0.96</efficiency>
							<flag>Resource</flag>
						</minicam-energy-input>
					</period>
					<period year="2035">
						<minicam-energy-input delete="1" name="global solar resource"/>
						<minicam-energy-input name="PV_resource">
							<efficiency>0.96</efficiency>
							<flag>Resource</flag>
						</minicam-energy-input>
					</period>
					<period year="2040">
						<minicam-energy-input delete="1" name="global solar resource"/>
						<minicam-energy-input name="PV_resource">
							<efficiency>0.96</efficiency>
							<flag>Resource</flag>
						</minicam-energy-input>
					</period>
					<period year="2045">
						<minicam-energy-input delete="1" name="global solar resource"/>
						<minicam-energy-input name="PV_resource">
							<efficiency>0.96</efficiency>
							<flag>Resource</flag>
						</minicam-energy-input>
					</period>
					<period year="2050">
						<minicam-energy-input delete="1" name="global solar resource"/>
						<minicam-energy-input name="PV_resource">
							<efficiency>0.96</efficiency>
							<flag>Resource</flag>
						</minicam-energy-input>
					</period>
					<period year="2055">
						<minicam-energy-input delete="1" name="global solar resource"/>
						<minicam-energy-input name="PV_resource">
							<efficiency>0.96</efficiency>
							<flag>Resource</flag>
						</minicam-energy-input>
					</period>
					<period year="2060">
						<minicam-energy-input delete="1" name="global solar resource"/>
						<minicam-energy-input name="PV_resource">
							<efficiency>0.96</efficiency>
							<flag>Resource</flag>
						</minicam-energy-input>
					</period>
					<period year="2065">
						<minicam-energy-input delete="1" name="global solar resource"/>
						<minicam-energy-input name="PV_resource">
							<efficiency>0.96</efficiency>
							<flag>Resource</flag>
						</minicam-energy-input>
					</period>
					<period year="2070">
						<minicam-energy-input delete="1" name="global solar resource"/>
						<minicam-energy-input name="PV_resource">
							<efficiency>0.96</efficiency>
							<flag>Resource</flag>
						</minicam-energy-input>
					</period>
					<period year="2075">
						<minicam-energy-input delete="1" name="global solar resource"/>
						<minicam-energy-input name="PV_resource">
							<efficiency>0.96</efficiency>
							<flag>Resource</flag>
						</minicam-energy-input>
					</period>
					<period year="2080">
						<minicam-energy-input delete="1" name="global solar resource"/>
						<minicam-energy-input name="PV_resource">
							<efficiency>0.96</efficiency>
							<flag>Resource</flag>
						</minicam-energy-input>
					</period>
					<period year="2085">
						<minicam-energy-input delete="1" name="global solar resource"/>
						<minicam-energy-input name="PV_resource">
							<efficiency>0.96</efficiency>
							<flag>Resource</flag>
						</minicam-energy-input>
					</period>
					<period year="2090">
						<minicam-energy-input delete="1" name="global solar resource"/>
						<minicam-energy-input name="PV_resource">
							<efficiency>0.96</efficiency>
							<flag>Resource</flag>
						</minicam-energy-input>
					</period>
					<period year="2095">
						<minicam-energy-input delete="1" name="global solar resource"/>
						<minicam-energy-input name="PV_resource">
							<efficiency>0.96</efficiency>
							<flag>Resource</flag>
						</minicam-energy-input>
					</period>
					<period year="2100">
						<minicam-energy-input delete="1" name="global solar resource"/>
						<minicam-energy-input name="PV_resource">
							<efficiency>0.96</efficiency>
							<flag>Resource</flag>
						</minicam-energy-input>
					</period>
				</technology>
			</location-info>
		</global-technology-database>
	</world>
</scenario>
