<?xml version="1.0" ?>
<scenario>
	<world>
		<region name="USA">
			<unlimited-resource delete="1" name="global solar resource"/>
			<renewresource name="PV_resource">
				<smooth-renewable-subresource name="PV_resource">
					<maxSubResource fillout="1" year="1975">28.16808</maxSubResource>
					<mid-price fillout="1" year="1975">4.2</mid-price>
					<curve-exponent fillout="1" year="1975">1.724</curve-exponent>
				</smooth-renewable-subresource>
			</renewresource>
			<renewresource name="CSP_resource">
				<smooth-renewable-subresource name="CSP_resource">
					<maxSubResource fillout="1" year="1975">8.42144</maxSubResource>
					<mid-price fillout="1" year="1975">5.5</mid-price>
					<curve-exponent fillout="1" year="1975">1.98</curve-exponent>
				</smooth-renewable-subresource>
			</renewresource>
		</region>
		<region name="Africa_Eastern">
			<unlimited-resource delete="1" name="global solar resource"/>
			<renewresource name="PV_resource">
				<smooth-renewable-subresource name="PV_resource">
					<maxSubResource fillout="1" year="1975">64.36807</maxSubResource>
					<mid-price fillout="1" year="1975">4.0</mid-price>
					<curve-exponent fillout="1" year="1975">1.395</curve-exponent>
				</smooth-renewable-subresource>
			</renewresource>
			<renewresource name="CSP_resource">
				<smooth-renewable-subresource name="CSP_resource">
					<maxSubResource fillout="1" year="1975">34.51256</maxSubResource>
					<mid-price fillout="1" year="1975">1.2</mid-price>
					<curve-exponent fillout="1" year="1975">1.997</curve-exponent>
				</smooth-renewable-subresource>
			</renewresource>
		</region>
		<region name="Africa_Northern">
			<unlimited-resource delete="1" name="global solar resource"/>
			<renewresource name="PV_resource">
				<smooth-renewable-subresource name="PV_resource">
					<maxSubResource fillout="1" year="1975">125.9061</maxSubResource>
					<mid-price fillout="1" year="1975">4.0</mid-price>
					<curve-exponent fillout="1" year="1975">3.789</curve-exponent>
				</smooth-renewable-subresource>
			</renewresource>
			<renewresource name="CSP_resource">
				<smooth-renewable-subresource name="CSP_resource">
					<maxSubResource fillout="1" year="1975">61.55719</maxSubResource>
					<mid-price fillout="1" year="1975">2.0</mid-price>
					<curve-exponent fillout="1" year="1975">2.869</curve-exponent>
				</smooth-renewable-subresource>
			</renewresource>
		</region>
		<region name="Africa_Southern">
			<unlimited-resource delete="1" name="global solar resource"/>
			<renewresource name="PV_resource">
				<smooth-renewable-subresource name="PV_resource">
					<maxSubResource fillout="1" year="1975">37.93128</maxSubResource>
					<mid-price fillout="1" year="1975">3.9</mid-price>
					<curve-exponent fillout="1" year="1975">2.264</curve-exponent>
				</smooth-renewable-subresource>
			</renewresource>
			<renewresource name="CSP_resource">
				<smooth-renewable-subresource name="CSP_resource">
					<maxSubResource fillout="1" year="1975">18.61672</maxSubResource>
					<mid-price fillout="1" year="1975">1.8</mid-price>
					<curve-exponent fillout="1" year="1975">3.35</curve-exponent>
				</smooth-renewable-subresource>
			</renewresource>
		</region>
		<region name="Africa_Western">
			<unlimited-resource delete="1" name="global solar resource"/>
			<renewresource name="PV_resource">
				<smooth-renewable-subresource name="PV_resource">
					<maxSubResource fillout="1" year="1975">109.90118</maxSubResource>
					<mid-price fillout="1" year="1975">4.4</mid-price>
					<curve-exponent fillout="1" year="1975">2.29</curve-exponent>
				</smooth-renewable-subresource>
			</renewresource>
			<renewresource name="CSP_resource">
				<smooth-renewable-subresource name="CSP_resource">
					<maxSubResource fillout="1" year="1975">58.69843</maxSubResource>
					<mid-price fillout="1" year="1975">1.6</mid-price>
					<curve-exponent fillout="1" year="1975">2.349</curve-exponent>
				</smooth-renewable-subresource>
			</renewresource>
		</region>
		<region name="Australia_NZ">
			<unlimited-resource delete="1" name="global solar resource"/>
			<renewresource name="PV_resource">
				<smooth-renewable-subresource name="PV_resource">
					<maxSubResource fillout="1" year="1975">104.65928</maxSubResource>
					<mid-price fillout="1" year="1975">7.3</mid-price>
					<curve-exponent fillout="1" year="1975">2.934</curve-exponent>
				</smooth-renewable-subresource>
			</renewresource>
			<renewresource name="CSP_resource">
				<smooth-renewable-subresource name="CSP_resource">
					<maxSubResource fillout="1" year="1975">49.89804</maxSubResource>
					<mid-price fillout="1" year="1975">2.1</mid-price>
					<curve-exponent fillout="1" year="1975">3.028</curve-exponent>
				</smooth-renewable-subresource>
			</renewresource>
		</region>
		<region name="Brazil">
			<unlimited-resource delete="1" name="global solar resource"/>
			<renewresource name="PV_resource">
				<smooth-renewable-subresource name="PV_resource">
					<maxSubResource fillout="1" year="1975">17.48078</maxSubResource>
					<mid-price fillout="1" year="1975">7.4</mid-price>
					<curve-exponent fillout="1" year="1975">3.222</curve-exponent>
				</smooth-renewable-subresource>
			</renewresource>
			<renewresource name="CSP_resource">
				<smooth-renewable-subresource name="CSP_resource">
					<maxSubResource fillout="1" year="1975">7.7004</maxSubResource>
					<mid-price fillout="1" year="1975">2.6</mid-price>
					<curve-exponent fillout="1" year="1975">3.546</curve-exponent>
				</smooth-renewable-subresource>
			</renewresource>
		</region>
		<region name="Canada">
			<unlimited-resource delete="1" name="global solar resource"/>
			<renewresource name="PV_resource">
				<smooth-renewable-subresource name="PV_resource">
					<maxSubResource fillout="1" year="1975">6.38848</maxSubResource>
					<mid-price fillout="1" year="1975">31.5</mid-price>
					<curve-exponent fillout="1" year="1975">1.477</curve-exponent>
				</smooth-renewable-subresource>
			</renewresource>
			<renewresource name="CSP_resource">
				<smooth-renewable-subresource name="CSP_resource">
					<maxSubResource fillout="1" year="1975">0.6966</maxSubResource>
					<mid-price fillout="1" year="1975">4.3</mid-price>
					<curve-exponent fillout="1" year="1975">15.0</curve-exponent>
				</smooth-renewable-subresource>
			</renewresource>
		</region>
		<region name="Central America and Caribbean">
			<unlimited-resource delete="1" name="global solar resource"/>
			<renewresource name="PV_resource">
				<smooth-renewable-subresource name="PV_resource">
					<maxSubResource fillout="1" year="1975">1.02569</maxSubResource>
					<mid-price fillout="1" year="1975">6.4</mid-price>
					<curve-exponent fillout="1" year="1975">2.47</curve-exponent>
				</smooth-renewable-subresource>
			</renewresource>
			<renewresource name="CSP_resource">
				<smooth-renewable-subresource name="CSP_resource">
					<maxSubResource fillout="1" year="1975">0.4762</maxSubResource>
					<mid-price fillout="1" year="1975">2.9</mid-price>
					<curve-exponent fillout="1" year="1975">3.484</curve-exponent>
				</smooth-renewable-subresource>
			</renewresource>
		</region>
		<region name="Central Asia">
			<unlimited-resource delete="1" name="global solar resource"/>
			<renewresource name="PV_resource">
				<smooth-renewable-subresource name="PV_resource">
					<maxSubResource fillout="1" year="1975">53.84421</maxSubResource>
					<mid-price fillout="1" year="1975">5.4</mid-price>
					<curve-exponent fillout="1" year="1975">2.317</curve-exponent>
				</smooth-renewable-subresource>
			</renewresource>
			<renewresource name="CSP_resource">
				<smooth-renewable-subresource name="CSP_resource">
					<maxSubResource fillout="1" year="1975">11.89752</maxSubResource>
					<mid-price fillout="1" year="1975">6.7</mid-price>
					<curve-exponent fillout="1" year="1975">2.61</curve-exponent>
				</smooth-renewable-subresource>
			</renewresource>
		</region>
		<region name="China">
			<unlimited-resource delete="1" name="global solar resource"/>
			<renewresource name="PV_resource">
				<smooth-renewable-subresource name="PV_resource">
					<maxSubResource fillout="1" year="1975">45.56527</maxSubResource>
					<mid-price fillout="1" year="1975">4.1</mid-price>
					<curve-exponent fillout="1" year="1975">1.371</curve-exponent>
				</smooth-renewable-subresource>
			</renewresource>
			<renewresource name="CSP_resource">
				<smooth-renewable-subresource name="CSP_resource">
					<maxSubResource fillout="1" year="1975">12.39942</maxSubResource>
					<mid-price fillout="1" year="1975">9.1</mid-price>
					<curve-exponent fillout="1" year="1975">4.697</curve-exponent>
				</smooth-renewable-subresource>
			</renewresource>
		</region>
		<region name="EU-12">
			<unlimited-resource delete="1" name="global solar resource"/>
			<renewresource name="PV_resource">
				<smooth-renewable-subresource name="PV_resource">
					<maxSubResource fillout="1" year="1975">1.44345</maxSubResource>
					<mid-price fillout="1" year="1975">7.4</mid-price>
					<curve-exponent fillout="1" year="1975">3.541</curve-exponent>
				</smooth-renewable-subresource>
			</renewresource>
			<renewresource name="CSP_resource">
				<smooth-renewable-subresource name="CSP_resource">
					<maxSubResource fillout="1" year="1975">0.1784</maxSubResource>
					<mid-price fillout="1" year="1975">19.3</mid-price>
					<curve-exponent fillout="1" year="1975">15.0</curve-exponent>
				</smooth-renewable-subresource>
			</renewresource>
		</region>
		<region name="EU-15">
			<unlimited-resource delete="1" name="global solar resource"/>
			<renewresource name="PV_resource">
				<smooth-renewable-subresource name="PV_resource">
					<maxSubResource fillout="1" year="1975">4.34721</maxSubResource>
					<mid-price fillout="1" year="1975">6.9</mid-price>
					<curve-exponent fillout="1" year="1975">1.812</curve-exponent>
				</smooth-renewable-subresource>
			</renewresource>
			<renewresource name="CSP_resource">
				<smooth-renewable-subresource name="CSP_resource">
					<maxSubResource fillout="1" year="1975">0.79591</maxSubResource>
					<mid-price fillout="1" year="1975">12.9</mid-price>
					<curve-exponent fillout="1" year="1975">2.356</curve-exponent>
				</smooth-renewable-subresource>
			</renewresource>
		</region>
		<region name="Europe_Eastern">
			<unlimited-resource delete="1" name="global solar resource"/>
			<renewresource name="PV_resource">
				<smooth-renewable-subresource name="PV_resource">
					<maxSubResource fillout="1" year="1975">1.52172</maxSubResource>
					<mid-price fillout="1" year="1975">3.3</mid-price>
					<curve-exponent fillout="1" year="1975">2.72</curve-exponent>
				</smooth-renewable-subresource>
			</renewresource>
			<renewresource name="CSP_resource">
				<smooth-renewable-subresource name="CSP_resource">
					<maxSubResource fillout="1" year="1975">0.17331</maxSubResource>
					<mid-price fillout="1" year="1975">6.0</mid-price>
					<curve-exponent fillout="1" year="1975">14.796</curve-exponent>
				</smooth-renewable-subresource>
			</renewresource>
		</region>
		<region name="Europe_Non_EU">
			<unlimited-resource delete="1" name="global solar resource"/>
			<renewresource name="PV_resource">
				<smooth-renewable-subresource name="PV_resource">
					<maxSubResource fillout="1" year="1975">2.14938</maxSubResource>
					<mid-price fillout="1" year="1975">6.3</mid-price>
					<curve-exponent fillout="1" year="1975">3.081</curve-exponent>
				</smooth-renewable-subresource>
			</renewresource>
			<renewresource name="CSP_resource">
				<smooth-renewable-subresource name="CSP_resource">
					<maxSubResource fillout="1" year="1975">0.49301</maxSubResource>
					<mid-price fillout="1" year="1975">5.3</mid-price>
					<curve-exponent fillout="1" year="1975">2.353</curve-exponent>
				</smooth-renewable-subresource>
			</renewresource>
		</region>
		<region name="European Free Trade Association">
			<unlimited-resource delete="1" name="global solar resource"/>
			<renewresource name="PV_resource">
				<smooth-renewable-subresource name="PV_resource">
					<maxSubResource fillout="1" year="1975">0.17177</maxSubResource>
					<mid-price fillout="1" year="1975">3.0</mid-price>
					<curve-exponent fillout="1" year="1975">10.361</curve-exponent>
				</smooth-renewable-subresource>
			</renewresource>
			<renewresource name="CSP_resource">
				<smooth-renewable-subresource name="CSP_resource">
					<maxSubResource fillout="1" year="1975">0.01179</maxSubResource>
					<mid-price fillout="1" year="1975">21.5</mid-price>
					<curve-exponent fillout="1" year="1975">9.449</curve-exponent>
				</smooth-renewable-subresource>
			</renewresource>
		</region>
		<region name="India">
			<unlimited-resource delete="1" name="global solar resource"/>
			<renewresource name="PV_resource">
				<smooth-renewable-subresource name="PV_resource">
					<maxSubResource fillout="1" year="1975">13.92869</maxSubResource>
					<mid-price fillout="1" year="1975">3.4</mid-price>
					<curve-exponent fillout="1" year="1975">4.77</curve-exponent>
				</smooth-renewable-subresource>
			</renewresource>
			<renewresource name="CSP_resource">
				<smooth-renewable-subresource name="CSP_resource">
					<maxSubResource fillout="1" year="1975">6.15084</maxSubResource>
					<mid-price fillout="1" year="1975">2.9</mid-price>
					<curve-exponent fillout="1" year="1975">6.671</curve-exponent>
				</smooth-renewable-subresource>
			</renewresource>
		</region>
		<region name="Indonesia">
			<unlimited-resource delete="1" name="global solar resource"/>
			<renewresource name="PV_resource">
				<smooth-renewable-subresource name="PV_resource">
					<maxSubResource fillout="1" year="1975">1.81357</maxSubResource>
					<mid-price fillout="1" year="1975">10.7</mid-price>
					<curve-exponent fillout="1" year="1975">1.389</curve-exponent>
				</smooth-renewable-subresource>
			</renewresource>
			<renewresource name="CSP_resource">
				<smooth-renewable-subresource name="CSP_resource">
					<maxSubResource fillout="1" year="1975">0.79602</maxSubResource>
					<mid-price fillout="1" year="1975">4.4</mid-price>
					<curve-exponent fillout="1" year="1975">3.754</curve-exponent>
				</smooth-renewable-subresource>
			</renewresource>
		</region>
		<region name="Japan">
			<unlimited-resource delete="1" name="global solar resource"/>
			<renewresource name="PV_resource">
				<smooth-renewable-subresource name="PV_resource">
					<maxSubResource fillout="1" year="1975">0.14922</maxSubResource>
					<mid-price fillout="1" year="1975">0.6</mid-price>
					<curve-exponent fillout="1" year="1975">1.0</curve-exponent>
				</smooth-renewable-subresource>
			</renewresource>
			<renewresource name="CSP_resource">
				<smooth-renewable-subresource name="CSP_resource">
					<maxSubResource fillout="1" year="1975">0.02565</maxSubResource>
					<mid-price fillout="1" year="1975">7.0</mid-price>
					<curve-exponent fillout="1" year="1975">1.812</curve-exponent>
				</smooth-renewable-subresource>
			</renewresource>
		</region>
		<region name="Mexico">
			<unlimited-resource delete="1" name="global solar resource"/>
			<renewresource name="PV_resource">
				<smooth-renewable-subresource name="PV_resource">
					<maxSubResource fillout="1" year="1975">11.82048</maxSubResource>
					<mid-price fillout="1" year="1975">2.9</mid-price>
					<curve-exponent fillout="1" year="1975">1.874</curve-exponent>
				</smooth-renewable-subresource>
			</renewresource>
			<renewresource name="CSP_resource">
				<smooth-renewable-subresource name="CSP_resource">
					<maxSubResource fillout="1" year="1975">5.39516</maxSubResource>
					<mid-price fillout="1" year="1975">2.2</mid-price>
					<curve-exponent fillout="1" year="1975">3.638</curve-exponent>
				</smooth-renewable-subresource>
			</renewresource>
		</region>
		<region name="Middle East">
			<unlimited-resource delete="1" name="global solar resource"/>
			<renewresource name="PV_resource">
				<smooth-renewable-subresource name="PV_resource">
					<maxSubResource fillout="1" year="1975">73.77774</maxSubResource>
					<mid-price fillout="1" year="1975">1.4</mid-price>
					<curve-exponent fillout="1" year="1975">3.269</curve-exponent>
				</smooth-renewable-subresource>
			</renewresource>
			<renewresource name="CSP_resource">
				<smooth-renewable-subresource name="CSP_resource">
					<maxSubResource fillout="1" year="1975">34.90172</maxSubResource>
					<mid-price fillout="1" year="1975">2.5</mid-price>
					<curve-exponent fillout="1" year="1975">2.572</curve-exponent>
				</smooth-renewable-subresource>
			</renewresource>
		</region>
		<region name="Pakistan">
			<unlimited-resource delete="1" name="global solar resource"/>
			<renewresource name="PV_resource">
				<smooth-renewable-subresource name="PV_resource">
					<maxSubResource fillout="1" year="1975">10.32147</maxSubResource>
					<mid-price fillout="1" year="1975">1.4</mid-price>
					<curve-exponent fillout="1" year="1975">2.415</curve-exponent>
				</smooth-renewable-subresource>
			</renewresource>
			<renewresource name="CSP_resource">
				<smooth-renewable-subresource name="CSP_resource">
					<maxSubResource fillout="1" year="1975">4.683</maxSubResource>
					<mid-price fillout="1" year="1975">2.3</mid-price>
					<curve-exponent fillout="1" year="1975">5.149</curve-exponent>
				</smooth-renewable-subresource>
			</renewresource>
		</region>
		<region name="Russia">
			<unlimited-resource delete="1" name="global solar resource"/>
			<renewresource name="PV_resource">
				<smooth-renewable-subresource name="PV_resource">
					<maxSubResource fillout="1" year="1975">9.03823</maxSubResource>
					<mid-price fillout="1" year="1975">10.4</mid-price>
					<curve-exponent fillout="1" year="1975">1.328</curve-exponent>
				</smooth-renewable-subresource>
			</renewresource>
			<renewresource name="CSP_resource">
				<smooth-renewable-subresource name="CSP_resource">
					<maxSubResource fillout="1" year="1975">1.07988</maxSubResource>
					<mid-price fillout="1" year="1975">8.7</mid-price>
					<curve-exponent fillout="1" year="1975">15.0</curve-exponent>
				</smooth-renewable-subresource>
			</renewresource>
		</region>
		<region name="South Africa">
			<unlimited-resource delete="1" name="global solar resource"/>
			<renewresource name="PV_resource">
				<smooth-renewable-subresource name="PV_resource">
					<maxSubResource fillout="1" year="1975">15.18998</maxSubResource>
					<mid-price fillout="1" year="1975">1.9</mid-price>
					<curve-exponent fillout="1" year="1975">2.81</curve-exponent>
				</smooth-renewable-subresource>
			</renewresource>
			<renewresource name="CSP_resource">
				<smooth-renewable-subresource name="CSP_resource">
					<maxSubResource fillout="1" year="1975">7.20456</maxSubResource>
					<mid-price fillout="1" year="1975">0.6</mid-price>
					<curve-exponent fillout="1" year="1975">1.857</curve-exponent>
				</smooth-renewable-subresource>
			</renewresource>
		</region>
		<region name="South America_Northern">
			<unlimited-resource delete="1" name="global solar resource"/>
			<renewresource name="PV_resource">
				<smooth-renewable-subresource name="PV_resource">
					<maxSubResource fillout="1" year="1975">1.45773</maxSubResource>
					<mid-price fillout="1" year="1975">5.8</mid-price>
					<curve-exponent fillout="1" year="1975">3.292</curve-exponent>
				</smooth-renewable-subresource>
			</renewresource>
			<renewresource name="CSP_resource">
				<smooth-renewable-subresource name="CSP_resource">
					<maxSubResource fillout="1" year="1975">0.65665</maxSubResource>
					<mid-price fillout="1" year="1975">3.4</mid-price>
					<curve-exponent fillout="1" year="1975">5.949</curve-exponent>
				</smooth-renewable-subresource>
			</renewresource>
		</region>
		<region name="South America_Southern">
			<unlimited-resource delete="1" name="global solar resource"/>
			<renewresource name="PV_resource">
				<smooth-renewable-subresource name="PV_resource">
					<maxSubResource fillout="1" year="1975">7.44537</maxSubResource>
					<mid-price fillout="1" year="1975">11.2</mid-price>
					<curve-exponent fillout="1" year="1975">2.356</curve-exponent>
				</smooth-renewable-subresource>
			</renewresource>
			<renewresource name="CSP_resource">
				<smooth-renewable-subresource name="CSP_resource">
					<maxSubResource fillout="1" year="1975">3.33614</maxSubResource>
					<mid-price fillout="1" year="1975">3.1</mid-price>
					<curve-exponent fillout="1" year="1975">2.156</curve-exponent>
				</smooth-renewable-subresource>
			</renewresource>
		</region>
		<region name="South Asia">
			<unlimited-resource delete="1" name="global solar resource"/>
			<renewresource name="PV_resource">
				<smooth-renewable-subresource name="PV_resource">
					<maxSubResource fillout="1" year="1975">6.36888</maxSubResource>
					<mid-price fillout="1" year="1975">1.5</mid-price>
					<curve-exponent fillout="1" year="1975">1.162</curve-exponent>
				</smooth-renewable-subresource>
			</renewresource>
			<renewresource name="CSP_resource">
				<smooth-renewable-subresource name="CSP_resource">
					<maxSubResource fillout="1" year="1975">2.64224</maxSubResource>
					<mid-price fillout="1" year="1975">1.7</mid-price>
					<curve-exponent fillout="1" year="1975">1.938</curve-exponent>
				</smooth-renewable-subresource>
			</renewresource>
		</region>
		<region name="South Korea">
			<unlimited-resource delete="1" name="global solar resource"/>
			<renewresource name="PV_resource">
				<smooth-renewable-subresource name="PV_resource">
					<maxSubResource fillout="1" year="1975">0.10174</maxSubResource>
					<mid-price fillout="1" year="1975">3.8</mid-price>
					<curve-exponent fillout="1" year="1975">1.225</curve-exponent>
				</smooth-renewable-subresource>
			</renewresource>
			<renewresource name="CSP_resource">
				<smooth-renewable-subresource name="CSP_resource">
					<maxSubResource fillout="1" year="1975">0.02245</maxSubResource>
					<mid-price fillout="1" year="1975">4.0</mid-price>
					<curve-exponent fillout="1" year="1975">5.129</curve-exponent>
				</smooth-renewable-subresource>
			</renewresource>
		</region>
		<region name="Southeast Asia">
			<unlimited-resource delete="1" name="global solar resource"/>
			<renewresource name="PV_resource">
				<smooth-renewable-subresource name="PV_resource">
					<maxSubResource fillout="1" year="1975">5.12339</maxSubResource>
					<mid-price fillout="1" year="1975">5.4</mid-price>
					<curve-exponent fillout="1" year="1975">2.07</curve-exponent>
				</smooth-renewable-subresource>
			</renewresource>
			<renewresource name="CSP_resource">
				<smooth-renewable-subresource name="CSP_resource">
					<maxSubResource fillout="1" year="1975">2.15728</maxSubResource>
					<mid-price fillout="1" year="1975">3.5</mid-price>
					<curve-exponent fillout="1" year="1975">4.632</curve-exponent>
				</smooth-renewable-subresource>
			</renewresource>
		</region>
		<region name="Taiwan">
			<unlimited-resource delete="1" name="global solar resource"/>
			<renewresource name="PV_resource">
				<smooth-renewable-subresource name="PV_resource">
					<maxSubResource fillout="1" year="1975">0.05066</maxSubResource>
					<mid-price fillout="1" year="1975">0.7</mid-price>
					<curve-exponent fillout="1" year="1975">1.685</curve-exponent>
				</smooth-renewable-subresource>
			</renewresource>
			<renewresource name="CSP_resource">
				<smooth-renewable-subresource name="CSP_resource">
					<maxSubResource fillout="1" year="1975">0.01563</maxSubResource>
					<mid-price fillout="1" year="1975">1.5</mid-price>
					<curve-exponent fillout="1" year="1975">1.115</curve-exponent>
				</smooth-renewable-subresource>
			</renewresource>
		</region>
		<region name="Argentina">
			<unlimited-resource delete="1" name="global solar resource"/>
			<renewresource name="PV_resource">
				<smooth-renewable-subresource name="PV_resource">
					<maxSubResource fillout="1" year="1975">17.2735</maxSubResource>
					<mid-price fillout="1" year="1975">6.3</mid-price>
					<curve-exponent fillout="1" year="1975">2.206</curve-exponent>
				</smooth-renewable-subresource>
			</renewresource>
			<renewresource name="CSP_resource">
				<smooth-renewable-subresource name="CSP_resource">
					<maxSubResource fillout="1" year="1975">4.98841</maxSubResource>
					<mid-price fillout="1" year="1975">8.8</mid-price>
					<curve-exponent fillout="1" year="1975">3.206</curve-exponent>
				</smooth-renewable-subresource>
			</renewresource>
		</region>
		<region name="Colombia">
			<unlimited-resource delete="1" name="global solar resource"/>
			<renewresource name="PV_resource">
				<smooth-renewable-subresource name="PV_resource">
					<maxSubResource fillout="1" year="1975">1.35023</maxSubResource>
					<mid-price fillout="1" year="1975">9.5</mid-price>
					<curve-exponent fillout="1" year="1975">3.321</curve-exponent>
				</smooth-renewable-subresource>
			</renewresource>
			<renewresource name="CSP_resource">
				<smooth-renewable-subresource name="CSP_resource">
					<maxSubResource fillout="1" year="1975">0.54635</maxSubResource>
					<mid-price fillout="1" year="1975">5.6</mid-price>
					<curve-exponent fillout="1" year="1975">4.304</curve-exponent>
				</smooth-renewable-subresource>
			</renewresource>
		</region>
		<region name="Uruguay">
			<unlimited-resource delete="1" name="global solar resource"/>
			<renewresource name="PV_resource">
				<smooth-renewable-subresource name="PV_resource">
					<maxSubResource fillout="1" year="1975">0.64909</maxSubResource>
					<mid-price fillout="1" year="1975">7.8</mid-price>
					<curve-exponent fillout="1" year="1975">5.368</curve-exponent>
				</smooth-renewable-subresource>
			</renewresource>
			<renewresource name="CSP_resource">
				<smooth-renewable-subresource name="CSP_resource">
					<maxSubResource fillout="1" year="1975">0.17779</maxSubResource>
					<mid-price fillout="1" year="1975">2.4</mid-price>
					<curve-exponent fillout="1" year="1975">5.641</curve-exponent>
				</smooth-renewable-subresource>
			</renewresource>
		</region>
		<global-technology-database>
			<location-info sector-name="H2 central production" subsector-name="solar">
				<technology name="electrolysis">
					<period year="1975">
						<minicam-energy-input delete="1" name="global solar resource"/>
						<minicam-energy-input name="PV_resource">
							<efficiency>0.626</efficiency>
							<flag>Resource</flag>
						</minicam-energy-input>
					</period>
					<period year="1990">
						<minicam-energy-input delete="1" name="global solar resource"/>
						<minicam-energy-input name="PV_resource">
							<efficiency>0.626</efficiency>
							<flag>Resource</flag>
						</minicam-energy-input>
					</period>
					<period year="2005">
						<minicam-energy-input delete="1" name="global solar resource"/>
						<minicam-energy-input name="PV_resource">
							<efficiency>0.626</efficiency>
							<flag>Resource</flag>
						</minicam-energy-input>
					</period>
					<period year="2010">
						<minicam-energy-input delete="1" name="global solar resource"/>
						<minicam-energy-input name="PV_resource">
							<efficiency>0.626</efficiency>
							<flag>Resource</flag>
						</minicam-energy-input>
					</period>
					<period year="2015">
						<minicam-energy-input delete="1" name="global solar resource"/>
						<minicam-energy-input name="PV_resource">
							<efficiency>0.626</efficiency>
							<flag>Resource</flag>
						</minicam-energy-input>
					</period>
					<period year="2020">
						<minicam-energy-input delete="1" name="global solar resource"/>
						<minicam-energy-input name="PV_resource">
							<efficiency>0.626</efficiency>
							<flag>Resource</flag>
						</minicam-energy-input>
					</period>
					<period year="2025">
						<minicam-energy-input delete="1" name="global solar resource"/>
						<minicam-energy-input name="PV_resource">
							<efficiency>0.635</efficiency>
							<flag>Resource</flag>
						</minicam-energy-input>
					</period>
					<period year="2030">
						<minicam-energy-input delete="1" name="global solar resource"/>
						<minicam-energy-input name="PV_resource">
							<efficiency>0.645</efficiency>
							<flag>Resource</flag>
						</minicam-energy-input>
					</period>
					<period year="2035">
						<minicam-energy-input delete="1" name="global solar resource"/>
						<minicam-energy-input name="PV_resource">
							<efficiency>0.654</efficiency>
							<flag>Resource</flag>
						</minicam-energy-input>
					</period>
					<period year="2040">
						<minicam-energy-input delete="1" name="global solar resource"/>
						<minicam-energy-input name="PV_resource">
							<efficiency>0.663</efficiency>
							<flag>Resource</flag>
						</minicam-energy-input>
					</period>
					<period year="2045">
						<minicam-energy-input delete="1" name="global solar resource"/>
						<minicam-energy-input name="PV_resource">
							<efficiency>0.673</efficiency>
							<flag>Resource</flag>
						</minicam-energy-input>
					</period>
					<period year="2050">
						<minicam-energy-input delete="1" name="global solar resource"/>
						<minicam-energy-input name="PV_resource">
							<efficiency>0.682</efficiency>
							<flag>Resource</flag>
						</minicam-energy-input>
					</period>
					<period year="2055">
						<minicam-energy-input delete="1" name="global solar resource"/>
						<minicam-energy-input name="PV_resource">
							<efficiency>0.692</efficiency>
							<flag>Resource</flag>
						</minicam-energy-input>
					</period>
					<period year="2060">
						<minicam-energy-input delete="1" name="global solar resource"/>
						<minicam-energy-input name="PV_resource">
							<efficiency>0.702</efficiency>
							<flag>Resource</flag>
						</minicam-energy-input>
					</period>
					<period year="2065">
						<minicam-energy-input delete="1" name="global solar resource"/>
						<minicam-energy-input name="PV_resource">
							<efficiency>0.712</efficiency>
							<flag>Resource</flag>
						</minicam-energy-input>
					</period>
					<period year="2070">
						<minicam-energy-input delete="1" name="global solar resource"/>
						<minicam-energy-input name="PV_resource">
							<efficiency>0.716</efficiency>
							<flag>Resource</flag>
						</minicam-energy-input>
					</period>
					<period year="2075">
						<minicam-energy-input delete="1" name="global solar resource"/>
						<minicam-energy-input name="PV_resource">
							<efficiency>0.719</efficiency>
							<flag>Resource</flag>
						</minicam-energy-input>
					</period>
					<period year="2080">
						<minicam-energy-input delete="1" name="global solar resource"/>
						<minicam-energy-input name="PV_resource">
							<efficiency>0.723</efficiency>
							<flag>Resource</flag>
						</minicam-energy-input>
					</period>
					<period year="2085">
						<minicam-energy-input delete="1" name="global solar resource"/>
						<minicam-energy-input name="PV_resource">
							<efficiency>0.727</efficiency>
							<flag>Resource</flag>
						</minicam-energy-input>
					</period>
					<period year="2090">
						<minicam-energy-input delete="1" name="global solar resource"/>
						<minicam-energy-input name="PV_resource">
							<efficiency>0.73</efficiency>
							<flag>Resource</flag>
						</minicam-energy-input>
					</period>
					<period year="2095">
						<minicam-energy-input delete="1" name="global solar resource"/>
						<minicam-energy-input name="PV_resource">
							<efficiency>0.734</efficiency>
							<flag>Resource</flag>
						</minicam-energy-input>
					</period>
					<period year="2100">
						<minicam-energy-input delete="1" name="global solar resource"/>
						<minicam-energy-input name="PV_resource">
							<efficiency>0.734</efficiency>
							<flag>Resource</flag>
						</minicam-energy-input>
					</period>
				</technology>
			</location-info>
			<location-info sector-name="elec_CSP" subsector-name="CSP">
				<intermittent-technology name="CSP (dry_hybrid)">
					<period year="1975">
						<minicam-energy-input delete="1" name="global solar resource"/>
						<minicam-energy-input name="CSP_resource">
							<efficiency>0.95</efficiency>
							<flag>Resource</flag>
						</minicam-energy-input>
					</period>
					<period year="1990">
						<minicam-energy-input delete="1" name="global solar resource"/>
						<minicam-energy-input name="CSP_resource">
							<efficiency>0.95</efficiency>
							<flag>Resource</flag>
						</minicam-energy-input>
					</period>
					<period year="2005">
						<minicam-energy-input delete="1" name="global solar resource"/>
						<minicam-energy-input name="CSP_resource">
							<efficiency>0.95</efficiency>
							<flag>Resource</flag>
						</minicam-energy-input>
					</period>
					<period year="2010">
						<minicam-energy-input delete="1" name="global solar resource"/>
						<minicam-energy-input name="CSP_resource">
							<efficiency>0.95</efficiency>
							<flag>Resource</flag>
						</minicam-energy-input>
					</period>
					<period year="2015">
						<minicam-energy-input delete="1" name="global solar resource"/>
						<minicam-energy-input name="CSP_resource">
							<efficiency>0.95</efficiency>
							<flag>Resource</flag>
						</minicam-energy-input>
					</period>
					<period year="2020">
						<minicam-energy-input delete="1" name="global solar resource"/>
						<minicam-energy-input name="CSP_resource">
							<efficiency>0.95</efficiency>
							<flag>Resource</flag>
						</minicam-energy-input>
					</period>
					<period year="2025">
						<minicam-energy-input delete="1" name="global solar resource"/>
						<minicam-energy-input name="CSP_resource">
							<efficiency>0.95</efficiency>
							<flag>Resource</flag>
						</minicam-energy-input>
					</period>
					<period year="2030">
						<minicam-energy-input delete="1" name="global solar resource"/>
						<minicam-energy-input name="CSP_resource">
							<efficiency>0.95</efficiency>
							<flag>Resource</flag>
						</minicam-energy-input>
					</period>
					<period year="2035">
						<minicam-energy-input delete="1" name="global solar resource"/>
						<minicam-energy-input name="CSP_resource">
							<efficiency>0.95</efficiency>
							<flag>Resource</flag>
						</minicam-energy-input>
					</period>
					<period year="2040">
						<minicam-energy-input delete="1" name="global solar resource"/>
						<minicam-energy-input name="CSP_resource">
							<efficiency>0.95</efficiency>
							<flag>Resource</flag>
						</minicam-energy-input>
					</period>
					<period year="2045">
						<minicam-energy-input delete="1" name="global solar resource"/>
						<minicam-energy-input name="CSP_resource">
							<efficiency>0.95</efficiency>
							<flag>Resource</flag>
						</minicam-energy-input>
					</period>
					<period year="2050">
						<minicam-energy-input delete="1" name="global solar resource"/>
						<minicam-energy-input name="CSP_resource">
							<efficiency>0.95</efficiency>
							<flag>Resource</flag>
						</minicam-energy-input>
					</period>
					<period year="2055">
						<minicam-energy-input delete="1" name="global solar resource"/>
						<minicam-energy-input name="CSP_resource">
							<efficiency>0.95</efficiency>
							<flag>Resource</flag>
						</minicam-energy-input>
					</period>
					<period year="2060">
						<minicam-energy-input delete="1" name="global solar resource"/>
						<minicam-energy-input name="CSP_resource">
							<efficiency>0.95</efficiency>
							<flag>Resource</flag>
						</minicam-energy-input>
					</period>
					<period year="2065">
						<minicam-energy-input delete="1" name="global solar resource"/>
						<minicam-energy-input name="CSP_resource">
							<efficiency>0.95</efficiency>
							<flag>Resource</flag>
						</minicam-energy-input>
					</period>
					<period year="2070">
						<minicam-energy-input delete="1" name="global solar resource"/>
						<minicam-energy-input name="CSP_resource">
							<efficiency>0.95</efficiency>
							<flag>Resource</flag>
						</minicam-energy-input>
					</period>
					<period year="2075">
						<minicam-energy-input delete="1" name="global solar resource"/>
						<minicam-energy-input name="CSP_resource">
							<efficiency>0.95</efficiency>
							<flag>Resource</flag>
						</minicam-energy-input>
					</period>
					<period year="2080">
						<minicam-energy-input delete="1" name="global solar resource"/>
						<minicam-energy-input name="CSP_resource">
							<efficiency>0.95</efficiency>
							<flag>Resource</flag>
						</minicam-energy-input>
					</period>
					<period year="2085">
						<minicam-energy-input delete="1" name="global solar resource"/>
						<minicam-energy-input name="CSP_resource">
							<efficiency>0.95</efficiency>
							<flag>Resource</flag>
						</minicam-energy-input>
					</period>
					<period year="2090">
						<minicam-energy-input delete="1" name="global solar resource"/>
						<minicam-energy-input name="CSP_resource">
							<efficiency>0.95</efficiency>
							<flag>Resource</flag>
						</minicam-energy-input>
					</period>
					<period year="2095">
						<minicam-energy-input delete="1" name="global solar resource"/>
						<minicam-energy-input name="CSP_resource">
							<efficiency>0.95</efficiency>
							<flag>Resource</flag>
						</minicam-energy-input>
					</period>
					<period year="2100">
						<minicam-energy-input delete="1" name="global solar resource"/>
						<minicam-energy-input name="CSP_resource">
							<efficiency>0.95</efficiency>
							<flag>Resource</flag>
						</minicam-energy-input>
					</period>
				</intermittent-technology>
				<intermittent-technology name="CSP (recirculating)">
					<period year="1975">
						<minicam-energy-input delete="1" name="global solar resource"/>
						<minicam-energy-input name="CSP_resource">
							<efficiency>1</efficiency>
							<flag>Resource</flag>
						</minicam-energy-input>
					</period>
					<period year="1990">
						<minicam-energy-input delete="1" name="global solar resource"/>
						<minicam-energy-input name="CSP_resource">
							<efficiency>1</efficiency>
							<flag>Resource</flag>
						</minicam-energy-input>
					</period>
					<period year="2005">
						<minicam-energy-input delete="1" name="global solar resource"/>
						<minicam-energy-input name="CSP_resource">
							<efficiency>1</efficiency>
							<flag>Resource</flag>
						</minicam-energy-input>
					</period>
					<period year="2010">
						<minicam-energy-input delete="1" name="global solar resource"/>
						<minicam-energy-input name="CSP_resource">
							<efficiency>1</efficiency>
							<flag>Resource</flag>
						</minicam-energy-input>
					</period>
					<period year="2015">
						<minicam-energy-input delete="1" name="global solar resource"/>
						<minicam-energy-input name="CSP_resource">
							<efficiency>1</efficiency>
							<flag>Resource</flag>
						</minicam-energy-input>
					</period>
					<period year="2020">
						<minicam-energy-input delete="1" name="global solar resource"/>
						<minicam-energy-input name="CSP_resource">
							<efficiency>1</efficiency>
							<flag>Resource</flag>
						</minicam-energy-input>
					</period>
					<period year="2025">
						<minicam-energy-input delete="1" name="global solar resource"/>
						<minicam-energy-input name="CSP_resource">
							<efficiency>1</efficiency>
							<flag>Resource</flag>
						</minicam-energy-input>
					</period>
					<period year="2030">
						<minicam-energy-input delete="1" name="global solar resource"/>
						<minicam-energy-input name="CSP_resource">
							<efficiency>1</efficiency>
							<flag>Resource</flag>
						</minicam-energy-input>
					</period>
					<period year="2035">
						<minicam-energy-input delete="1" name="global solar resource"/>
						<minicam-energy-input name="CSP_resource">
							<efficiency>1</efficiency>
							<flag>Resource</flag>
						</minicam-energy-input>
					</period>
					<period year="2040">
						<minicam-energy-input delete="1" name="global solar resource"/>
						<minicam-energy-input name="CSP_resource">
							<efficiency>1</efficiency>
							<flag>Resource</flag>
						</minicam-energy-input>
					</period>
					<period year="2045">
						<minicam-energy-input delete="1" name="global solar resource"/>
						<minicam-energy-input name="CSP_resource">
							<efficiency>1</efficiency>
							<flag>Resource</flag>
						</minicam-energy-input>
					</period>
					<period year="2050">
						<minicam-energy-input delete="1" name="global solar resource"/>
						<minicam-energy-input name="CSP_resource">
							<efficiency>1</efficiency>
							<flag>Resource</flag>
						</minicam-energy-input>
					</period>
					<period year="2055">
						<minicam-energy-input delete="1" name="global solar resource"/>
						<minicam-energy-input name="CSP_resource">
							<efficiency>1</efficiency>
							<flag>Resource</flag>
						</minicam-energy-input>
					</period>
					<period year="2060">
						<minicam-energy-input delete="1" name="global solar resource"/>
						<minicam-energy-input name="CSP_resource">
							<efficiency>1</efficiency>
							<flag>Resource</flag>
						</minicam-energy-input>
					</period>
					<period year="2065">
						<minicam-energy-input delete="1" name="global solar resource"/>
						<minicam-energy-input name="CSP_resource">
							<efficiency>1</efficiency>
							<flag>Resource</flag>
						</minicam-energy-input>
					</period>
					<period year="2070">
						<minicam-energy-input delete="1" name="global solar resource"/>
						<minicam-energy-input name="CSP_resource">
							<efficiency>1</efficiency>
							<flag>Resource</flag>
						</minicam-energy-input>
					</period>
					<period year="2075">
						<minicam-energy-input delete="1" name="global solar resource"/>
						<minicam-energy-input name="CSP_resource">
							<efficiency>1</efficiency>
							<flag>Resource</flag>
						</minicam-energy-input>
					</period>
					<period year="2080">
						<minicam-energy-input delete="1" name="global solar resource"/>
						<minicam-energy-input name="CSP_resource">
							<efficiency>1</efficiency>
							<flag>Resource</flag>
						</minicam-energy-input>
					</period>
					<period year="2085">
						<minicam-energy-input delete="1" name="global solar resource"/>
						<minicam-energy-input name="CSP_resource">
							<efficiency>1</efficiency>
							<flag>Resource</flag>
						</minicam-energy-input>
					</period>
					<period year="2090">
						<minicam-energy-input delete="1" name="global solar resource"/>
						<minicam-energy-input name="CSP_resource">
							<efficiency>1</efficiency>
							<flag>Resource</flag>
						</minicam-energy-input>
					</period>
					<period year="2095">
						<minicam-energy-input delete="1" name="global solar resource"/>
						<minicam-energy-input name="CSP_resource">
							<efficiency>1</efficiency>
							<flag>Resource</flag>
						</minicam-energy-input>
					</period>
					<period year="2100">
						<minicam-energy-input delete="1" name="global solar resource"/>
						<minicam-energy-input name="CSP_resource">
							<efficiency>1</efficiency>
							<flag>Resource</flag>
						</minicam-energy-input>
					</period>
				</intermittent-technology>
			</location-info>
			<location-info sector-name="elec_CSP_storage" subsector-name="CSP_storage">
				<technology name="CSP_storage (dry_hybrid)">
					<period year="1975">
						<minicam-energy-input delete="1" name="global solar resource"/>
						<minicam-energy-input name="CSP_resource">
							<efficiency>0.95</efficiency>
							<flag>Resource</flag>
						</minicam-energy-input>
					</period>
					<period year="1990">
						<minicam-energy-input delete="1" name="global solar resource"/>
						<minicam-energy-input name="CSP_resource">
							<efficiency>0.95</efficiency>
							<flag>Resource</flag>
						</minicam-energy-input>
					</period>
					<period year="2005">
						<minicam-energy-input delete="1" name="global solar resource"/>
						<minicam-energy-input name="CSP_resource">
							<efficiency>0.95</efficiency>
							<flag>Resource</flag>
						</minicam-energy-input>
					</period>
					<period year="2010">
						<minicam-energy-input delete="1" name="global solar resource"/>
						<minicam-energy-input name="CSP_resource">
							<efficiency>0.95</efficiency>
							<flag>Resource</flag>
						</minicam-energy-input>
					</period>
					<period year="2015">
						<minicam-energy-input delete="1" name="global solar resource"/>
						<minicam-energy-input name="CSP_resource">
							<efficiency>0.95</efficiency>
							<flag>Resource</flag>
						</minicam-energy-input>
					</period>
					<period year="2020">
						<minicam-energy-input delete="1" name="global solar resource"/>
						<minicam-energy-input name="CSP_resource">
							<efficiency>0.95</efficiency>
							<flag>Resource</flag>
						</minicam-energy-input>
					</period>
					<period year="2025">
						<minicam-energy-input delete="1" name="global solar resource"/>
						<minicam-energy-input name="CSP_resource">
							<efficiency>0.95</efficiency>
							<flag>Resource</flag>
						</minicam-energy-input>
					</period>
					<period year="2030">
						<minicam-energy-input delete="1" name="global solar resource"/>
						<minicam-energy-input name="CSP_resource">
							<efficiency>0.95</efficiency>
							<flag>Resource</flag>
						</minicam-energy-input>
					</period>
					<period year="2035">
						<minicam-energy-input delete="1" name="global solar resource"/>
						<minicam-energy-input name="CSP_resource">
							<efficiency>0.95</efficiency>
							<flag>Resource</flag>
						</minicam-energy-input>
					</period>
					<period year="2040">
						<minicam-energy-input delete="1" name="global solar resource"/>
						<minicam-energy-input name="CSP_resource">
							<efficiency>0.95</efficiency>
							<flag>Resource</flag>
						</minicam-energy-input>
					</period>
					<period year="2045">
						<minicam-energy-input delete="1" name="global solar resource"/>
						<minicam-energy-input name="CSP_resource">
							<efficiency>0.95</efficiency>
							<flag>Resource</flag>
						</minicam-energy-input>
					</period>
					<period year="2050">
						<minicam-energy-input delete="1" name="global solar resource"/>
						<minicam-energy-input name="CSP_resource">
							<efficiency>0.95</efficiency>
							<flag>Resource</flag>
						</minicam-energy-input>
					</period>
					<period year="2055">
						<minicam-energy-input delete="1" name="global solar resource"/>
						<minicam-energy-input name="CSP_resource">
							<efficiency>0.95</efficiency>
							<flag>Resource</flag>
						</minicam-energy-input>
					</period>
					<period year="2060">
						<minicam-energy-input delete="1" name="global solar resource"/>
						<minicam-energy-input name="CSP_resource">
							<efficiency>0.95</efficiency>
							<flag>Resource</flag>
						</minicam-energy-input>
					</period>
					<period year="2065">
						<minicam-energy-input delete="1" name="global solar resource"/>
						<minicam-energy-input name="CSP_resource">
							<efficiency>0.95</efficiency>
							<flag>Resource</flag>
						</minicam-energy-input>
					</period>
					<period year="2070">
						<minicam-energy-input delete="1" name="global solar resource"/>
						<minicam-energy-input name="CSP_resource">
							<efficiency>0.95</efficiency>
							<flag>Resource</flag>
						</minicam-energy-input>
					</period>
					<period year="2075">
						<minicam-energy-input delete="1" name="global solar resource"/>
						<minicam-energy-input name="CSP_resource">
							<efficiency>0.95</efficiency>
							<flag>Resource</flag>
						</minicam-energy-input>
					</period>
					<period year="2080">
						<minicam-energy-input delete="1" name="global solar resource"/>
						<minicam-energy-input name="CSP_resource">
							<efficiency>0.95</efficiency>
							<flag>Resource</flag>
						</minicam-energy-input>
					</period>
					<period year="2085">
						<minicam-energy-input delete="1" name="global solar resource"/>
						<minicam-energy-input name="CSP_resource">
							<efficiency>0.95</efficiency>
							<flag>Resource</flag>
						</minicam-energy-input>
					</period>
					<period year="2090">
						<minicam-energy-input delete="1" name="global solar resource"/>
						<minicam-energy-input name="CSP_resource">
							<efficiency>0.95</efficiency>
							<flag>Resource</flag>
						</minicam-energy-input>
					</period>
					<period year="2095">
						<minicam-energy-input delete="1" name="global solar resource"/>
						<minicam-energy-input name="CSP_resource">
							<efficiency>0.95</efficiency>
							<flag>Resource</flag>
						</minicam-energy-input>
					</period>
					<period year="2100">
						<minicam-energy-input delete="1" name="global solar resource"/>
						<minicam-energy-input name="CSP_resource">
							<efficiency>0.95</efficiency>
							<flag>Resource</flag>
						</minicam-energy-input>
					</period>
				</technology>
				<technology name="CSP_storage (recirculating)">
					<period year="1975">
						<minicam-energy-input delete="1" name="global solar resource"/>
						<minicam-energy-input name="CSP_resource">
							<efficiency>1</efficiency>
							<flag>Resource</flag>
						</minicam-energy-input>
					</period>
					<period year="1990">
						<minicam-energy-input delete="1" name="global solar resource"/>
						<minicam-energy-input name="CSP_resource">
							<efficiency>1</efficiency>
							<flag>Resource</flag>
						</minicam-energy-input>
					</period>
					<period year="2005">
						<minicam-energy-input delete="1" name="global solar resource"/>
						<minicam-energy-input name="CSP_resource">
							<efficiency>1</efficiency>
							<flag>Resource</flag>
						</minicam-energy-input>
					</period>
					<period year="2010">
						<minicam-energy-input delete="1" name="global solar resource"/>
						<minicam-energy-input name="CSP_resource">
							<efficiency>1</efficiency>
							<flag>Resource</flag>
						</minicam-energy-input>
					</period>
					<period year="2015">
						<minicam-energy-input delete="1" name="global solar resource"/>
						<minicam-energy-input name="CSP_resource">
							<efficiency>1</efficiency>
							<flag>Resource</flag>
						</minicam-energy-input>
					</period>
					<period year="2020">
						<minicam-energy-input delete="1" name="global solar resource"/>
						<minicam-energy-input name="CSP_resource">
							<efficiency>1</efficiency>
							<flag>Resource</flag>
						</minicam-energy-input>
					</period>
					<period year="2025">
						<minicam-energy-input delete="1" name="global solar resource"/>
						<minicam-energy-input name="CSP_resource">
							<efficiency>1</efficiency>
							<flag>Resource</flag>
						</minicam-energy-input>
					</period>
					<period year="2030">
						<minicam-energy-input delete="1" name="global solar resource"/>
						<minicam-energy-input name="CSP_resource">
							<efficiency>1</efficiency>
							<flag>Resource</flag>
						</minicam-energy-input>
					</period>
					<period year="2035">
						<minicam-energy-input delete="1" name="global solar resource"/>
						<minicam-energy-input name="CSP_resource">
							<efficiency>1</efficiency>
							<flag>Resource</flag>
						</minicam-energy-input>
					</period>
					<period year="2040">
						<minicam-energy-input delete="1" name="global solar resource"/>
						<minicam-energy-input name="CSP_resource">
							<efficiency>1</efficiency>
							<flag>Resource</flag>
						</minicam-energy-input>
					</period>
					<period year="2045">
						<minicam-energy-input delete="1" name="global solar resource"/>
						<minicam-energy-input name="CSP_resource">
							<efficiency>1</efficiency>
							<flag>Resource</flag>
						</minicam-energy-input>
					</period>
					<period year="2050">
						<minicam-energy-input delete="1" name="global solar resource"/>
						<minicam-energy-input name="CSP_resource">
							<efficiency>1</efficiency>
							<flag>Resource</flag>
						</minicam-energy-input>
					</period>
					<period year="2055">
						<minicam-energy-input delete="1" name="global solar resource"/>
						<minicam-energy-input name="CSP_resource">
							<efficiency>1</efficiency>
							<flag>Resource</flag>
						</minicam-energy-input>
					</period>
					<period year="2060">
						<minicam-energy-input delete="1" name="global solar resource"/>
						<minicam-energy-input name="CSP_resource">
							<efficiency>1</efficiency>
							<flag>Resource</flag>
						</minicam-energy-input>
					</period>
					<period year="2065">
						<minicam-energy-input delete="1" name="global solar resource"/>
						<minicam-energy-input name="CSP_resource">
							<efficiency>1</efficiency>
							<flag>Resource</flag>
						</minicam-energy-input>
					</period>
					<period year="2070">
						<minicam-energy-input delete="1" name="global solar resource"/>
						<minicam-energy-input name="CSP_resource">
							<efficiency>1</efficiency>
							<flag>Resource</flag>
						</minicam-energy-input>
					</period>
					<period year="2075">
						<minicam-energy-input delete="1" name="global solar resource"/>
						<minicam-energy-input name="CSP_resource">
							<efficiency>1</efficiency>
							<flag>Resource</flag>
						</minicam-energy-input>
					</period>
					<period year="2080">
						<minicam-energy-input delete="1" name="global solar resource"/>
						<minicam-energy-input name="CSP_resource">
							<efficiency>1</efficiency>
							<flag>Resource</flag>
						</minicam-energy-input>
					</period>
					<period year="2085">
						<minicam-energy-input delete="1" name="global solar resource"/>
						<minicam-energy-input name="CSP_resource">
							<efficiency>1</efficiency>
							<flag>Resource</flag>
						</minicam-energy-input>
					</period>
					<period year="2090">
						<minicam-energy-input delete="1" name="global solar resource"/>
						<minicam-energy-input name="CSP_resource">
							<efficiency>1</efficiency>
							<flag>Resource</flag>
						</minicam-energy-input>
					</period>
					<period year="2095">
						<minicam-energy-input delete="1" name="global solar resource"/>
						<minicam-energy-input name="CSP_resource">
							<efficiency>1</efficiency>
							<flag>Resource</flag>
						</minicam-energy-input>
					</period>
					<period year="2100">
						<minicam-energy-input delete="1" name="global solar resource"/>
						<minicam-energy-input name="CSP_resource">
							<efficiency>1</efficiency>
							<flag>Resource</flag>
						</minicam-energy-input>
					</period>
				</technology>
			</location-info>
			<location-info sector-name="electricity" subsector-name="solar">
				<intermittent-technology name="PV">
					<period year="1975">
						<minicam-energy-input delete="1" name="global solar resource"/>
						<minicam-energy-input name="PV_resource">
							<efficiency>1</efficiency>
							<flag>Resource</flag>
						</minicam-energy-input>
					</period>
					<period year="1990">
						<minicam-energy-input delete="1" name="global solar resource"/>
						<minicam-energy-input name="PV_resource">
							<efficiency>1</efficiency>
							<flag>Resource</flag>
						</minicam-energy-input>
					</period>
					<period year="2005">
						<minicam-energy-input delete="1" name="global solar resource"/>
						<minicam-energy-input name="PV_resource">
							<efficiency>1</efficiency>
							<flag>Resource</flag>
						</minicam-energy-input>
					</period>
					<period year="2010">
						<minicam-energy-input delete="1" name="global solar resource"/>
						<minicam-energy-input name="PV_resource">
							<efficiency>1</efficiency>
							<flag>Resource</flag>
						</minicam-energy-input>
					</period>
					<period year="2015">
						<minicam-energy-input delete="1" name="global solar resource"/>
						<minicam-energy-input name="PV_resource">
							<efficiency>1</efficiency>
							<flag>Resource</flag>
						</minicam-energy-input>
					</period>
					<period year="2020">
						<minicam-energy-input delete="1" name="global solar resource"/>
						<minicam-energy-input name="PV_resource">
							<efficiency>1</efficiency>
							<flag>Resource</flag>
						</minicam-energy-input>
					</period>
					<period year="2025">
						<minicam-energy-input delete="1" name="global solar resource"/>
						<minicam-energy-input name="PV_resource">
							<efficiency>1</efficiency>
							<flag>Resource</flag>
						</minicam-energy-input>
					</period>
					<period year="2030">
						<minicam-energy-input delete="1" name="global solar resource"/>
						<minicam-energy-input name="PV_resource">
							<efficiency>1</efficiency>
							<flag>Resource</flag>
						</minicam-energy-input>
					</period>
					<period year="2035">
						<minicam-energy-input delete="1" name="global solar resource"/>
						<minicam-energy-input name="PV_resource">
							<efficiency>1</efficiency>
							<flag>Resource</flag>
						</minicam-energy-input>
					</period>
					<period year="2040">
						<minicam-energy-input delete="1" name="global solar resource"/>
						<minicam-energy-input name="PV_resource">
							<efficiency>1</efficiency>
							<flag>Resource</flag>
						</minicam-energy-input>
					</period>
					<period year="2045">
						<minicam-energy-input delete="1" name="global solar resource"/>
						<minicam-energy-input name="PV_resource">
							<efficiency>1</efficiency>
							<flag>Resource</flag>
						</minicam-energy-input>
					</period>
					<period year="2050">
						<minicam-energy-input delete="1" name="global solar resource"/>
						<minicam-energy-input name="PV_resource">
							<efficiency>1</efficiency>
							<flag>Resource</flag>
						</minicam-energy-input>
					</period>
					<period year="2055">
						<minicam-energy-input delete="1" name="global solar resource"/>
						<minicam-energy-input name="PV_resource">
							<efficiency>1</efficiency>
							<flag>Resource</flag>
						</minicam-energy-input>
					</period>
					<period year="2060">
						<minicam-energy-input delete="1" name="global solar resource"/>
						<minicam-energy-input name="PV_resource">
							<efficiency>1</efficiency>
							<flag>Resource</flag>
						</minicam-energy-input>
					</period>
					<period year="2065">
						<minicam-energy-input delete="1" name="global solar resource"/>
						<minicam-energy-input name="PV_resource">
							<efficiency>1</efficiency>
							<flag>Resource</flag>
						</minicam-energy-input>
					</period>
					<period year="2070">
						<minicam-energy-input delete="1" name="global solar resource"/>
						<minicam-energy-input name="PV_resource">
							<efficiency>1</efficiency>
							<flag>Resource</flag>
						</minicam-energy-input>
					</period>
					<period year="2075">
						<minicam-energy-input delete="1" name="global solar resource"/>
						<minicam-energy-input name="PV_resource">
							<efficiency>1</efficiency>
							<flag>Resource</flag>
						</minicam-energy-input>
					</period>
					<period year="2080">
						<minicam-energy-input delete="1" name="global solar resource"/>
						<minicam-energy-input name="PV_resource">
							<efficiency>1</efficiency>
							<flag>Resource</flag>
						</minicam-energy-input>
					</period>
					<period year="2085">
						<minicam-energy-input delete="1" name="global solar resource"/>
						<minicam-energy-input name="PV_resource">
							<efficiency>1</efficiency>
							<flag>Resource</flag>
						</minicam-energy-input>
					</period>
					<period year="2090">
						<minicam-energy-input delete="1" name="global solar resource"/>
						<minicam-energy-input name="PV_resource">
							<efficiency>1</efficiency>
							<flag>Resource</flag>
						</minicam-energy-input>
					</period>
					<period year="2095">
						<minicam-energy-input delete="1" name="global solar resource"/>
						<minicam-energy-input name="PV_resource">
							<efficiency>1</efficiency>
							<flag>Resource</flag>
						</minicam-energy-input>
					</period>
					<period year="2100">
						<minicam-energy-input delete="1" name="global solar resource"/>
						<minicam-energy-input name="PV_resource">
							<efficiency>1</efficiency>
							<flag>Resource</flag>
						</minicam-energy-input>
					</period>
				</intermittent-technology>
				<technology name="PV_storage">
					<period year="1975">
						<minicam-energy-input delete="1" name="global solar resource"/>
						<minicam-energy-input name="PV_resource">
							<efficiency>0.96</efficiency>
							<flag>Resource</flag>
						</minicam-energy-input>
					</period>
					<period year="1990">
						<minicam-energy-input delete="1" name="global solar resource"/>
						<minicam-energy-input name="PV_resource">
							<efficiency>0.96</efficiency>
							<flag>Resource</flag>
						</minicam-energy-input>
					</period>
					<period year="2005">
						<minicam-energy-input delete="1" name="global solar resource"/>
						<minicam-energy-input name="PV_resource">
							<efficiency>0.96</efficiency>
							<flag>Resource</flag>
						</minicam-energy-input>
					</period>
					<period year="2010">
						<minicam-energy-input delete="1" name="global solar resource"/>
						<minicam-energy-input name="PV_resource">
							<efficiency>0.96</efficiency>
							<flag>Resource</flag>
						</minicam-energy-input>
					</period>
					<period year="2015">
						<minicam-energy-input delete="1" name="global solar resource"/>
						<minicam-energy-input name="PV_resource">
							<efficiency>0.96</efficiency>
							<flag>Resource</flag>
						</minicam-energy-input>
					</period>
					<period year="2020">
						<minicam-energy-input delete="1" name="global solar resource"/>
						<minicam-energy-input name="PV_resource">
							<efficiency>0.96</efficiency>
							<flag>Resource</flag>
						</minicam-energy-input>
					</period>
					<period year="2025">
						<minicam-energy-input delete="1" name="global solar resource"/>
						<minicam-energy-input name="PV_resource">
							<efficiency>0.96</efficiency>
							<flag>Resource</flag>
						</minicam-energy-input>
					</period>
					<period year="2030">
						<minicam-energy-input delete="1" name="global solar resource"/>
						<minicam-energy-input name="PV_resource">
							<efficiency>0.96</efficiency>
							<flag>Resource</flag>
						</minicam-energy-input>
					</period>
					<period year="2035">
						<minicam-energy-input delete="1" name="global solar resource"/>
						<minicam-energy-input name="PV_resource">
							<efficiency>0.96</efficiency>
							<flag>Resource</flag>
						</minicam-energy-input>
					</period>
					<period year="2040">
						<minicam-energy-input delete="1" name="global solar resource"/>
						<minicam-energy-input name="PV_resource">
							<efficiency>0.96</efficiency>
							<flag>Resource</flag>
						</minicam-energy-input>
					</period>
					<period year="2045">
						<minicam-energy-input delete="1" name="global solar resource"/>
						<minicam-energy-input name="PV_resource">
							<efficiency>0.96</efficiency>
							<flag>Resource</flag>
						</minicam-energy-input>
					</period>
					<period year="2050">
						<minicam-energy-input delete="1" name="global solar resource"/>
						<minicam-energy-input name="PV_resource">
							<efficiency>0.96</efficiency>
							<flag>Resource</flag>
						</minicam-energy-input>
					</period>
					<period year="2055">
						<minicam-energy-input delete="1" name="global solar resource"/>
						<minicam-energy-input name="PV_resource">
							<efficiency>0.96</efficiency>
							<flag>Resource</flag>
						</minicam-energy-input>
					</period>
					<period year="2060">
						<minicam-energy-input delete="1" name="global solar resource"/>
						<minicam-energy-input name="PV_resource">
							<efficiency>0.96</efficiency>
							<flag>Resource</flag>
						</minicam-energy-input>
					</period>
					<period year="2065">
						<minicam-energy-input delete="1" name="global solar resource"/>
						<minicam-energy-input name="PV_resource">
							<efficiency>0.96</efficiency>
							<flag>Resource</flag>
						</minicam-energy-input>
					</period>
					<period year="2070">
						<minicam-energy-input delete="1" name="global solar resource"/>
						<minicam-energy-input name="PV_resource">
							<efficiency>0.96</efficiency>
							<flag>Resource</flag>
						</minicam-energy-input>
					</period>
					<period year="2075">
						<minicam-energy-input delete="1" name="global solar resource"/>
						<minicam-energy-input name="PV_resource">
							<efficiency>0.96</efficiency>
							<flag>Resource</flag>
						</minicam-energy-input>
					</period>
					<period year="2080">
						<minicam-energy-input delete="1" name="global solar resource"/>
						<minicam-energy-input name="PV_resource">
							<efficiency>0.96</efficiency>
							<flag>Resource</flag>
						</minicam-energy-input>
					</period>
					<period year="2085">
						<minicam-energy-input delete="1" name="global solar resource"/>
						<minicam-energy-input name="PV_resource">
							<efficiency>0.96</efficiency>
							<flag>Resource</flag>
						</minicam-energy-input>
					</period>
					<period year="2090">
						<minicam-energy-input delete="1" name="global solar resource"/>
						<minicam-energy-input name="PV_resource">
							<efficiency>0.96</efficiency>
							<flag>Resource</flag>
						</minicam-energy-input>
					</period>
					<period year="2095">
						<minicam-energy-input delete="1" name="global solar resource"/>
						<minicam-energy-input name="PV_resource">
							<efficiency>0.96</efficiency>
							<flag>Resource</flag>
						</minicam-energy-input>
					</period>
					<period year="2100">
						<minicam-energy-input delete="1" name="global solar resource"/>
						<minicam-energy-input name="PV_resource">
							<efficiency>0.96</efficiency>
							<flag>Resource</flag>
						</minicam-energy-input>
					</period>
				</technology>
			</location-info>
		</global-technology-database>
	</world>
</scenario>
