<?xml version="1.0" ?>
<scenario>
	<world>
		<region name="USA">
			<unlimited-resource delete="1" name="global solar resource"/>
			<renewresource name="PV_resource">
				<smooth-renewable-subresource name="PV_resource">
					<maxSubResource fillout="1" year="1975">28.26537</maxSubResource>
					<maxSubResource fillout="1" year="2035">28.55473</maxSubResource>
					<maxSubResource fillout="1" year="2075">28.64712</maxSubResource>
					<mid-price fillout="1" year="1975">4.2</mid-price>
					<mid-price fillout="1" year="2035">4.1</mid-price>
					<mid-price fillout="1" year="2075">4.1</mid-price>
					<curve-exponent fillout="1" year="1975">1.704</curve-exponent>
					<curve-exponent fillout="1" year="2035">1.694</curve-exponent>
					<curve-exponent fillout="1" year="2075">1.711</curve-exponent>
				</smooth-renewable-subresource>
			</renewresource>
			<renewresource name="CSP_resource">
				<smooth-renewable-subresource name="CSP_resource">
					<maxSubResource fillout="1" year="1975">8.53087</maxSubResource>
					<maxSubResource fillout="1" year="2035">9.05174</maxSubResource>
					<maxSubResource fillout="1" year="2075">9.1645</maxSubResource>
					<mid-price fillout="1" year="1975">5.7</mid-price>
					<mid-price fillout="1" year="2035">4.5</mid-price>
					<mid-price fillout="1" year="2075">4.8</mid-price>
					<curve-exponent fillout="1" year="1975">2.046</curve-exponent>
					<curve-exponent fillout="1" year="2035">1.738</curve-exponent>
					<curve-exponent fillout="1" year="2075">1.876</curve-exponent>
				</smooth-renewable-subresource>
			</renewresource>
		</region>
		<region name="Africa_Eastern">
			<unlimited-resource delete="1" name="global solar resource"/>
			<renewresource name="PV_resource">
				<smooth-renewable-subresource name="PV_resource">
					<maxSubResource fillout="1" year="1975">64.74358</maxSubResource>
					<maxSubResource fillout="1" year="2035">63.76976</maxSubResource>
					<maxSubResource fillout="1" year="2075">63.3467</maxSubResource>
					<mid-price fillout="1" year="1975">4.0</mid-price>
					<mid-price fillout="1" year="2035">3.8</mid-price>
					<mid-price fillout="1" year="2075">3.8</mid-price>
					<curve-exponent fillout="1" year="1975">1.393</curve-exponent>
					<curve-exponent fillout="1" year="2035">1.323</curve-exponent>
					<curve-exponent fillout="1" year="2075">1.328</curve-exponent>
				</smooth-renewable-subresource>
			</renewresource>
			<renewresource name="CSP_resource">
				<smooth-renewable-subresource name="CSP_resource">
					<maxSubResource fillout="1" year="1975">34.9508</maxSubResource>
					<maxSubResource fillout="1" year="2035">34.68136</maxSubResource>
					<maxSubResource fillout="1" year="2075">34.67765</maxSubResource>
					<mid-price fillout="1" year="1975">1.1</mid-price>
					<mid-price fillout="1" year="2035">1.1</mid-price>
					<mid-price fillout="1" year="2075">1.2</mid-price>
					<curve-exponent fillout="1" year="1975">1.903</curve-exponent>
					<curve-exponent fillout="1" year="2035">1.965</curve-exponent>
					<curve-exponent fillout="1" year="2075">1.978</curve-exponent>
				</smooth-renewable-subresource>
			</renewresource>
		</region>
		<region name="Africa_Northern">
			<unlimited-resource delete="1" name="global solar resource"/>
			<renewresource name="PV_resource">
				<smooth-renewable-subresource name="PV_resource">
					<maxSubResource fillout="1" year="1975">126.8477</maxSubResource>
					<maxSubResource fillout="1" year="2035">126.1267</maxSubResource>
					<maxSubResource fillout="1" year="2075">126.78933</maxSubResource>
					<mid-price fillout="1" year="1975">4.4</mid-price>
					<mid-price fillout="1" year="2035">4.4</mid-price>
					<mid-price fillout="1" year="2075">4.4</mid-price>
					<curve-exponent fillout="1" year="1975">4.109</curve-exponent>
					<curve-exponent fillout="1" year="2035">4.061</curve-exponent>
					<curve-exponent fillout="1" year="2075">3.967</curve-exponent>
				</smooth-renewable-subresource>
			</renewresource>
			<renewresource name="CSP_resource">
				<smooth-renewable-subresource name="CSP_resource">
					<maxSubResource fillout="1" year="1975">62.65593</maxSubResource>
					<maxSubResource fillout="1" year="2035">63.172</maxSubResource>
					<maxSubResource fillout="1" year="2075">64.7264</maxSubResource>
					<mid-price fillout="1" year="1975">1.9</mid-price>
					<mid-price fillout="1" year="2035">1.8</mid-price>
					<mid-price fillout="1" year="2075">1.7</mid-price>
					<curve-exponent fillout="1" year="1975">2.75</curve-exponent>
					<curve-exponent fillout="1" year="2035">2.844</curve-exponent>
					<curve-exponent fillout="1" year="2075">2.878</curve-exponent>
				</smooth-renewable-subresource>
			</renewresource>
		</region>
		<region name="Africa_Southern">
			<unlimited-resource delete="1" name="global solar resource"/>
			<renewresource name="PV_resource">
				<smooth-renewable-subresource name="PV_resource">
					<maxSubResource fillout="1" year="1975">38.28641</maxSubResource>
					<maxSubResource fillout="1" year="2035">38.3172</maxSubResource>
					<maxSubResource fillout="1" year="2075">38.14031</maxSubResource>
					<mid-price fillout="1" year="1975">3.8</mid-price>
					<mid-price fillout="1" year="2035">3.8</mid-price>
					<mid-price fillout="1" year="2075">3.9</mid-price>
					<curve-exponent fillout="1" year="1975">2.246</curve-exponent>
					<curve-exponent fillout="1" year="2035">2.25</curve-exponent>
					<curve-exponent fillout="1" year="2075">2.258</curve-exponent>
				</smooth-renewable-subresource>
			</renewresource>
			<renewresource name="CSP_resource">
				<smooth-renewable-subresource name="CSP_resource">
					<maxSubResource fillout="1" year="1975">19.00151</maxSubResource>
					<maxSubResource fillout="1" year="2035">19.4454</maxSubResource>
					<maxSubResource fillout="1" year="2075">19.44446</maxSubResource>
					<mid-price fillout="1" year="1975">1.6</mid-price>
					<mid-price fillout="1" year="2035">1.3</mid-price>
					<mid-price fillout="1" year="2075">1.3</mid-price>
					<curve-exponent fillout="1" year="1975">2.997</curve-exponent>
					<curve-exponent fillout="1" year="2035">2.555</curve-exponent>
					<curve-exponent fillout="1" year="2075">2.836</curve-exponent>
				</smooth-renewable-subresource>
			</renewresource>
		</region>
		<region name="Africa_Western">
			<unlimited-resource delete="1" name="global solar resource"/>
			<renewresource name="PV_resource">
				<smooth-renewable-subresource name="PV_resource">
					<maxSubResource fillout="1" year="1975">110.4555</maxSubResource>
					<maxSubResource fillout="1" year="2035">109.26392</maxSubResource>
					<maxSubResource fillout="1" year="2075">108.87551</maxSubResource>
					<mid-price fillout="1" year="1975">4.4</mid-price>
					<mid-price fillout="1" year="2035">4.5</mid-price>
					<mid-price fillout="1" year="2075">4.6</mid-price>
					<curve-exponent fillout="1" year="1975">2.295</curve-exponent>
					<curve-exponent fillout="1" year="2035">2.354</curve-exponent>
					<curve-exponent fillout="1" year="2075">2.38</curve-exponent>
				</smooth-renewable-subresource>
			</renewresource>
			<renewresource name="CSP_resource">
				<smooth-renewable-subresource name="CSP_resource">
					<maxSubResource fillout="1" year="1975">59.27518</maxSubResource>
					<maxSubResource fillout="1" year="2035">59.3415</maxSubResource>
					<maxSubResource fillout="1" year="2075">59.71186</maxSubResource>
					<mid-price fillout="1" year="1975">1.5</mid-price>
					<mid-price fillout="1" year="2035">1.5</mid-price>
					<mid-price fillout="1" year="2075">1.4</mid-price>
					<curve-exponent fillout="1" year="1975">2.363</curve-exponent>
					<curve-exponent fillout="1" year="2035">2.46</curve-exponent>
					<curve-exponent fillout="1" year="2075">2.365</curve-exponent>
				</smooth-renewable-subresource>
			</renewresource>
		</region>
		<region name="Australia_NZ">
			<unlimited-resource delete="1" name="global solar resource"/>
			<renewresource name="PV_resource">
				<smooth-renewable-subresource name="PV_resource">
					<maxSubResource fillout="1" year="1975">105.48112</maxSubResource>
					<maxSubResource fillout="1" year="2035">105.45406</maxSubResource>
					<maxSubResource fillout="1" year="2075">104.95525</maxSubResource>
					<mid-price fillout="1" year="1975">7.2</mid-price>
					<mid-price fillout="1" year="2035">7.2</mid-price>
					<mid-price fillout="1" year="2075">7.3</mid-price>
					<curve-exponent fillout="1" year="1975">2.906</curve-exponent>
					<curve-exponent fillout="1" year="2035">2.933</curve-exponent>
					<curve-exponent fillout="1" year="2075">2.955</curve-exponent>
				</smooth-renewable-subresource>
			</renewresource>
			<renewresource name="CSP_resource">
				<smooth-renewable-subresource name="CSP_resource">
					<maxSubResource fillout="1" year="1975">50.80364</maxSubResource>
					<maxSubResource fillout="1" year="2035">51.88897</maxSubResource>
					<maxSubResource fillout="1" year="2075">51.81453</maxSubResource>
					<mid-price fillout="1" year="1975">1.9</mid-price>
					<mid-price fillout="1" year="2035">1.8</mid-price>
					<mid-price fillout="1" year="2075">1.9</mid-price>
					<curve-exponent fillout="1" year="1975">2.688</curve-exponent>
					<curve-exponent fillout="1" year="2035">2.742</curve-exponent>
					<curve-exponent fillout="1" year="2075">3.1</curve-exponent>
				</smooth-renewable-subresource>
			</renewresource>
		</region>
		<region name="Brazil">
			<unlimited-resource delete="1" name="global solar resource"/>
			<renewresource name="PV_resource">
				<smooth-renewable-subresource name="PV_resource">
					<maxSubResource fillout="1" year="1975">17.68307</maxSubResource>
					<maxSubResource fillout="1" year="2035">17.57355</maxSubResource>
					<maxSubResource fillout="1" year="2075">17.47944</maxSubResource>
					<mid-price fillout="1" year="1975">7.3</mid-price>
					<mid-price fillout="1" year="2035">7.4</mid-price>
					<mid-price fillout="1" year="2075">7.5</mid-price>
					<curve-exponent fillout="1" year="1975">3.24</curve-exponent>
					<curve-exponent fillout="1" year="2035">3.246</curve-exponent>
					<curve-exponent fillout="1" year="2075">3.173</curve-exponent>
				</smooth-renewable-subresource>
			</renewresource>
			<renewresource name="CSP_resource">
				<smooth-renewable-subresource name="CSP_resource">
					<maxSubResource fillout="1" year="1975">7.88211</maxSubResource>
					<maxSubResource fillout="1" year="2035">7.95268</maxSubResource>
					<maxSubResource fillout="1" year="2075">7.95191</maxSubResource>
					<mid-price fillout="1" year="1975">2.4</mid-price>
					<mid-price fillout="1" year="2035">2.3</mid-price>
					<mid-price fillout="1" year="2075">2.3</mid-price>
					<curve-exponent fillout="1" year="1975">3.462</curve-exponent>
					<curve-exponent fillout="1" year="2035">3.862</curve-exponent>
					<curve-exponent fillout="1" year="2075">3.71</curve-exponent>
				</smooth-renewable-subresource>
			</renewresource>
		</region>
		<region name="Canada">
			<unlimited-resource delete="1" name="global solar resource"/>
			<renewresource name="PV_resource">
				<smooth-renewable-subresource name="PV_resource">
					<maxSubResource fillout="1" year="1975">6.39678</maxSubResource>
					<maxSubResource fillout="1" year="2035">6.46538</maxSubResource>
					<maxSubResource fillout="1" year="2075">6.48056</maxSubResource>
					<mid-price fillout="1" year="1975">31.2</mid-price>
					<mid-price fillout="1" year="2035">31.5</mid-price>
					<mid-price fillout="1" year="2075">32.3</mid-price>
					<curve-exponent fillout="1" year="1975">1.461</curve-exponent>
					<curve-exponent fillout="1" year="2035">1.416</curve-exponent>
					<curve-exponent fillout="1" year="2075">1.357</curve-exponent>
				</smooth-renewable-subresource>
			</renewresource>
			<renewresource name="CSP_resource">
				<smooth-renewable-subresource name="CSP_resource">
					<maxSubResource fillout="1" year="1975">0.70284</maxSubResource>
					<maxSubResource fillout="1" year="2035">0.74655</maxSubResource>
					<maxSubResource fillout="1" year="2075">0.76685</maxSubResource>
					<mid-price fillout="1" year="1975">4.5</mid-price>
					<mid-price fillout="1" year="2035">6.9</mid-price>
					<mid-price fillout="1" year="2075">9.3</mid-price>
					<curve-exponent fillout="1" year="1975">15.0</curve-exponent>
					<curve-exponent fillout="1" year="2035">15.0</curve-exponent>
					<curve-exponent fillout="1" year="2075">15.0</curve-exponent>
				</smooth-renewable-subresource>
			</renewresource>
		</region>
		<region name="Central America and Caribbean">
			<unlimited-resource delete="1" name="global solar resource"/>
			<renewresource name="PV_resource">
				<smooth-renewable-subresource name="PV_resource">
					<maxSubResource fillout="1" year="1975">1.02498</maxSubResource>
					<maxSubResource fillout="1" year="2035">1.03694</maxSubResource>
					<maxSubResource fillout="1" year="2075">1.04659</maxSubResource>
					<mid-price fillout="1" year="1975">6.4</mid-price>
					<mid-price fillout="1" year="2035">6.3</mid-price>
					<mid-price fillout="1" year="2075">6.1</mid-price>
					<curve-exponent fillout="1" year="1975">2.442</curve-exponent>
					<curve-exponent fillout="1" year="2035">2.459</curve-exponent>
					<curve-exponent fillout="1" year="2075">2.41</curve-exponent>
				</smooth-renewable-subresource>
			</renewresource>
			<renewresource name="CSP_resource">
				<smooth-renewable-subresource name="CSP_resource">
					<maxSubResource fillout="1" year="1975">0.47533</maxSubResource>
					<maxSubResource fillout="1" year="2035">0.49751</maxSubResource>
					<maxSubResource fillout="1" year="2075">0.51279</maxSubResource>
					<mid-price fillout="1" year="1975">2.8</mid-price>
					<mid-price fillout="1" year="2035">2.9</mid-price>
					<mid-price fillout="1" year="2075">2.6</mid-price>
					<curve-exponent fillout="1" year="1975">3.363</curve-exponent>
					<curve-exponent fillout="1" year="2035">3.559</curve-exponent>
					<curve-exponent fillout="1" year="2075">3.485</curve-exponent>
				</smooth-renewable-subresource>
			</renewresource>
		</region>
		<region name="Central Asia">
			<unlimited-resource delete="1" name="global solar resource"/>
			<renewresource name="PV_resource">
				<smooth-renewable-subresource name="PV_resource">
					<maxSubResource fillout="1" year="1975">53.7489</maxSubResource>
					<maxSubResource fillout="1" year="2035">54.09717</maxSubResource>
					<maxSubResource fillout="1" year="2075">54.34797</maxSubResource>
					<mid-price fillout="1" year="1975">5.4</mid-price>
					<mid-price fillout="1" year="2035">5.2</mid-price>
					<mid-price fillout="1" year="2075">5.7</mid-price>
					<curve-exponent fillout="1" year="1975">2.322</curve-exponent>
					<curve-exponent fillout="1" year="2035">2.298</curve-exponent>
					<curve-exponent fillout="1" year="2075">2.444</curve-exponent>
				</smooth-renewable-subresource>
			</renewresource>
			<renewresource name="CSP_resource">
				<smooth-renewable-subresource name="CSP_resource">
					<maxSubResource fillout="1" year="1975">11.8039</maxSubResource>
					<maxSubResource fillout="1" year="2035">12.18686</maxSubResource>
					<maxSubResource fillout="1" year="2075">12.57202</maxSubResource>
					<mid-price fillout="1" year="1975">6.8</mid-price>
					<mid-price fillout="1" year="2035">6.8</mid-price>
					<mid-price fillout="1" year="2075">8.3</mid-price>
					<curve-exponent fillout="1" year="1975">2.598</curve-exponent>
					<curve-exponent fillout="1" year="2035">2.924</curve-exponent>
					<curve-exponent fillout="1" year="2075">3.371</curve-exponent>
				</smooth-renewable-subresource>
			</renewresource>
		</region>
		<region name="China">
			<unlimited-resource delete="1" name="global solar resource"/>
			<renewresource name="PV_resource">
				<smooth-renewable-subresource name="PV_resource">
					<maxSubResource fillout="1" year="1975">45.72431</maxSubResource>
					<maxSubResource fillout="1" year="2035">45.03267</maxSubResource>
					<maxSubResource fillout="1" year="2075">45.43889</maxSubResource>
					<mid-price fillout="1" year="1975">4.0</mid-price>
					<mid-price fillout="1" year="2035">4.3</mid-price>
					<mid-price fillout="1" year="2075">4.7</mid-price>
					<curve-exponent fillout="1" year="1975">1.359</curve-exponent>
					<curve-exponent fillout="1" year="2035">1.415</curve-exponent>
					<curve-exponent fillout="1" year="2075">1.522</curve-exponent>
				</smooth-renewable-subresource>
			</renewresource>
			<renewresource name="CSP_resource">
				<smooth-renewable-subresource name="CSP_resource">
					<maxSubResource fillout="1" year="1975">12.4735</maxSubResource>
					<maxSubResource fillout="1" year="2035">12.07428</maxSubResource>
					<maxSubResource fillout="1" year="2075">12.61727</maxSubResource>
					<mid-price fillout="1" year="1975">8.9</mid-price>
					<mid-price fillout="1" year="2035">9.0</mid-price>
					<mid-price fillout="1" year="2075">8.6</mid-price>
					<curve-exponent fillout="1" year="1975">4.388</curve-exponent>
					<curve-exponent fillout="1" year="2035">4.945</curve-exponent>
					<curve-exponent fillout="1" year="2075">5.131</curve-exponent>
				</smooth-renewable-subresource>
			</renewresource>
		</region>
		<region name="EU-12">
			<unlimited-resource delete="1" name="global solar resource"/>
			<renewresource name="PV_resource">
				<smooth-renewable-subresource name="PV_resource">
					<maxSubResource fillout="1" year="1975">1.45877</maxSubResource>
					<maxSubResource fillout="1" year="2035">1.55094</maxSubResource>
					<maxSubResource fillout="1" year="2075">1.58204</maxSubResource>
					<mid-price fillout="1" year="1975">7.2</mid-price>
					<mid-price fillout="1" year="2035">6.7</mid-price>
					<mid-price fillout="1" year="2075">6.7</mid-price>
					<curve-exponent fillout="1" year="1975">3.536</curve-exponent>
					<curve-exponent fillout="1" year="2035">3.691</curve-exponent>
					<curve-exponent fillout="1" year="2075">3.635</curve-exponent>
				</smooth-renewable-subresource>
			</renewresource>
			<renewresource name="CSP_resource">
				<smooth-renewable-subresource name="CSP_resource">
					<maxSubResource fillout="1" year="1975">0.18522</maxSubResource>
					<maxSubResource fillout="1" year="2035">0.24194</maxSubResource>
					<maxSubResource fillout="1" year="2075">0.25982</maxSubResource>
					<mid-price fillout="1" year="1975">19.8</mid-price>
					<mid-price fillout="1" year="2035">18.4</mid-price>
					<mid-price fillout="1" year="2075">18.2</mid-price>
					<curve-exponent fillout="1" year="1975">15.0</curve-exponent>
					<curve-exponent fillout="1" year="2035">6.711</curve-exponent>
					<curve-exponent fillout="1" year="2075">4.209</curve-exponent>
				</smooth-renewable-subresource>
			</renewresource>
		</region>
		<region name="EU-15">
			<unlimited-resource delete="1" name="global solar resource"/>
			<renewresource name="PV_resource">
				<smooth-renewable-subresource name="PV_resource">
					<maxSubResource fillout="1" year="1975">4.38904</maxSubResource>
					<maxSubResource fillout="1" year="2035">4.52271</maxSubResource>
					<maxSubResource fillout="1" year="2075">4.6006</maxSubResource>
					<mid-price fillout="1" year="1975">6.7</mid-price>
					<mid-price fillout="1" year="2035">6.8</mid-price>
					<mid-price fillout="1" year="2075">6.3</mid-price>
					<curve-exponent fillout="1" year="1975">1.79</curve-exponent>
					<curve-exponent fillout="1" year="2035">1.947</curve-exponent>
					<curve-exponent fillout="1" year="2075">1.869</curve-exponent>
				</smooth-renewable-subresource>
			</renewresource>
			<renewresource name="CSP_resource">
				<smooth-renewable-subresource name="CSP_resource">
					<maxSubResource fillout="1" year="1975">0.81901</maxSubResource>
					<maxSubResource fillout="1" year="2035">0.89815</maxSubResource>
					<maxSubResource fillout="1" year="2075">0.96553</maxSubResource>
					<mid-price fillout="1" year="1975">12.6</mid-price>
					<mid-price fillout="1" year="2035">12.2</mid-price>
					<mid-price fillout="1" year="2075">10.7</mid-price>
					<curve-exponent fillout="1" year="1975">2.347</curve-exponent>
					<curve-exponent fillout="1" year="2035">2.412</curve-exponent>
					<curve-exponent fillout="1" year="2075">2.253</curve-exponent>
				</smooth-renewable-subresource>
			</renewresource>
		</region>
		<region name="Europe_Eastern">
			<unlimited-resource delete="1" name="global solar resource"/>
			<renewresource name="PV_resource">
				<smooth-renewable-subresource name="PV_resource">
					<maxSubResource fillout="1" year="1975">1.54179</maxSubResource>
					<maxSubResource fillout="1" year="2035">1.63425</maxSubResource>
					<maxSubResource fillout="1" year="2075">1.6649</maxSubResource>
					<mid-price fillout="1" year="1975">3.4</mid-price>
					<mid-price fillout="1" year="2035">2.9</mid-price>
					<mid-price fillout="1" year="2075">3.0</mid-price>
					<curve-exponent fillout="1" year="1975">2.747</curve-exponent>
					<curve-exponent fillout="1" year="2035">2.615</curve-exponent>
					<curve-exponent fillout="1" year="2075">2.712</curve-exponent>
				</smooth-renewable-subresource>
			</renewresource>
			<renewresource name="CSP_resource">
				<smooth-renewable-subresource name="CSP_resource">
					<maxSubResource fillout="1" year="1975">0.19358</maxSubResource>
					<maxSubResource fillout="1" year="2035">0.26169</maxSubResource>
					<maxSubResource fillout="1" year="2075">0.27</maxSubResource>
					<mid-price fillout="1" year="1975">8.4</mid-price>
					<mid-price fillout="1" year="2035">12.6</mid-price>
					<mid-price fillout="1" year="2075">15.3</mid-price>
					<curve-exponent fillout="1" year="1975">15.0</curve-exponent>
					<curve-exponent fillout="1" year="2035">4.302</curve-exponent>
					<curve-exponent fillout="1" year="2075">2.294</curve-exponent>
				</smooth-renewable-subresource>
			</renewresource>
		</region>
		<region name="Europe_Non_EU">
			<unlimited-resource delete="1" name="global solar resource"/>
			<renewresource name="PV_resource">
				<smooth-renewable-subresource name="PV_resource">
					<maxSubResource fillout="1" year="1975">2.16041</maxSubResource>
					<maxSubResource fillout="1" year="2035">2.25456</maxSubResource>
					<maxSubResource fillout="1" year="2075">2.33464</maxSubResource>
					<mid-price fillout="1" year="1975">6.2</mid-price>
					<mid-price fillout="1" year="2035">6.1</mid-price>
					<mid-price fillout="1" year="2075">5.6</mid-price>
					<curve-exponent fillout="1" year="1975">3.069</curve-exponent>
					<curve-exponent fillout="1" year="2035">3.17</curve-exponent>
					<curve-exponent fillout="1" year="2075">2.998</curve-exponent>
				</smooth-renewable-subresource>
			</renewresource>
			<renewresource name="CSP_resource">
				<smooth-renewable-subresource name="CSP_resource">
					<maxSubResource fillout="1" year="1975">0.49992</maxSubResource>
					<maxSubResource fillout="1" year="2035">0.59289</maxSubResource>
					<maxSubResource fillout="1" year="2075">0.65477</maxSubResource>
					<mid-price fillout="1" year="1975">5.2</mid-price>
					<mid-price fillout="1" year="2035">4.0</mid-price>
					<mid-price fillout="1" year="2075">4.0</mid-price>
					<curve-exponent fillout="1" year="1975">2.678</curve-exponent>
					<curve-exponent fillout="1" year="2035">2.28</curve-exponent>
					<curve-exponent fillout="1" year="2075">2.539</curve-exponent>
				</smooth-renewable-subresource>
			</renewresource>
		</region>
		<region name="European Free Trade Association">
			<unlimited-resource delete="1" name="global solar resource"/>
			<renewresource name="PV_resource">
				<smooth-renewable-subresource name="PV_resource">
					<maxSubResource fillout="1" year="1975">0.17478</maxSubResource>
					<maxSubResource fillout="1" year="2035">0.17553</maxSubResource>
					<maxSubResource fillout="1" year="2075">0.17188</maxSubResource>
					<mid-price fillout="1" year="1975">3.1</mid-price>
					<mid-price fillout="1" year="2035">3.0</mid-price>
					<mid-price fillout="1" year="2075">3.2</mid-price>
					<curve-exponent fillout="1" year="1975">9.062</curve-exponent>
					<curve-exponent fillout="1" year="2035">5.886</curve-exponent>
					<curve-exponent fillout="1" year="2075">5.533</curve-exponent>
				</smooth-renewable-subresource>
			</renewresource>
			<renewresource name="CSP_resource">
				<smooth-renewable-subresource name="CSP_resource">
					<maxSubResource fillout="1" year="1975">0.01288</maxSubResource>
					<maxSubResource fillout="1" year="2035">0.01369</maxSubResource>
					<maxSubResource fillout="1" year="2075">0.01335</maxSubResource>
					<mid-price fillout="1" year="1975">21.5</mid-price>
					<mid-price fillout="1" year="2035">21.5</mid-price>
					<mid-price fillout="1" year="2075">21.5</mid-price>
					<curve-exponent fillout="1" year="1975">9.449</curve-exponent>
					<curve-exponent fillout="1" year="2035">9.449</curve-exponent>
					<curve-exponent fillout="1" year="2075">9.449</curve-exponent>
				</smooth-renewable-subresource>
			</renewresource>
		</region>
		<region name="India">
			<unlimited-resource delete="1" name="global solar resource"/>
			<renewresource name="PV_resource">
				<smooth-renewable-subresource name="PV_resource">
					<maxSubResource fillout="1" year="1975">14.00378</maxSubResource>
					<maxSubResource fillout="1" year="2035">13.6832</maxSubResource>
					<maxSubResource fillout="1" year="2075">13.58456</maxSubResource>
					<mid-price fillout="1" year="1975">3.4</mid-price>
					<mid-price fillout="1" year="2035">3.6</mid-price>
					<mid-price fillout="1" year="2075">3.3</mid-price>
					<curve-exponent fillout="1" year="1975">4.777</curve-exponent>
					<curve-exponent fillout="1" year="2035">4.709</curve-exponent>
					<curve-exponent fillout="1" year="2075">4.427</curve-exponent>
				</smooth-renewable-subresource>
			</renewresource>
			<renewresource name="CSP_resource">
				<smooth-renewable-subresource name="CSP_resource">
					<maxSubResource fillout="1" year="1975">6.20942</maxSubResource>
					<maxSubResource fillout="1" year="2035">6.0278</maxSubResource>
					<maxSubResource fillout="1" year="2075">6.0253</maxSubResource>
					<mid-price fillout="1" year="1975">2.9</mid-price>
					<mid-price fillout="1" year="2035">2.7</mid-price>
					<mid-price fillout="1" year="2075">2.6</mid-price>
					<curve-exponent fillout="1" year="1975">6.66</curve-exponent>
					<curve-exponent fillout="1" year="2035">5.203</curve-exponent>
					<curve-exponent fillout="1" year="2075">5.618</curve-exponent>
				</smooth-renewable-subresource>
			</renewresource>
		</region>
		<region name="Indonesia">
			<unlimited-resource delete="1" name="global solar resource"/>
			<renewresource name="PV_resource">
				<smooth-renewable-subresource name="PV_resource">
					<maxSubResource fillout="1" year="1975">1.80281</maxSubResource>
					<maxSubResource fillout="1" year="2035">1.7889</maxSubResource>
					<maxSubResource fillout="1" year="2075">1.76683</maxSubResource>
					<mid-price fillout="1" year="1975">10.8</mid-price>
					<mid-price fillout="1" year="2035">10.2</mid-price>
					<mid-price fillout="1" year="2075">10.2</mid-price>
					<curve-exponent fillout="1" year="1975">1.392</curve-exponent>
					<curve-exponent fillout="1" year="2035">1.32</curve-exponent>
					<curve-exponent fillout="1" year="2075">1.298</curve-exponent>
				</smooth-renewable-subresource>
			</renewresource>
			<renewresource name="CSP_resource">
				<smooth-renewable-subresource name="CSP_resource">
					<maxSubResource fillout="1" year="1975">0.78477</maxSubResource>
					<maxSubResource fillout="1" year="2035">0.78884</maxSubResource>
					<maxSubResource fillout="1" year="2075">0.77623</maxSubResource>
					<mid-price fillout="1" year="1975">4.5</mid-price>
					<mid-price fillout="1" year="2035">4.3</mid-price>
					<mid-price fillout="1" year="2075">4.4</mid-price>
					<curve-exponent fillout="1" year="1975">3.749</curve-exponent>
					<curve-exponent fillout="1" year="2035">3.475</curve-exponent>
					<curve-exponent fillout="1" year="2075">3.447</curve-exponent>
				</smooth-renewable-subresource>
			</renewresource>
		</region>
		<region name="Japan">
			<unlimited-resource delete="1" name="global solar resource"/>
			<renewresource name="PV_resource">
				<smooth-renewable-subresource name="PV_resource">
					<maxSubResource fillout="1" year="1975">0.14863</maxSubResource>
					<maxSubResource fillout="1" year="2035">0.15658</maxSubResource>
					<maxSubResource fillout="1" year="2075">0.1629</maxSubResource>
					<mid-price fillout="1" year="1975">0.6</mid-price>
					<mid-price fillout="1" year="2035">0.3</mid-price>
					<mid-price fillout="1" year="2075">0.4</mid-price>
					<curve-exponent fillout="1" year="1975">1.0</curve-exponent>
					<curve-exponent fillout="1" year="2035">1.0</curve-exponent>
					<curve-exponent fillout="1" year="2075">1.0</curve-exponent>
				</smooth-renewable-subresource>
			</renewresource>
			<renewresource name="CSP_resource">
				<smooth-renewable-subresource name="CSP_resource">
					<maxSubResource fillout="1" year="1975">0.02487</maxSubResource>
					<maxSubResource fillout="1" year="2035">0.03226</maxSubResource>
					<maxSubResource fillout="1" year="2075">0.03726</maxSubResource>
					<mid-price fillout="1" year="1975">8.8</mid-price>
					<mid-price fillout="1" year="2035">5.7</mid-price>
					<mid-price fillout="1" year="2075">5.3</mid-price>
					<curve-exponent fillout="1" year="1975">1.791</curve-exponent>
					<curve-exponent fillout="1" year="2035">3.042</curve-exponent>
					<curve-exponent fillout="1" year="2075">2.925</curve-exponent>
				</smooth-renewable-subresource>
			</renewresource>
		</region>
		<region name="Mexico">
			<unlimited-resource delete="1" name="global solar resource"/>
			<renewresource name="PV_resource">
				<smooth-renewable-subresource name="PV_resource">
					<maxSubResource fillout="1" year="1975">11.8994</maxSubResource>
					<maxSubResource fillout="1" year="2035">12.00205</maxSubResource>
					<maxSubResource fillout="1" year="2075">12.0454</maxSubResource>
					<mid-price fillout="1" year="1975">2.8</mid-price>
					<mid-price fillout="1" year="2035">2.8</mid-price>
					<mid-price fillout="1" year="2075">2.8</mid-price>
					<curve-exponent fillout="1" year="1975">1.826</curve-exponent>
					<curve-exponent fillout="1" year="2035">1.826</curve-exponent>
					<curve-exponent fillout="1" year="2075">1.827</curve-exponent>
				</smooth-renewable-subresource>
			</renewresource>
			<renewresource name="CSP_resource">
				<smooth-renewable-subresource name="CSP_resource">
					<maxSubResource fillout="1" year="1975">5.48932</maxSubResource>
					<maxSubResource fillout="1" year="2035">5.68847</maxSubResource>
					<maxSubResource fillout="1" year="2075">5.79112</maxSubResource>
					<mid-price fillout="1" year="1975">2.1</mid-price>
					<mid-price fillout="1" year="2035">2.1</mid-price>
					<mid-price fillout="1" year="2075">2.0</mid-price>
					<curve-exponent fillout="1" year="1975">3.83</curve-exponent>
					<curve-exponent fillout="1" year="2035">3.912</curve-exponent>
					<curve-exponent fillout="1" year="2075">3.596</curve-exponent>
				</smooth-renewable-subresource>
			</renewresource>
		</region>
		<region name="Middle East">
			<unlimited-resource delete="1" name="global solar resource"/>
			<renewresource name="PV_resource">
				<smooth-renewable-subresource name="PV_resource">
					<maxSubResource fillout="1" year="1975">74.0174</maxSubResource>
					<maxSubResource fillout="1" year="2035">73.27726</maxSubResource>
					<maxSubResource fillout="1" year="2075">73.79445</maxSubResource>
					<mid-price fillout="1" year="1975">1.4</mid-price>
					<mid-price fillout="1" year="2035">1.4</mid-price>
					<mid-price fillout="1" year="2075">1.3</mid-price>
					<curve-exponent fillout="1" year="1975">3.041</curve-exponent>
					<curve-exponent fillout="1" year="2035">3.194</curve-exponent>
					<curve-exponent fillout="1" year="2075">3.213</curve-exponent>
				</smooth-renewable-subresource>
			</renewresource>
			<renewresource name="CSP_resource">
				<smooth-renewable-subresource name="CSP_resource">
					<maxSubResource fillout="1" year="1975">34.79342</maxSubResource>
					<maxSubResource fillout="1" year="2035">34.89591</maxSubResource>
					<maxSubResource fillout="1" year="2075">36.05183</maxSubResource>
					<mid-price fillout="1" year="1975">2.5</mid-price>
					<mid-price fillout="1" year="2035">2.0</mid-price>
					<mid-price fillout="1" year="2075">1.8</mid-price>
					<curve-exponent fillout="1" year="1975">2.355</curve-exponent>
					<curve-exponent fillout="1" year="2035">2.249</curve-exponent>
					<curve-exponent fillout="1" year="2075">2.369</curve-exponent>
				</smooth-renewable-subresource>
			</renewresource>
		</region>
		<region name="Pakistan">
			<unlimited-resource delete="1" name="global solar resource"/>
			<renewresource name="PV_resource">
				<smooth-renewable-subresource name="PV_resource">
					<maxSubResource fillout="1" year="1975">10.37583</maxSubResource>
					<maxSubResource fillout="1" year="2035">10.11537</maxSubResource>
					<maxSubResource fillout="1" year="2075">10.10771</maxSubResource>
					<mid-price fillout="1" year="1975">1.4</mid-price>
					<mid-price fillout="1" year="2035">1.7</mid-price>
					<mid-price fillout="1" year="2075">1.7</mid-price>
					<curve-exponent fillout="1" year="1975">2.381</curve-exponent>
					<curve-exponent fillout="1" year="2035">2.699</curve-exponent>
					<curve-exponent fillout="1" year="2075">2.738</curve-exponent>
				</smooth-renewable-subresource>
			</renewresource>
			<renewresource name="CSP_resource">
				<smooth-renewable-subresource name="CSP_resource">
					<maxSubResource fillout="1" year="1975">4.72948</maxSubResource>
					<maxSubResource fillout="1" year="2035">4.56564</maxSubResource>
					<maxSubResource fillout="1" year="2075">4.62851</maxSubResource>
					<mid-price fillout="1" year="1975">2.2</mid-price>
					<mid-price fillout="1" year="2035">2.1</mid-price>
					<mid-price fillout="1" year="2075">2.0</mid-price>
					<curve-exponent fillout="1" year="1975">4.805</curve-exponent>
					<curve-exponent fillout="1" year="2035">4.253</curve-exponent>
					<curve-exponent fillout="1" year="2075">4.354</curve-exponent>
				</smooth-renewable-subresource>
			</renewresource>
		</region>
		<region name="Russia">
			<unlimited-resource delete="1" name="global solar resource"/>
			<renewresource name="PV_resource">
				<smooth-renewable-subresource name="PV_resource">
					<maxSubResource fillout="1" year="1975">9.04442</maxSubResource>
					<maxSubResource fillout="1" year="2035">9.29674</maxSubResource>
					<maxSubResource fillout="1" year="2075">9.3535</maxSubResource>
					<mid-price fillout="1" year="1975">10.4</mid-price>
					<mid-price fillout="1" year="2035">9.9</mid-price>
					<mid-price fillout="1" year="2075">9.8</mid-price>
					<curve-exponent fillout="1" year="1975">1.344</curve-exponent>
					<curve-exponent fillout="1" year="2035">1.317</curve-exponent>
					<curve-exponent fillout="1" year="2075">1.293</curve-exponent>
				</smooth-renewable-subresource>
			</renewresource>
			<renewresource name="CSP_resource">
				<smooth-renewable-subresource name="CSP_resource">
					<maxSubResource fillout="1" year="1975">1.08688</maxSubResource>
					<maxSubResource fillout="1" year="2035">1.24218</maxSubResource>
					<maxSubResource fillout="1" year="2075">1.28875</maxSubResource>
					<mid-price fillout="1" year="1975">7.8</mid-price>
					<mid-price fillout="1" year="2035">11.2</mid-price>
					<mid-price fillout="1" year="2075">12.1</mid-price>
					<curve-exponent fillout="1" year="1975">15.0</curve-exponent>
					<curve-exponent fillout="1" year="2035">2.833</curve-exponent>
					<curve-exponent fillout="1" year="2075">2.819</curve-exponent>
				</smooth-renewable-subresource>
			</renewresource>
		</region>
		<region name="South Africa">
			<unlimited-resource delete="1" name="global solar resource"/>
			<renewresource name="PV_resource">
				<smooth-renewable-subresource name="PV_resource">
					<maxSubResource fillout="1" year="1975">15.24608</maxSubResource>
					<maxSubResource fillout="1" year="2035">15.30044</maxSubResource>
					<maxSubResource fillout="1" year="2075">15.24434</maxSubResource>
					<mid-price fillout="1" year="1975">1.9</mid-price>
					<mid-price fillout="1" year="2035">2.2</mid-price>
					<mid-price fillout="1" year="2075">2.3</mid-price>
					<curve-exponent fillout="1" year="1975">2.765</curve-exponent>
					<curve-exponent fillout="1" year="2035">3.226</curve-exponent>
					<curve-exponent fillout="1" year="2075">3.295</curve-exponent>
				</smooth-renewable-subresource>
			</renewresource>
			<renewresource name="CSP_resource">
				<smooth-renewable-subresource name="CSP_resource">
					<maxSubResource fillout="1" year="1975">7.26543</maxSubResource>
					<maxSubResource fillout="1" year="2035">7.48474</maxSubResource>
					<maxSubResource fillout="1" year="2075">7.47827</maxSubResource>
					<mid-price fillout="1" year="1975">0.4</mid-price>
					<mid-price fillout="1" year="2035">0.2</mid-price>
					<mid-price fillout="1" year="2075">0.3</mid-price>
					<curve-exponent fillout="1" year="1975">1.416</curve-exponent>
					<curve-exponent fillout="1" year="2035">1.333</curve-exponent>
					<curve-exponent fillout="1" year="2075">1.422</curve-exponent>
				</smooth-renewable-subresource>
			</renewresource>
		</region>
		<region name="South America_Northern">
			<unlimited-resource delete="1" name="global solar resource"/>
			<renewresource name="PV_resource">
				<smooth-renewable-subresource name="PV_resource">
					<maxSubResource fillout="1" year="1975">1.47288</maxSubResource>
					<maxSubResource fillout="1" year="2035">1.49012</maxSubResource>
					<maxSubResource fillout="1" year="2075">1.49561</maxSubResource>
					<mid-price fillout="1" year="1975">6.2</mid-price>
					<mid-price fillout="1" year="2035">5.9</mid-price>
					<mid-price fillout="1" year="2075">5.9</mid-price>
					<curve-exponent fillout="1" year="1975">3.69</curve-exponent>
					<curve-exponent fillout="1" year="2035">3.37</curve-exponent>
					<curve-exponent fillout="1" year="2075">3.345</curve-exponent>
				</smooth-renewable-subresource>
			</renewresource>
			<renewresource name="CSP_resource">
				<smooth-renewable-subresource name="CSP_resource">
					<maxSubResource fillout="1" year="1975">0.67107</maxSubResource>
					<maxSubResource fillout="1" year="2035">0.70485</maxSubResource>
					<maxSubResource fillout="1" year="2075">0.72033</maxSubResource>
					<mid-price fillout="1" year="1975">3.2</mid-price>
					<mid-price fillout="1" year="2035">3.1</mid-price>
					<mid-price fillout="1" year="2075">2.9</mid-price>
					<curve-exponent fillout="1" year="1975">6.644</curve-exponent>
					<curve-exponent fillout="1" year="2035">6.19</curve-exponent>
					<curve-exponent fillout="1" year="2075">5.334</curve-exponent>
				</smooth-renewable-subresource>
			</renewresource>
		</region>
		<region name="South America_Southern">
			<unlimited-resource delete="1" name="global solar resource"/>
			<renewresource name="PV_resource">
				<smooth-renewable-subresource name="PV_resource">
					<maxSubResource fillout="1" year="1975">7.51205</maxSubResource>
					<maxSubResource fillout="1" year="2035">7.68087</maxSubResource>
					<maxSubResource fillout="1" year="2075">7.7184</maxSubResource>
					<mid-price fillout="1" year="1975">11.2</mid-price>
					<mid-price fillout="1" year="2035">10.8</mid-price>
					<mid-price fillout="1" year="2075">10.7</mid-price>
					<curve-exponent fillout="1" year="1975">2.366</curve-exponent>
					<curve-exponent fillout="1" year="2035">2.401</curve-exponent>
					<curve-exponent fillout="1" year="2075">2.382</curve-exponent>
				</smooth-renewable-subresource>
			</renewresource>
			<renewresource name="CSP_resource">
				<smooth-renewable-subresource name="CSP_resource">
					<maxSubResource fillout="1" year="1975">3.39192</maxSubResource>
					<maxSubResource fillout="1" year="2035">3.61261</maxSubResource>
					<maxSubResource fillout="1" year="2075">3.68175</maxSubResource>
					<mid-price fillout="1" year="1975">3.0</mid-price>
					<mid-price fillout="1" year="2035">3.0</mid-price>
					<mid-price fillout="1" year="2075">3.0</mid-price>
					<curve-exponent fillout="1" year="1975">2.251</curve-exponent>
					<curve-exponent fillout="1" year="2035">2.418</curve-exponent>
					<curve-exponent fillout="1" year="2075">2.466</curve-exponent>
				</smooth-renewable-subresource>
			</renewresource>
		</region>
		<region name="South Asia">
			<unlimited-resource delete="1" name="global solar resource"/>
			<renewresource name="PV_resource">
				<smooth-renewable-subresource name="PV_resource">
					<maxSubResource fillout="1" year="1975">6.37993</maxSubResource>
					<maxSubResource fillout="1" year="2035">6.3065</maxSubResource>
					<maxSubResource fillout="1" year="2075">6.37471</maxSubResource>
					<mid-price fillout="1" year="1975">1.5</mid-price>
					<mid-price fillout="1" year="2035">1.3</mid-price>
					<mid-price fillout="1" year="2075">1.1</mid-price>
					<curve-exponent fillout="1" year="1975">1.159</curve-exponent>
					<curve-exponent fillout="1" year="2035">1.088</curve-exponent>
					<curve-exponent fillout="1" year="2075">1.021</curve-exponent>
				</smooth-renewable-subresource>
			</renewresource>
			<renewresource name="CSP_resource">
				<smooth-renewable-subresource name="CSP_resource">
					<maxSubResource fillout="1" year="1975">2.63743</maxSubResource>
					<maxSubResource fillout="1" year="2035">2.67553</maxSubResource>
					<maxSubResource fillout="1" year="2075">2.79321</maxSubResource>
					<mid-price fillout="1" year="1975">1.3</mid-price>
					<mid-price fillout="1" year="2035">1.2</mid-price>
					<mid-price fillout="1" year="2075">0.5</mid-price>
					<curve-exponent fillout="1" year="1975">1.659</curve-exponent>
					<curve-exponent fillout="1" year="2035">1.684</curve-exponent>
					<curve-exponent fillout="1" year="2075">1.053</curve-exponent>
				</smooth-renewable-subresource>
			</renewresource>
		</region>
		<region name="South Korea">
			<unlimited-resource delete="1" name="global solar resource"/>
			<renewresource name="PV_resource">
				<smooth-renewable-subresource name="PV_resource">
					<maxSubResource fillout="1" year="1975">0.10043</maxSubResource>
					<maxSubResource fillout="1" year="2035">0.10362</maxSubResource>
					<maxSubResource fillout="1" year="2075">0.1095</maxSubResource>
					<mid-price fillout="1" year="1975">3.8</mid-price>
					<mid-price fillout="1" year="2035">4.1</mid-price>
					<mid-price fillout="1" year="2075">3.8</mid-price>
					<curve-exponent fillout="1" year="1975">1.272</curve-exponent>
					<curve-exponent fillout="1" year="2035">1.265</curve-exponent>
					<curve-exponent fillout="1" year="2075">1.246</curve-exponent>
				</smooth-renewable-subresource>
			</renewresource>
			<renewresource name="CSP_resource">
				<smooth-renewable-subresource name="CSP_resource">
					<maxSubResource fillout="1" year="1975">0.02176</maxSubResource>
					<maxSubResource fillout="1" year="2035">0.02441</maxSubResource>
					<maxSubResource fillout="1" year="2075">0.03041</maxSubResource>
					<mid-price fillout="1" year="1975">4.4</mid-price>
					<mid-price fillout="1" year="2035">3.0</mid-price>
					<mid-price fillout="1" year="2075">1.5</mid-price>
					<curve-exponent fillout="1" year="1975">5.47</curve-exponent>
					<curve-exponent fillout="1" year="2035">5.059</curve-exponent>
					<curve-exponent fillout="1" year="2075">2.246</curve-exponent>
				</smooth-renewable-subresource>
			</renewresource>
		</region>
		<region name="Southeast Asia">
			<unlimited-resource delete="1" name="global solar resource"/>
			<renewresource name="PV_resource">
				<smooth-renewable-subresource name="PV_resource">
					<maxSubResource fillout="1" year="1975">5.09359</maxSubResource>
					<maxSubResource fillout="1" year="2035">5.12762</maxSubResource>
					<maxSubResource fillout="1" year="2075">5.06954</maxSubResource>
					<mid-price fillout="1" year="1975">5.4</mid-price>
					<mid-price fillout="1" year="2035">5.3</mid-price>
					<mid-price fillout="1" year="2075">5.5</mid-price>
					<curve-exponent fillout="1" year="1975">2.075</curve-exponent>
					<curve-exponent fillout="1" year="2035">2.063</curve-exponent>
					<curve-exponent fillout="1" year="2075">2.099</curve-exponent>
				</smooth-renewable-subresource>
			</renewresource>
			<renewresource name="CSP_resource">
				<smooth-renewable-subresource name="CSP_resource">
					<maxSubResource fillout="1" year="1975">2.12877</maxSubResource>
					<maxSubResource fillout="1" year="2035">2.20188</maxSubResource>
					<maxSubResource fillout="1" year="2075">2.16661</maxSubResource>
					<mid-price fillout="1" year="1975">3.7</mid-price>
					<mid-price fillout="1" year="2035">3.3</mid-price>
					<mid-price fillout="1" year="2075">3.0</mid-price>
					<curve-exponent fillout="1" year="1975">4.773</curve-exponent>
					<curve-exponent fillout="1" year="2035">4.736</curve-exponent>
					<curve-exponent fillout="1" year="2075">4.047</curve-exponent>
				</smooth-renewable-subresource>
			</renewresource>
		</region>
		<region name="Taiwan">
			<unlimited-resource delete="1" name="global solar resource"/>
			<renewresource name="PV_resource">
				<smooth-renewable-subresource name="PV_resource">
					<maxSubResource fillout="1" year="1975">0.05103</maxSubResource>
					<maxSubResource fillout="1" year="2035">0.05119</maxSubResource>
					<maxSubResource fillout="1" year="2075">0.053</maxSubResource>
					<mid-price fillout="1" year="1975">0.7</mid-price>
					<mid-price fillout="1" year="2035">0.6</mid-price>
					<mid-price fillout="1" year="2075">0.2</mid-price>
					<curve-exponent fillout="1" year="1975">1.688</curve-exponent>
					<curve-exponent fillout="1" year="2035">1.907</curve-exponent>
					<curve-exponent fillout="1" year="2075">1.032</curve-exponent>
				</smooth-renewable-subresource>
			</renewresource>
			<renewresource name="CSP_resource">
				<smooth-renewable-subresource name="CSP_resource">
					<maxSubResource fillout="1" year="1975">0.01566</maxSubResource>
					<maxSubResource fillout="1" year="2035">0.0162</maxSubResource>
					<maxSubResource fillout="1" year="2075">0.01929</maxSubResource>
					<mid-price fillout="1" year="1975">1.4</mid-price>
					<mid-price fillout="1" year="2035">1.5</mid-price>
					<mid-price fillout="1" year="2075">1.1</mid-price>
					<curve-exponent fillout="1" year="1975">1.0</curve-exponent>
					<curve-exponent fillout="1" year="2035">1.193</curve-exponent>
					<curve-exponent fillout="1" year="2075">1.831</curve-exponent>
				</smooth-renewable-subresource>
			</renewresource>
		</region>
		<region name="Argentina">
			<unlimited-resource delete="1" name="global solar resource"/>
			<renewresource name="PV_resource">
				<smooth-renewable-subresource name="PV_resource">
					<maxSubResource fillout="1" year="1975">17.2571</maxSubResource>
					<maxSubResource fillout="1" year="2035">17.53037</maxSubResource>
					<maxSubResource fillout="1" year="2075">17.73091</maxSubResource>
					<mid-price fillout="1" year="1975">5.8</mid-price>
					<mid-price fillout="1" year="2035">6.1</mid-price>
					<mid-price fillout="1" year="2075">5.9</mid-price>
					<curve-exponent fillout="1" year="1975">2.072</curve-exponent>
					<curve-exponent fillout="1" year="2035">2.156</curve-exponent>
					<curve-exponent fillout="1" year="2075">2.118</curve-exponent>
				</smooth-renewable-subresource>
			</renewresource>
			<renewresource name="CSP_resource">
				<smooth-renewable-subresource name="CSP_resource">
					<maxSubResource fillout="1" year="1975">4.96767</maxSubResource>
					<maxSubResource fillout="1" year="2035">5.28204</maxSubResource>
					<maxSubResource fillout="1" year="2075">5.47287</maxSubResource>
					<mid-price fillout="1" year="1975">8.7</mid-price>
					<mid-price fillout="1" year="2035">8.2</mid-price>
					<mid-price fillout="1" year="2075">7.8</mid-price>
					<curve-exponent fillout="1" year="1975">3.019</curve-exponent>
					<curve-exponent fillout="1" year="2035">3.063</curve-exponent>
					<curve-exponent fillout="1" year="2075">2.946</curve-exponent>
				</smooth-renewable-subresource>
			</renewresource>
		</region>
		<region name="Colombia">
			<unlimited-resource delete="1" name="global solar resource"/>
			<renewresource name="PV_resource">
				<smooth-renewable-subresource name="PV_resource">
					<maxSubResource fillout="1" year="1975">1.37527</maxSubResource>
					<maxSubResource fillout="1" year="2035">1.40531</maxSubResource>
					<maxSubResource fillout="1" year="2075">1.414</maxSubResource>
					<mid-price fillout="1" year="1975">9.1</mid-price>
					<mid-price fillout="1" year="2035">8.6</mid-price>
					<mid-price fillout="1" year="2075">8.8</mid-price>
					<curve-exponent fillout="1" year="1975">3.278</curve-exponent>
					<curve-exponent fillout="1" year="2035">3.16</curve-exponent>
					<curve-exponent fillout="1" year="2075">3.257</curve-exponent>
				</smooth-renewable-subresource>
			</renewresource>
			<renewresource name="CSP_resource">
				<smooth-renewable-subresource name="CSP_resource">
					<maxSubResource fillout="1" year="1975">0.56764</maxSubResource>
					<maxSubResource fillout="1" year="2035">0.60798</maxSubResource>
					<maxSubResource fillout="1" year="2075">0.62398</maxSubResource>
					<mid-price fillout="1" year="1975">5.1</mid-price>
					<mid-price fillout="1" year="2035">4.9</mid-price>
					<mid-price fillout="1" year="2075">4.6</mid-price>
					<curve-exponent fillout="1" year="1975">4.176</curve-exponent>
					<curve-exponent fillout="1" year="2035">4.843</curve-exponent>
					<curve-exponent fillout="1" year="2075">4.674</curve-exponent>
				</smooth-renewable-subresource>
			</renewresource>
		</region>
		<region name="Uruguay">
			<unlimited-resource delete="1" name="global solar resource"/>
			<renewresource name="PV_resource">
				<smooth-renewable-subresource name="PV_resource">
					<maxSubResource fillout="1" year="1975">0.65552</maxSubResource>
					<maxSubResource fillout="1" year="2035">0.66415</maxSubResource>
					<maxSubResource fillout="1" year="2075">0.67354</maxSubResource>
					<mid-price fillout="1" year="1975">7.7</mid-price>
					<mid-price fillout="1" year="2035">7.8</mid-price>
					<mid-price fillout="1" year="2075">7.8</mid-price>
					<curve-exponent fillout="1" year="1975">5.276</curve-exponent>
					<curve-exponent fillout="1" year="2035">5.207</curve-exponent>
					<curve-exponent fillout="1" year="2075">5.457</curve-exponent>
				</smooth-renewable-subresource>
			</renewresource>
			<renewresource name="CSP_resource">
				<smooth-renewable-subresource name="CSP_resource">
					<maxSubResource fillout="1" year="1975">0.18188</maxSubResource>
					<maxSubResource fillout="1" year="2035">0.19175</maxSubResource>
					<maxSubResource fillout="1" year="2075">0.19868</maxSubResource>
					<mid-price fillout="1" year="1975">2.6</mid-price>
					<mid-price fillout="1" year="2035">2.3</mid-price>
					<mid-price fillout="1" year="2075">2.2</mid-price>
					<curve-exponent fillout="1" year="1975">6.147</curve-exponent>
					<curve-exponent fillout="1" year="2035">5.757</curve-exponent>
					<curve-exponent fillout="1" year="2075">5.56</curve-exponent>
				</smooth-renewable-subresource>
			</renewresource>
		</region>
		<global-technology-database>
			<location-info sector-name="H2 central production" subsector-name="solar">
				<technology name="electrolysis">
					<period year="1975">
						<minicam-energy-input delete="1" name="global solar resource"/>
						<minicam-energy-input name="PV_resource">
							<efficiency>0.626</efficiency>
							<flag>Resource</flag>
						</minicam-energy-input>
					</period>
					<period year="1990">
						<minicam-energy-input delete="1" name="global solar resource"/>
						<minicam-energy-input name="PV_resource">
							<efficiency>0.626</efficiency>
							<flag>Resource</flag>
						</minicam-energy-input>
					</period>
					<period year="2005">
						<minicam-energy-input delete="1" name="global solar resource"/>
						<minicam-energy-input name="PV_resource">
							<efficiency>0.626</efficiency>
							<flag>Resource</flag>
						</minicam-energy-input>
					</period>
					<period year="2010">
						<minicam-energy-input delete="1" name="global solar resource"/>
						<minicam-energy-input name="PV_resource">
							<efficiency>0.626</efficiency>
							<flag>Resource</flag>
						</minicam-energy-input>
					</period>
					<period year="2015">
						<minicam-energy-input delete="1" name="global solar resource"/>
						<minicam-energy-input name="PV_resource">
							<efficiency>0.626</efficiency>
							<flag>Resource</flag>
						</minicam-energy-input>
					</period>
					<period year="2020">
						<minicam-energy-input delete="1" name="global solar resource"/>
						<minicam-energy-input name="PV_resource">
							<efficiency>0.626</efficiency>
							<flag>Resource</flag>
						</minicam-energy-input>
					</period>
					<period year="2025">
						<minicam-energy-input delete="1" name="global solar resource"/>
						<minicam-energy-input name="PV_resource">
							<efficiency>0.635</efficiency>
							<flag>Resource</flag>
						</minicam-energy-input>
					</period>
					<period year="2030">
						<minicam-energy-input delete="1" name="global solar resource"/>
						<minicam-energy-input name="PV_resource">
							<efficiency>0.645</efficiency>
							<flag>Resource</flag>
						</minicam-energy-input>
					</period>
					<period year="2035">
						<minicam-energy-input delete="1" name="global solar resource"/>
						<minicam-energy-input name="PV_resource">
							<efficiency>0.654</efficiency>
							<flag>Resource</flag>
						</minicam-energy-input>
					</period>
					<period year="2040">
						<minicam-energy-input delete="1" name="global solar resource"/>
						<minicam-energy-input name="PV_resource">
							<efficiency>0.663</efficiency>
							<flag>Resource</flag>
						</minicam-energy-input>
					</period>
					<period year="2045">
						<minicam-energy-input delete="1" name="global solar resource"/>
						<minicam-energy-input name="PV_resource">
							<efficiency>0.673</efficiency>
							<flag>Resource</flag>
						</minicam-energy-input>
					</period>
					<period year="2050">
						<minicam-energy-input delete="1" name="global solar resource"/>
						<minicam-energy-input name="PV_resource">
							<efficiency>0.682</efficiency>
							<flag>Resource</flag>
						</minicam-energy-input>
					</period>
					<period year="2055">
						<minicam-energy-input delete="1" name="global solar resource"/>
						<minicam-energy-input name="PV_resource">
							<efficiency>0.692</efficiency>
							<flag>Resource</flag>
						</minicam-energy-input>
					</period>
					<period year="2060">
						<minicam-energy-input delete="1" name="global solar resource"/>
						<minicam-energy-input name="PV_resource">
							<efficiency>0.702</efficiency>
							<flag>Resource</flag>
						</minicam-energy-input>
					</period>
					<period year="2065">
						<minicam-energy-input delete="1" name="global solar resource"/>
						<minicam-energy-input name="PV_resource">
							<efficiency>0.712</efficiency>
							<flag>Resource</flag>
						</minicam-energy-input>
					</period>
					<period year="2070">
						<minicam-energy-input delete="1" name="global solar resource"/>
						<minicam-energy-input name="PV_resource">
							<efficiency>0.716</efficiency>
							<flag>Resource</flag>
						</minicam-energy-input>
					</period>
					<period year="2075">
						<minicam-energy-input delete="1" name="global solar resource"/>
						<minicam-energy-input name="PV_resource">
							<efficiency>0.719</efficiency>
							<flag>Resource</flag>
						</minicam-energy-input>
					</period>
					<period year="2080">
						<minicam-energy-input delete="1" name="global solar resource"/>
						<minicam-energy-input name="PV_resource">
							<efficiency>0.723</efficiency>
							<flag>Resource</flag>
						</minicam-energy-input>
					</period>
					<period year="2085">
						<minicam-energy-input delete="1" name="global solar resource"/>
						<minicam-energy-input name="PV_resource">
							<efficiency>0.727</efficiency>
							<flag>Resource</flag>
						</minicam-energy-input>
					</period>
					<period year="2090">
						<minicam-energy-input delete="1" name="global solar resource"/>
						<minicam-energy-input name="PV_resource">
							<efficiency>0.73</efficiency>
							<flag>Resource</flag>
						</minicam-energy-input>
					</period>
					<period year="2095">
						<minicam-energy-input delete="1" name="global solar resource"/>
						<minicam-energy-input name="PV_resource">
							<efficiency>0.734</efficiency>
							<flag>Resource</flag>
						</minicam-energy-input>
					</period>
					<period year="2100">
						<minicam-energy-input delete="1" name="global solar resource"/>
						<minicam-energy-input name="PV_resource">
							<efficiency>0.734</efficiency>
							<flag>Resource</flag>
						</minicam-energy-input>
					</period>
				</technology>
			</location-info>
			<location-info sector-name="elec_CSP" subsector-name="CSP">
				<intermittent-technology name="CSP (dry_hybrid)">
					<period year="1975">
						<minicam-energy-input delete="1" name="global solar resource"/>
						<minicam-energy-input name="CSP_resource">
							<efficiency>0.95</efficiency>
							<flag>Resource</flag>
						</minicam-energy-input>
					</period>
					<period year="1990">
						<minicam-energy-input delete="1" name="global solar resource"/>
						<minicam-energy-input name="CSP_resource">
							<efficiency>0.95</efficiency>
							<flag>Resource</flag>
						</minicam-energy-input>
					</period>
					<period year="2005">
						<minicam-energy-input delete="1" name="global solar resource"/>
						<minicam-energy-input name="CSP_resource">
							<efficiency>0.95</efficiency>
							<flag>Resource</flag>
						</minicam-energy-input>
					</period>
					<period year="2010">
						<minicam-energy-input delete="1" name="global solar resource"/>
						<minicam-energy-input name="CSP_resource">
							<efficiency>0.95</efficiency>
							<flag>Resource</flag>
						</minicam-energy-input>
					</period>
					<period year="2015">
						<minicam-energy-input delete="1" name="global solar resource"/>
						<minicam-energy-input name="CSP_resource">
							<efficiency>0.95</efficiency>
							<flag>Resource</flag>
						</minicam-energy-input>
					</period>
					<period year="2020">
						<minicam-energy-input delete="1" name="global solar resource"/>
						<minicam-energy-input name="CSP_resource">
							<efficiency>0.95</efficiency>
							<flag>Resource</flag>
						</minicam-energy-input>
					</period>
					<period year="2025">
						<minicam-energy-input delete="1" name="global solar resource"/>
						<minicam-energy-input name="CSP_resource">
							<efficiency>0.95</efficiency>
							<flag>Resource</flag>
						</minicam-energy-input>
					</period>
					<period year="2030">
						<minicam-energy-input delete="1" name="global solar resource"/>
						<minicam-energy-input name="CSP_resource">
							<efficiency>0.95</efficiency>
							<flag>Resource</flag>
						</minicam-energy-input>
					</period>
					<period year="2035">
						<minicam-energy-input delete="1" name="global solar resource"/>
						<minicam-energy-input name="CSP_resource">
							<efficiency>0.95</efficiency>
							<flag>Resource</flag>
						</minicam-energy-input>
					</period>
					<period year="2040">
						<minicam-energy-input delete="1" name="global solar resource"/>
						<minicam-energy-input name="CSP_resource">
							<efficiency>0.95</efficiency>
							<flag>Resource</flag>
						</minicam-energy-input>
					</period>
					<period year="2045">
						<minicam-energy-input delete="1" name="global solar resource"/>
						<minicam-energy-input name="CSP_resource">
							<efficiency>0.95</efficiency>
							<flag>Resource</flag>
						</minicam-energy-input>
					</period>
					<period year="2050">
						<minicam-energy-input delete="1" name="global solar resource"/>
						<minicam-energy-input name="CSP_resource">
							<efficiency>0.95</efficiency>
							<flag>Resource</flag>
						</minicam-energy-input>
					</period>
					<period year="2055">
						<minicam-energy-input delete="1" name="global solar resource"/>
						<minicam-energy-input name="CSP_resource">
							<efficiency>0.95</efficiency>
							<flag>Resource</flag>
						</minicam-energy-input>
					</period>
					<period year="2060">
						<minicam-energy-input delete="1" name="global solar resource"/>
						<minicam-energy-input name="CSP_resource">
							<efficiency>0.95</efficiency>
							<flag>Resource</flag>
						</minicam-energy-input>
					</period>
					<period year="2065">
						<minicam-energy-input delete="1" name="global solar resource"/>
						<minicam-energy-input name="CSP_resource">
							<efficiency>0.95</efficiency>
							<flag>Resource</flag>
						</minicam-energy-input>
					</period>
					<period year="2070">
						<minicam-energy-input delete="1" name="global solar resource"/>
						<minicam-energy-input name="CSP_resource">
							<efficiency>0.95</efficiency>
							<flag>Resource</flag>
						</minicam-energy-input>
					</period>
					<period year="2075">
						<minicam-energy-input delete="1" name="global solar resource"/>
						<minicam-energy-input name="CSP_resource">
							<efficiency>0.95</efficiency>
							<flag>Resource</flag>
						</minicam-energy-input>
					</period>
					<period year="2080">
						<minicam-energy-input delete="1" name="global solar resource"/>
						<minicam-energy-input name="CSP_resource">
							<efficiency>0.95</efficiency>
							<flag>Resource</flag>
						</minicam-energy-input>
					</period>
					<period year="2085">
						<minicam-energy-input delete="1" name="global solar resource"/>
						<minicam-energy-input name="CSP_resource">
							<efficiency>0.95</efficiency>
							<flag>Resource</flag>
						</minicam-energy-input>
					</period>
					<period year="2090">
						<minicam-energy-input delete="1" name="global solar resource"/>
						<minicam-energy-input name="CSP_resource">
							<efficiency>0.95</efficiency>
							<flag>Resource</flag>
						</minicam-energy-input>
					</period>
					<period year="2095">
						<minicam-energy-input delete="1" name="global solar resource"/>
						<minicam-energy-input name="CSP_resource">
							<efficiency>0.95</efficiency>
							<flag>Resource</flag>
						</minicam-energy-input>
					</period>
					<period year="2100">
						<minicam-energy-input delete="1" name="global solar resource"/>
						<minicam-energy-input name="CSP_resource">
							<efficiency>0.95</efficiency>
							<flag>Resource</flag>
						</minicam-energy-input>
					</period>
				</intermittent-technology>
				<intermittent-technology name="CSP (recirculating)">
					<period year="1975">
						<minicam-energy-input delete="1" name="global solar resource"/>
						<minicam-energy-input name="CSP_resource">
							<efficiency>1</efficiency>
							<flag>Resource</flag>
						</minicam-energy-input>
					</period>
					<period year="1990">
						<minicam-energy-input delete="1" name="global solar resource"/>
						<minicam-energy-input name="CSP_resource">
							<efficiency>1</efficiency>
							<flag>Resource</flag>
						</minicam-energy-input>
					</period>
					<period year="2005">
						<minicam-energy-input delete="1" name="global solar resource"/>
						<minicam-energy-input name="CSP_resource">
							<efficiency>1</efficiency>
							<flag>Resource</flag>
						</minicam-energy-input>
					</period>
					<period year="2010">
						<minicam-energy-input delete="1" name="global solar resource"/>
						<minicam-energy-input name="CSP_resource">
							<efficiency>1</efficiency>
							<flag>Resource</flag>
						</minicam-energy-input>
					</period>
					<period year="2015">
						<minicam-energy-input delete="1" name="global solar resource"/>
						<minicam-energy-input name="CSP_resource">
							<efficiency>1</efficiency>
							<flag>Resource</flag>
						</minicam-energy-input>
					</period>
					<period year="2020">
						<minicam-energy-input delete="1" name="global solar resource"/>
						<minicam-energy-input name="CSP_resource">
							<efficiency>1</efficiency>
							<flag>Resource</flag>
						</minicam-energy-input>
					</period>
					<period year="2025">
						<minicam-energy-input delete="1" name="global solar resource"/>
						<minicam-energy-input name="CSP_resource">
							<efficiency>1</efficiency>
							<flag>Resource</flag>
						</minicam-energy-input>
					</period>
					<period year="2030">
						<minicam-energy-input delete="1" name="global solar resource"/>
						<minicam-energy-input name="CSP_resource">
							<efficiency>1</efficiency>
							<flag>Resource</flag>
						</minicam-energy-input>
					</period>
					<period year="2035">
						<minicam-energy-input delete="1" name="global solar resource"/>
						<minicam-energy-input name="CSP_resource">
							<efficiency>1</efficiency>
							<flag>Resource</flag>
						</minicam-energy-input>
					</period>
					<period year="2040">
						<minicam-energy-input delete="1" name="global solar resource"/>
						<minicam-energy-input name="CSP_resource">
							<efficiency>1</efficiency>
							<flag>Resource</flag>
						</minicam-energy-input>
					</period>
					<period year="2045">
						<minicam-energy-input delete="1" name="global solar resource"/>
						<minicam-energy-input name="CSP_resource">
							<efficiency>1</efficiency>
							<flag>Resource</flag>
						</minicam-energy-input>
					</period>
					<period year="2050">
						<minicam-energy-input delete="1" name="global solar resource"/>
						<minicam-energy-input name="CSP_resource">
							<efficiency>1</efficiency>
							<flag>Resource</flag>
						</minicam-energy-input>
					</period>
					<period year="2055">
						<minicam-energy-input delete="1" name="global solar resource"/>
						<minicam-energy-input name="CSP_resource">
							<efficiency>1</efficiency>
							<flag>Resource</flag>
						</minicam-energy-input>
					</period>
					<period year="2060">
						<minicam-energy-input delete="1" name="global solar resource"/>
						<minicam-energy-input name="CSP_resource">
							<efficiency>1</efficiency>
							<flag>Resource</flag>
						</minicam-energy-input>
					</period>
					<period year="2065">
						<minicam-energy-input delete="1" name="global solar resource"/>
						<minicam-energy-input name="CSP_resource">
							<efficiency>1</efficiency>
							<flag>Resource</flag>
						</minicam-energy-input>
					</period>
					<period year="2070">
						<minicam-energy-input delete="1" name="global solar resource"/>
						<minicam-energy-input name="CSP_resource">
							<efficiency>1</efficiency>
							<flag>Resource</flag>
						</minicam-energy-input>
					</period>
					<period year="2075">
						<minicam-energy-input delete="1" name="global solar resource"/>
						<minicam-energy-input name="CSP_resource">
							<efficiency>1</efficiency>
							<flag>Resource</flag>
						</minicam-energy-input>
					</period>
					<period year="2080">
						<minicam-energy-input delete="1" name="global solar resource"/>
						<minicam-energy-input name="CSP_resource">
							<efficiency>1</efficiency>
							<flag>Resource</flag>
						</minicam-energy-input>
					</period>
					<period year="2085">
						<minicam-energy-input delete="1" name="global solar resource"/>
						<minicam-energy-input name="CSP_resource">
							<efficiency>1</efficiency>
							<flag>Resource</flag>
						</minicam-energy-input>
					</period>
					<period year="2090">
						<minicam-energy-input delete="1" name="global solar resource"/>
						<minicam-energy-input name="CSP_resource">
							<efficiency>1</efficiency>
							<flag>Resource</flag>
						</minicam-energy-input>
					</period>
					<period year="2095">
						<minicam-energy-input delete="1" name="global solar resource"/>
						<minicam-energy-input name="CSP_resource">
							<efficiency>1</efficiency>
							<flag>Resource</flag>
						</minicam-energy-input>
					</period>
					<period year="2100">
						<minicam-energy-input delete="1" name="global solar resource"/>
						<minicam-energy-input name="CSP_resource">
							<efficiency>1</efficiency>
							<flag>Resource</flag>
						</minicam-energy-input>
					</period>
				</intermittent-technology>
			</location-info>
			<location-info sector-name="elec_CSP_storage" subsector-name="CSP_storage">
				<technology name="CSP_storage (dry_hybrid)">
					<period year="1975">
						<minicam-energy-input delete="1" name="global solar resource"/>
						<minicam-energy-input name="CSP_resource">
							<efficiency>0.95</efficiency>
							<flag>Resource</flag>
						</minicam-energy-input>
					</period>
					<period year="1990">
						<minicam-energy-input delete="1" name="global solar resource"/>
						<minicam-energy-input name="CSP_resource">
							<efficiency>0.95</efficiency>
							<flag>Resource</flag>
						</minicam-energy-input>
					</period>
					<period year="2005">
						<minicam-energy-input delete="1" name="global solar resource"/>
						<minicam-energy-input name="CSP_resource">
							<efficiency>0.95</efficiency>
							<flag>Resource</flag>
						</minicam-energy-input>
					</period>
					<period year="2010">
						<minicam-energy-input delete="1" name="global solar resource"/>
						<minicam-energy-input name="CSP_resource">
							<efficiency>0.95</efficiency>
							<flag>Resource</flag>
						</minicam-energy-input>
					</period>
					<period year="2015">
						<minicam-energy-input delete="1" name="global solar resource"/>
						<minicam-energy-input name="CSP_resource">
							<efficiency>0.95</efficiency>
							<flag>Resource</flag>
						</minicam-energy-input>
					</period>
					<period year="2020">
						<minicam-energy-input delete="1" name="global solar resource"/>
						<minicam-energy-input name="CSP_resource">
							<efficiency>0.95</efficiency>
							<flag>Resource</flag>
						</minicam-energy-input>
					</period>
					<period year="2025">
						<minicam-energy-input delete="1" name="global solar resource"/>
						<minicam-energy-input name="CSP_resource">
							<efficiency>0.95</efficiency>
							<flag>Resource</flag>
						</minicam-energy-input>
					</period>
					<period year="2030">
						<minicam-energy-input delete="1" name="global solar resource"/>
						<minicam-energy-input name="CSP_resource">
							<efficiency>0.95</efficiency>
							<flag>Resource</flag>
						</minicam-energy-input>
					</period>
					<period year="2035">
						<minicam-energy-input delete="1" name="global solar resource"/>
						<minicam-energy-input name="CSP_resource">
							<efficiency>0.95</efficiency>
							<flag>Resource</flag>
						</minicam-energy-input>
					</period>
					<period year="2040">
						<minicam-energy-input delete="1" name="global solar resource"/>
						<minicam-energy-input name="CSP_resource">
							<efficiency>0.95</efficiency>
							<flag>Resource</flag>
						</minicam-energy-input>
					</period>
					<period year="2045">
						<minicam-energy-input delete="1" name="global solar resource"/>
						<minicam-energy-input name="CSP_resource">
							<efficiency>0.95</efficiency>
							<flag>Resource</flag>
						</minicam-energy-input>
					</period>
					<period year="2050">
						<minicam-energy-input delete="1" name="global solar resource"/>
						<minicam-energy-input name="CSP_resource">
							<efficiency>0.95</efficiency>
							<flag>Resource</flag>
						</minicam-energy-input>
					</period>
					<period year="2055">
						<minicam-energy-input delete="1" name="global solar resource"/>
						<minicam-energy-input name="CSP_resource">
							<efficiency>0.95</efficiency>
							<flag>Resource</flag>
						</minicam-energy-input>
					</period>
					<period year="2060">
						<minicam-energy-input delete="1" name="global solar resource"/>
						<minicam-energy-input name="CSP_resource">
							<efficiency>0.95</efficiency>
							<flag>Resource</flag>
						</minicam-energy-input>
					</period>
					<period year="2065">
						<minicam-energy-input delete="1" name="global solar resource"/>
						<minicam-energy-input name="CSP_resource">
							<efficiency>0.95</efficiency>
							<flag>Resource</flag>
						</minicam-energy-input>
					</period>
					<period year="2070">
						<minicam-energy-input delete="1" name="global solar resource"/>
						<minicam-energy-input name="CSP_resource">
							<efficiency>0.95</efficiency>
							<flag>Resource</flag>
						</minicam-energy-input>
					</period>
					<period year="2075">
						<minicam-energy-input delete="1" name="global solar resource"/>
						<minicam-energy-input name="CSP_resource">
							<efficiency>0.95</efficiency>
							<flag>Resource</flag>
						</minicam-energy-input>
					</period>
					<period year="2080">
						<minicam-energy-input delete="1" name="global solar resource"/>
						<minicam-energy-input name="CSP_resource">
							<efficiency>0.95</efficiency>
							<flag>Resource</flag>
						</minicam-energy-input>
					</period>
					<period year="2085">
						<minicam-energy-input delete="1" name="global solar resource"/>
						<minicam-energy-input name="CSP_resource">
							<efficiency>0.95</efficiency>
							<flag>Resource</flag>
						</minicam-energy-input>
					</period>
					<period year="2090">
						<minicam-energy-input delete="1" name="global solar resource"/>
						<minicam-energy-input name="CSP_resource">
							<efficiency>0.95</efficiency>
							<flag>Resource</flag>
						</minicam-energy-input>
					</period>
					<period year="2095">
						<minicam-energy-input delete="1" name="global solar resource"/>
						<minicam-energy-input name="CSP_resource">
							<efficiency>0.95</efficiency>
							<flag>Resource</flag>
						</minicam-energy-input>
					</period>
					<period year="2100">
						<minicam-energy-input delete="1" name="global solar resource"/>
						<minicam-energy-input name="CSP_resource">
							<efficiency>0.95</efficiency>
							<flag>Resource</flag>
						</minicam-energy-input>
					</period>
				</technology>
				<technology name="CSP_storage (recirculating)">
					<period year="1975">
						<minicam-energy-input delete="1" name="global solar resource"/>
						<minicam-energy-input name="CSP_resource">
							<efficiency>1</efficiency>
							<flag>Resource</flag>
						</minicam-energy-input>
					</period>
					<period year="1990">
						<minicam-energy-input delete="1" name="global solar resource"/>
						<minicam-energy-input name="CSP_resource">
							<efficiency>1</efficiency>
							<flag>Resource</flag>
						</minicam-energy-input>
					</period>
					<period year="2005">
						<minicam-energy-input delete="1" name="global solar resource"/>
						<minicam-energy-input name="CSP_resource">
							<efficiency>1</efficiency>
							<flag>Resource</flag>
						</minicam-energy-input>
					</period>
					<period year="2010">
						<minicam-energy-input delete="1" name="global solar resource"/>
						<minicam-energy-input name="CSP_resource">
							<efficiency>1</efficiency>
							<flag>Resource</flag>
						</minicam-energy-input>
					</period>
					<period year="2015">
						<minicam-energy-input delete="1" name="global solar resource"/>
						<minicam-energy-input name="CSP_resource">
							<efficiency>1</efficiency>
							<flag>Resource</flag>
						</minicam-energy-input>
					</period>
					<period year="2020">
						<minicam-energy-input delete="1" name="global solar resource"/>
						<minicam-energy-input name="CSP_resource">
							<efficiency>1</efficiency>
							<flag>Resource</flag>
						</minicam-energy-input>
					</period>
					<period year="2025">
						<minicam-energy-input delete="1" name="global solar resource"/>
						<minicam-energy-input name="CSP_resource">
							<efficiency>1</efficiency>
							<flag>Resource</flag>
						</minicam-energy-input>
					</period>
					<period year="2030">
						<minicam-energy-input delete="1" name="global solar resource"/>
						<minicam-energy-input name="CSP_resource">
							<efficiency>1</efficiency>
							<flag>Resource</flag>
						</minicam-energy-input>
					</period>
					<period year="2035">
						<minicam-energy-input delete="1" name="global solar resource"/>
						<minicam-energy-input name="CSP_resource">
							<efficiency>1</efficiency>
							<flag>Resource</flag>
						</minicam-energy-input>
					</period>
					<period year="2040">
						<minicam-energy-input delete="1" name="global solar resource"/>
						<minicam-energy-input name="CSP_resource">
							<efficiency>1</efficiency>
							<flag>Resource</flag>
						</minicam-energy-input>
					</period>
					<period year="2045">
						<minicam-energy-input delete="1" name="global solar resource"/>
						<minicam-energy-input name="CSP_resource">
							<efficiency>1</efficiency>
							<flag>Resource</flag>
						</minicam-energy-input>
					</period>
					<period year="2050">
						<minicam-energy-input delete="1" name="global solar resource"/>
						<minicam-energy-input name="CSP_resource">
							<efficiency>1</efficiency>
							<flag>Resource</flag>
						</minicam-energy-input>
					</period>
					<period year="2055">
						<minicam-energy-input delete="1" name="global solar resource"/>
						<minicam-energy-input name="CSP_resource">
							<efficiency>1</efficiency>
							<flag>Resource</flag>
						</minicam-energy-input>
					</period>
					<period year="2060">
						<minicam-energy-input delete="1" name="global solar resource"/>
						<minicam-energy-input name="CSP_resource">
							<efficiency>1</efficiency>
							<flag>Resource</flag>
						</minicam-energy-input>
					</period>
					<period year="2065">
						<minicam-energy-input delete="1" name="global solar resource"/>
						<minicam-energy-input name="CSP_resource">
							<efficiency>1</efficiency>
							<flag>Resource</flag>
						</minicam-energy-input>
					</period>
					<period year="2070">
						<minicam-energy-input delete="1" name="global solar resource"/>
						<minicam-energy-input name="CSP_resource">
							<efficiency>1</efficiency>
							<flag>Resource</flag>
						</minicam-energy-input>
					</period>
					<period year="2075">
						<minicam-energy-input delete="1" name="global solar resource"/>
						<minicam-energy-input name="CSP_resource">
							<efficiency>1</efficiency>
							<flag>Resource</flag>
						</minicam-energy-input>
					</period>
					<period year="2080">
						<minicam-energy-input delete="1" name="global solar resource"/>
						<minicam-energy-input name="CSP_resource">
							<efficiency>1</efficiency>
							<flag>Resource</flag>
						</minicam-energy-input>
					</period>
					<period year="2085">
						<minicam-energy-input delete="1" name="global solar resource"/>
						<minicam-energy-input name="CSP_resource">
							<efficiency>1</efficiency>
							<flag>Resource</flag>
						</minicam-energy-input>
					</period>
					<period year="2090">
						<minicam-energy-input delete="1" name="global solar resource"/>
						<minicam-energy-input name="CSP_resource">
							<efficiency>1</efficiency>
							<flag>Resource</flag>
						</minicam-energy-input>
					</period>
					<period year="2095">
						<minicam-energy-input delete="1" name="global solar resource"/>
						<minicam-energy-input name="CSP_resource">
							<efficiency>1</efficiency>
							<flag>Resource</flag>
						</minicam-energy-input>
					</period>
					<period year="2100">
						<minicam-energy-input delete="1" name="global solar resource"/>
						<minicam-energy-input name="CSP_resource">
							<efficiency>1</efficiency>
							<flag>Resource</flag>
						</minicam-energy-input>
					</period>
				</technology>
			</location-info>
			<location-info sector-name="electricity" subsector-name="solar">
				<intermittent-technology name="PV">
					<period year="1975">
						<minicam-energy-input delete="1" name="global solar resource"/>
						<minicam-energy-input name="PV_resource">
							<efficiency>1</efficiency>
							<flag>Resource</flag>
						</minicam-energy-input>
					</period>
					<period year="1990">
						<minicam-energy-input delete="1" name="global solar resource"/>
						<minicam-energy-input name="PV_resource">
							<efficiency>1</efficiency>
							<flag>Resource</flag>
						</minicam-energy-input>
					</period>
					<period year="2005">
						<minicam-energy-input delete="1" name="global solar resource"/>
						<minicam-energy-input name="PV_resource">
							<efficiency>1</efficiency>
							<flag>Resource</flag>
						</minicam-energy-input>
					</period>
					<period year="2010">
						<minicam-energy-input delete="1" name="global solar resource"/>
						<minicam-energy-input name="PV_resource">
							<efficiency>1</efficiency>
							<flag>Resource</flag>
						</minicam-energy-input>
					</period>
					<period year="2015">
						<minicam-energy-input delete="1" name="global solar resource"/>
						<minicam-energy-input name="PV_resource">
							<efficiency>1</efficiency>
							<flag>Resource</flag>
						</minicam-energy-input>
					</period>
					<period year="2020">
						<minicam-energy-input delete="1" name="global solar resource"/>
						<minicam-energy-input name="PV_resource">
							<efficiency>1</efficiency>
							<flag>Resource</flag>
						</minicam-energy-input>
					</period>
					<period year="2025">
						<minicam-energy-input delete="1" name="global solar resource"/>
						<minicam-energy-input name="PV_resource">
							<efficiency>1</efficiency>
							<flag>Resource</flag>
						</minicam-energy-input>
					</period>
					<period year="2030">
						<minicam-energy-input delete="1" name="global solar resource"/>
						<minicam-energy-input name="PV_resource">
							<efficiency>1</efficiency>
							<flag>Resource</flag>
						</minicam-energy-input>
					</period>
					<period year="2035">
						<minicam-energy-input delete="1" name="global solar resource"/>
						<minicam-energy-input name="PV_resource">
							<efficiency>1</efficiency>
							<flag>Resource</flag>
						</minicam-energy-input>
					</period>
					<period year="2040">
						<minicam-energy-input delete="1" name="global solar resource"/>
						<minicam-energy-input name="PV_resource">
							<efficiency>1</efficiency>
							<flag>Resource</flag>
						</minicam-energy-input>
					</period>
					<period year="2045">
						<minicam-energy-input delete="1" name="global solar resource"/>
						<minicam-energy-input name="PV_resource">
							<efficiency>1</efficiency>
							<flag>Resource</flag>
						</minicam-energy-input>
					</period>
					<period year="2050">
						<minicam-energy-input delete="1" name="global solar resource"/>
						<minicam-energy-input name="PV_resource">
							<efficiency>1</efficiency>
							<flag>Resource</flag>
						</minicam-energy-input>
					</period>
					<period year="2055">
						<minicam-energy-input delete="1" name="global solar resource"/>
						<minicam-energy-input name="PV_resource">
							<efficiency>1</efficiency>
							<flag>Resource</flag>
						</minicam-energy-input>
					</period>
					<period year="2060">
						<minicam-energy-input delete="1" name="global solar resource"/>
						<minicam-energy-input name="PV_resource">
							<efficiency>1</efficiency>
							<flag>Resource</flag>
						</minicam-energy-input>
					</period>
					<period year="2065">
						<minicam-energy-input delete="1" name="global solar resource"/>
						<minicam-energy-input name="PV_resource">
							<efficiency>1</efficiency>
							<flag>Resource</flag>
						</minicam-energy-input>
					</period>
					<period year="2070">
						<minicam-energy-input delete="1" name="global solar resource"/>
						<minicam-energy-input name="PV_resource">
							<efficiency>1</efficiency>
							<flag>Resource</flag>
						</minicam-energy-input>
					</period>
					<period year="2075">
						<minicam-energy-input delete="1" name="global solar resource"/>
						<minicam-energy-input name="PV_resource">
							<efficiency>1</efficiency>
							<flag>Resource</flag>
						</minicam-energy-input>
					</period>
					<period year="2080">
						<minicam-energy-input delete="1" name="global solar resource"/>
						<minicam-energy-input name="PV_resource">
							<efficiency>1</efficiency>
							<flag>Resource</flag>
						</minicam-energy-input>
					</period>
					<period year="2085">
						<minicam-energy-input delete="1" name="global solar resource"/>
						<minicam-energy-input name="PV_resource">
							<efficiency>1</efficiency>
							<flag>Resource</flag>
						</minicam-energy-input>
					</period>
					<period year="2090">
						<minicam-energy-input delete="1" name="global solar resource"/>
						<minicam-energy-input name="PV_resource">
							<efficiency>1</efficiency>
							<flag>Resource</flag>
						</minicam-energy-input>
					</period>
					<period year="2095">
						<minicam-energy-input delete="1" name="global solar resource"/>
						<minicam-energy-input name="PV_resource">
							<efficiency>1</efficiency>
							<flag>Resource</flag>
						</minicam-energy-input>
					</period>
					<period year="2100">
						<minicam-energy-input delete="1" name="global solar resource"/>
						<minicam-energy-input name="PV_resource">
							<efficiency>1</efficiency>
							<flag>Resource</flag>
						</minicam-energy-input>
					</period>
				</intermittent-technology>
				<technology name="PV_storage">
					<period year="1975">
						<minicam-energy-input delete="1" name="global solar resource"/>
						<minicam-energy-input name="PV_resource">
							<efficiency>0.96</efficiency>
							<flag>Resource</flag>
						</minicam-energy-input>
					</period>
					<period year="1990">
						<minicam-energy-input delete="1" name="global solar resource"/>
						<minicam-energy-input name="PV_resource">
							<efficiency>0.96</efficiency>
							<flag>Resource</flag>
						</minicam-energy-input>
					</period>
					<period year="2005">
						<minicam-energy-input delete="1" name="global solar resource"/>
						<minicam-energy-input name="PV_resource">
							<efficiency>0.96</efficiency>
							<flag>Resource</flag>
						</minicam-energy-input>
					</period>
					<period year="2010">
						<minicam-energy-input delete="1" name="global solar resource"/>
						<minicam-energy-input name="PV_resource">
							<efficiency>0.96</efficiency>
							<flag>Resource</flag>
						</minicam-energy-input>
					</period>
					<period year="2015">
						<minicam-energy-input delete="1" name="global solar resource"/>
						<minicam-energy-input name="PV_resource">
							<efficiency>0.96</efficiency>
							<flag>Resource</flag>
						</minicam-energy-input>
					</period>
					<period year="2020">
						<minicam-energy-input delete="1" name="global solar resource"/>
						<minicam-energy-input name="PV_resource">
							<efficiency>0.96</efficiency>
							<flag>Resource</flag>
						</minicam-energy-input>
					</period>
					<period year="2025">
						<minicam-energy-input delete="1" name="global solar resource"/>
						<minicam-energy-input name="PV_resource">
							<efficiency>0.96</efficiency>
							<flag>Resource</flag>
						</minicam-energy-input>
					</period>
					<period year="2030">
						<minicam-energy-input delete="1" name="global solar resource"/>
						<minicam-energy-input name="PV_resource">
							<efficiency>0.96</efficiency>
							<flag>Resource</flag>
						</minicam-energy-input>
					</period>
					<period year="2035">
						<minicam-energy-input delete="1" name="global solar resource"/>
						<minicam-energy-input name="PV_resource">
							<efficiency>0.96</efficiency>
							<flag>Resource</flag>
						</minicam-energy-input>
					</period>
					<period year="2040">
						<minicam-energy-input delete="1" name="global solar resource"/>
						<minicam-energy-input name="PV_resource">
							<efficiency>0.96</efficiency>
							<flag>Resource</flag>
						</minicam-energy-input>
					</period>
					<period year="2045">
						<minicam-energy-input delete="1" name="global solar resource"/>
						<minicam-energy-input name="PV_resource">
							<efficiency>0.96</efficiency>
							<flag>Resource</flag>
						</minicam-energy-input>
					</period>
					<period year="2050">
						<minicam-energy-input delete="1" name="global solar resource"/>
						<minicam-energy-input name="PV_resource">
							<efficiency>0.96</efficiency>
							<flag>Resource</flag>
						</minicam-energy-input>
					</period>
					<period year="2055">
						<minicam-energy-input delete="1" name="global solar resource"/>
						<minicam-energy-input name="PV_resource">
							<efficiency>0.96</efficiency>
							<flag>Resource</flag>
						</minicam-energy-input>
					</period>
					<period year="2060">
						<minicam-energy-input delete="1" name="global solar resource"/>
						<minicam-energy-input name="PV_resource">
							<efficiency>0.96</efficiency>
							<flag>Resource</flag>
						</minicam-energy-input>
					</period>
					<period year="2065">
						<minicam-energy-input delete="1" name="global solar resource"/>
						<minicam-energy-input name="PV_resource">
							<efficiency>0.96</efficiency>
							<flag>Resource</flag>
						</minicam-energy-input>
					</period>
					<period year="2070">
						<minicam-energy-input delete="1" name="global solar resource"/>
						<minicam-energy-input name="PV_resource">
							<efficiency>0.96</efficiency>
							<flag>Resource</flag>
						</minicam-energy-input>
					</period>
					<period year="2075">
						<minicam-energy-input delete="1" name="global solar resource"/>
						<minicam-energy-input name="PV_resource">
							<efficiency>0.96</efficiency>
							<flag>Resource</flag>
						</minicam-energy-input>
					</period>
					<period year="2080">
						<minicam-energy-input delete="1" name="global solar resource"/>
						<minicam-energy-input name="PV_resource">
							<efficiency>0.96</efficiency>
							<flag>Resource</flag>
						</minicam-energy-input>
					</period>
					<period year="2085">
						<minicam-energy-input delete="1" name="global solar resource"/>
						<minicam-energy-input name="PV_resource">
							<efficiency>0.96</efficiency>
							<flag>Resource</flag>
						</minicam-energy-input>
					</period>
					<period year="2090">
						<minicam-energy-input delete="1" name="global solar resource"/>
						<minicam-energy-input name="PV_resource">
							<efficiency>0.96</efficiency>
							<flag>Resource</flag>
						</minicam-energy-input>
					</period>
					<period year="2095">
						<minicam-energy-input delete="1" name="global solar resource"/>
						<minicam-energy-input name="PV_resource">
							<efficiency>0.96</efficiency>
							<flag>Resource</flag>
						</minicam-energy-input>
					</period>
					<period year="2100">
						<minicam-energy-input delete="1" name="global solar resource"/>
						<minicam-energy-input name="PV_resource">
							<efficiency>0.96</efficiency>
							<flag>Resource</flag>
						</minicam-energy-input>
					</period>
				</technology>
			</location-info>
		</global-technology-database>
	</world>
</scenario>
