<?xml version="1.0" encoding="UTF-8"?>
<scenario>
    <world>
        <region name="USA">
            <renewresource name="distributed_solar">
                <smooth-renewable-subresource name="distributed_solar">
                    <maxSubResource fillout="1" year="2035">2.19152</maxSubResource>
                    <mid-price fillout="1" year="2035">10.36</mid-price>
                    <curve-exponent fillout="1" year="2035">5.759</curve-exponent>
                    <gdpSupplyElast fillout="1" year="2035">0.1</gdpSupplyElast>
                </smooth-renewable-subresource>
            </renewresource>
        </region>
        <region name="Africa_Eastern">
            <renewresource name="distributed_solar">
                <smooth-renewable-subresource name="distributed_solar">
                    <maxSubResource fillout="1" year="2035">0.49438</maxSubResource>
                    <mid-price fillout="1" year="2035">1.72</mid-price>
                    <curve-exponent fillout="1" year="2035">3.028</curve-exponent>
                    <gdpSupplyElast fillout="1" year="2035">0.1</gdpSupplyElast>
                </smooth-renewable-subresource>
            </renewresource>
        </region>
        <region name="Africa_Northern">
            <renewresource name="distributed_solar">
                <smooth-renewable-subresource name="distributed_solar">
                    <maxSubResource fillout="1" year="2035">0.61417</maxSubResource>
                    <mid-price fillout="1" year="2035">2.53</mid-price>
                    <curve-exponent fillout="1" year="2035">3.381</curve-exponent>
                    <gdpSupplyElast fillout="1" year="2035">0.1</gdpSupplyElast>
                </smooth-renewable-subresource>
            </renewresource>
        </region>
        <region name="Africa_Southern">
            <renewresource name="distributed_solar">
                <smooth-renewable-subresource name="distributed_solar">
                    <maxSubResource fillout="1" year="2035">0.28538</maxSubResource>
                    <mid-price fillout="1" year="2035">1.83</mid-price>
                    <curve-exponent fillout="1" year="2035">3.637</curve-exponent>
                    <gdpSupplyElast fillout="1" year="2035">0.1</gdpSupplyElast>
                </smooth-renewable-subresource>
            </renewresource>
        </region>
        <region name="Africa_Western">
            <renewresource name="distributed_solar">
                <smooth-renewable-subresource name="distributed_solar">
                    <maxSubResource fillout="1" year="2035">1.04401</maxSubResource>
                    <mid-price fillout="1" year="2035">3.64</mid-price>
                    <curve-exponent fillout="1" year="2035">3.718</curve-exponent>
                    <gdpSupplyElast fillout="1" year="2035">0.1</gdpSupplyElast>
                </smooth-renewable-subresource>
            </renewresource>
        </region>
        <region name="Australia_NZ">
            <renewresource name="distributed_solar">
                <smooth-renewable-subresource name="distributed_solar">
                    <maxSubResource fillout="1" year="2035">0.38374</maxSubResource>
                    <mid-price fillout="1" year="2035">6.65</mid-price>
                    <curve-exponent fillout="1" year="2035">4.806</curve-exponent>
                    <gdpSupplyElast fillout="1" year="2035">0.1</gdpSupplyElast>
                </smooth-renewable-subresource>
            </renewresource>
        </region>
        <region name="Brazil">
            <renewresource name="distributed_solar">
                <smooth-renewable-subresource name="distributed_solar">
                    <maxSubResource fillout="1" year="2035">0.77237</maxSubResource>
                    <mid-price fillout="1" year="2035">2.87</mid-price>
                    <curve-exponent fillout="1" year="2035">3.789</curve-exponent>
                    <gdpSupplyElast fillout="1" year="2035">0.1</gdpSupplyElast>
                </smooth-renewable-subresource>
            </renewresource>
        </region>
        <region name="Canada">
            <renewresource name="distributed_solar">
                <smooth-renewable-subresource name="distributed_solar">
                    <maxSubResource fillout="1" year="2035">0.17331</maxSubResource>
                    <mid-price fillout="1" year="2035">1.61</mid-price>
                    <curve-exponent fillout="1" year="2035">2.746</curve-exponent>
                    <gdpSupplyElast fillout="1" year="2035">0.1</gdpSupplyElast>
                </smooth-renewable-subresource>
            </renewresource>
        </region>
        <region name="Central America and Caribbean">
            <renewresource name="distributed_solar">
                <smooth-renewable-subresource name="distributed_solar">
                    <maxSubResource fillout="1" year="2035">0.28631</maxSubResource>
                    <mid-price fillout="1" year="2035">1.58</mid-price>
                    <curve-exponent fillout="1" year="2035">2.945</curve-exponent>
                    <gdpSupplyElast fillout="1" year="2035">0.1</gdpSupplyElast>
                </smooth-renewable-subresource>
            </renewresource>
        </region>
        <region name="Central Asia">
            <renewresource name="distributed_solar">
                <smooth-renewable-subresource name="distributed_solar">
                    <maxSubResource fillout="1" year="2035">0.36324</maxSubResource>
                    <mid-price fillout="1" year="2035">14.27</mid-price>
                    <curve-exponent fillout="1" year="2035">10.846</curve-exponent>
                    <gdpSupplyElast fillout="1" year="2035">0.1</gdpSupplyElast>
                </smooth-renewable-subresource>
            </renewresource>
        </region>
        <region name="China">
            <renewresource name="distributed_solar">
                <smooth-renewable-subresource name="distributed_solar">
                    <maxSubResource fillout="1" year="2035">8.03495</maxSubResource>
                    <mid-price fillout="1" year="2035">4.12</mid-price>
                    <curve-exponent fillout="1" year="2035">5.955</curve-exponent>
                    <gdpSupplyElast fillout="1" year="2035">0.1</gdpSupplyElast>
                </smooth-renewable-subresource>
            </renewresource>
        </region>
        <region name="EU-12">
            <renewresource name="distributed_solar">
                <smooth-renewable-subresource name="distributed_solar">
                    <maxSubResource fillout="1" year="2035">0.57739</maxSubResource>
                    <mid-price fillout="1" year="2035">5.35</mid-price>
                    <curve-exponent fillout="1" year="2035">5.642</curve-exponent>
                    <gdpSupplyElast fillout="1" year="2035">0.1</gdpSupplyElast>
                </smooth-renewable-subresource>
            </renewresource>
        </region>
        <region name="EU-15">
            <renewresource name="distributed_solar">
                <smooth-renewable-subresource name="distributed_solar">
                    <maxSubResource fillout="1" year="2035">1.91202</maxSubResource>
                    <mid-price fillout="1" year="2035">6.44</mid-price>
                    <curve-exponent fillout="1" year="2035">4.171</curve-exponent>
                    <gdpSupplyElast fillout="1" year="2035">0.1</gdpSupplyElast>
                </smooth-renewable-subresource>
            </renewresource>
        </region>
        <region name="Europe_Eastern">
            <renewresource name="distributed_solar">
                <smooth-renewable-subresource name="distributed_solar">
                    <maxSubResource fillout="1" year="2035">0.24358</maxSubResource>
                    <mid-price fillout="1" year="2035">16.08</mid-price>
                    <curve-exponent fillout="1" year="2035">12.864</curve-exponent>
                    <gdpSupplyElast fillout="1" year="2035">0.1</gdpSupplyElast>
                </smooth-renewable-subresource>
            </renewresource>
        </region>
        <region name="Europe_Non_EU">
            <renewresource name="distributed_solar">
                <smooth-renewable-subresource name="distributed_solar">
                    <maxSubResource fillout="1" year="2035">0.34640</maxSubResource>
                    <mid-price fillout="1" year="2035">11.58</mid-price>
                    <curve-exponent fillout="1" year="2035">7.757</curve-exponent>
                    <gdpSupplyElast fillout="1" year="2035">0.1</gdpSupplyElast>
                </smooth-renewable-subresource>
            </renewresource>
        </region>
        <region name="European Free Trade Association">
            <renewresource name="distributed_solar">
                <smooth-renewable-subresource name="distributed_solar">
                    <maxSubResource fillout="1" year="2035">0.04522</maxSubResource>
                    <mid-price fillout="1" year="2035">1.03</mid-price>
                    <curve-exponent fillout="1" year="2035">6.150</curve-exponent>
                    <gdpSupplyElast fillout="1" year="2035">0.1</gdpSupplyElast>
                </smooth-renewable-subresource>
            </renewresource>
        </region>
        <region name="India">
            <renewresource name="distributed_solar">
                <smooth-renewable-subresource name="distributed_solar">
                    <maxSubResource fillout="1" year="2035">3.51948</maxSubResource>
                    <mid-price fillout="1" year="2035">1.39</mid-price>
                    <curve-exponent fillout="1" year="2035">5.466</curve-exponent>
                    <gdpSupplyElast fillout="1" year="2035">0.1</gdpSupplyElast>
                </smooth-renewable-subresource>
            </renewresource>
        </region>
        <region name="Indonesia">
            <renewresource name="distributed_solar">
                <smooth-renewable-subresource name="distributed_solar">
                    <maxSubResource fillout="1" year="2035">0.92448</maxSubResource>
                    <mid-price fillout="1" year="2035">1.95</mid-price>
                    <curve-exponent fillout="1" year="2035">5.099</curve-exponent>
                    <gdpSupplyElast fillout="1" year="2035">0.1</gdpSupplyElast>
                </smooth-renewable-subresource>
            </renewresource>
        </region>
        <region name="Japan">
            <renewresource name="distributed_solar">
                <smooth-renewable-subresource name="distributed_solar">
                    <maxSubResource fillout="1" year="2035">0.29193</maxSubResource>
                    <mid-price fillout="1" year="2035">3.39</mid-price>
                    <curve-exponent fillout="1" year="2035">6.725</curve-exponent>
                    <gdpSupplyElast fillout="1" year="2035">0.1</gdpSupplyElast>
                </smooth-renewable-subresource>
            </renewresource>
        </region>
        <region name="Mexico">
            <renewresource name="distributed_solar">
                <smooth-renewable-subresource name="distributed_solar">
                    <maxSubResource fillout="1" year="2035">0.76960</maxSubResource>
                    <mid-price fillout="1" year="2035">0.79</mid-price>
                    <curve-exponent fillout="1" year="2035">1.868</curve-exponent>
                    <gdpSupplyElast fillout="1" year="2035">0.1</gdpSupplyElast>
                </smooth-renewable-subresource>
            </renewresource>
        </region>
        <region name="Middle East">
            <renewresource name="distributed_solar">
                <smooth-renewable-subresource name="distributed_solar">
                    <maxSubResource fillout="1" year="2035">0.97073</maxSubResource>
                    <mid-price fillout="1" year="2035">8.86</mid-price>
                    <curve-exponent fillout="1" year="2035">10.502</curve-exponent>
                    <gdpSupplyElast fillout="1" year="2035">0.1</gdpSupplyElast>
                </smooth-renewable-subresource>
            </renewresource>
        </region>
        <region name="Pakistan">
            <renewresource name="distributed_solar">
                <smooth-renewable-subresource name="distributed_solar">
                    <maxSubResource fillout="1" year="2035">0.79547</maxSubResource>
                    <mid-price fillout="1" year="2035">1.41</mid-price>
                    <curve-exponent fillout="1" year="2035">5.289</curve-exponent>
                    <gdpSupplyElast fillout="1" year="2035">0.1</gdpSupplyElast>
                </smooth-renewable-subresource>
            </renewresource>
        </region>
        <region name="Russia">
            <renewresource name="distributed_solar">
                <smooth-renewable-subresource name="distributed_solar">
                    <maxSubResource fillout="1" year="2035">0.58947</maxSubResource>
                    <mid-price fillout="1" year="2035">21.07</mid-price>
                    <curve-exponent fillout="1" year="2035">10.767</curve-exponent>
                    <gdpSupplyElast fillout="1" year="2035">0.1</gdpSupplyElast>
                </smooth-renewable-subresource>
            </renewresource>
        </region>
        <region name="South Africa">
            <renewresource name="distributed_solar">
                <smooth-renewable-subresource name="distributed_solar">
                    <maxSubResource fillout="1" year="2035">0.14657</maxSubResource>
                    <mid-price fillout="1" year="2035">1.26</mid-price>
                    <curve-exponent fillout="1" year="2035">1.758</curve-exponent>
                    <gdpSupplyElast fillout="1" year="2035">0.1</gdpSupplyElast>
                </smooth-renewable-subresource>
            </renewresource>
        </region>
        <region name="South America_Northern">
            <renewresource name="distributed_solar">
                <smooth-renewable-subresource name="distributed_solar">
                    <maxSubResource fillout="1" year="2035">0.13224</maxSubResource>
                    <mid-price fillout="1" year="2035">2.98</mid-price>
                    <curve-exponent fillout="1" year="2035">7.562</curve-exponent>
                    <gdpSupplyElast fillout="1" year="2035">0.1</gdpSupplyElast>
                </smooth-renewable-subresource>
            </renewresource>
        </region>
        <region name="South America_Southern">
            <renewresource name="distributed_solar">
                <smooth-renewable-subresource name="distributed_solar">
                    <maxSubResource fillout="1" year="2035">0.35143</maxSubResource>
                    <mid-price fillout="1" year="2035">3.41</mid-price>
                    <curve-exponent fillout="1" year="2035">3.249</curve-exponent>
                    <gdpSupplyElast fillout="1" year="2035">0.1</gdpSupplyElast>
                </smooth-renewable-subresource>
            </renewresource>
        </region>
        <region name="South Asia">
            <renewresource name="distributed_solar">
                <smooth-renewable-subresource name="distributed_solar">
                    <maxSubResource fillout="1" year="2035">1.00922</maxSubResource>
                    <mid-price fillout="1" year="2035">1.69</mid-price>
                    <curve-exponent fillout="1" year="2035">4.072</curve-exponent>
                    <gdpSupplyElast fillout="1" year="2035">0.1</gdpSupplyElast>
                </smooth-renewable-subresource>
            </renewresource>
        </region>
        <region name="South Korea">
            <renewresource name="distributed_solar">
                <smooth-renewable-subresource name="distributed_solar">
                    <maxSubResource fillout="1" year="2035">0.11437</maxSubResource>
                    <mid-price fillout="1" year="2035">1.90</mid-price>
                    <curve-exponent fillout="1" year="2035">15.000</curve-exponent>
                    <gdpSupplyElast fillout="1" year="2035">0.1</gdpSupplyElast>
                </smooth-renewable-subresource>
            </renewresource>
        </region>
        <region name="Southeast Asia">
            <renewresource name="distributed_solar">
                <smooth-renewable-subresource name="distributed_solar">
                    <maxSubResource fillout="1" year="2035">1.63725</maxSubResource>
                    <mid-price fillout="1" year="2035">1.60</mid-price>
                    <curve-exponent fillout="1" year="2035">3.207</curve-exponent>
                    <gdpSupplyElast fillout="1" year="2035">0.1</gdpSupplyElast>
                </smooth-renewable-subresource>
            </renewresource>
        </region>
        <region name="Taiwan">
            <renewresource name="distributed_solar">
                <smooth-renewable-subresource name="distributed_solar">
                    <maxSubResource fillout="1" year="2035">0.15735</maxSubResource>
                    <mid-price fillout="1" year="2035">0.81</mid-price>
                    <curve-exponent fillout="1" year="2035">2.101</curve-exponent>
                    <gdpSupplyElast fillout="1" year="2035">0.1</gdpSupplyElast>
                </smooth-renewable-subresource>
            </renewresource>
        </region>
        <region name="Argentina">
            <renewresource name="distributed_solar">
                <smooth-renewable-subresource name="distributed_solar">
                    <maxSubResource fillout="1" year="2035">0.17520</maxSubResource>
                    <mid-price fillout="1" year="2035">5.26</mid-price>
                    <curve-exponent fillout="1" year="2035">15.000</curve-exponent>
                    <gdpSupplyElast fillout="1" year="2035">0.1</gdpSupplyElast>
                </smooth-renewable-subresource>
            </renewresource>
        </region>
        <region name="Colombia">
            <renewresource name="distributed_solar">
                <smooth-renewable-subresource name="distributed_solar">
                    <maxSubResource fillout="1" year="2035">0.18054</maxSubResource>
                    <mid-price fillout="1" year="2035">3.69</mid-price>
                    <curve-exponent fillout="1" year="2035">3.861</curve-exponent>
                    <gdpSupplyElast fillout="1" year="2035">0.1</gdpSupplyElast>
                </smooth-renewable-subresource>
            </renewresource>
        </region>
        <region name="Uruguay">
            <renewresource name="distributed_solar">
                <smooth-renewable-subresource name="distributed_solar">
                    <maxSubResource fillout="1" year="2035">0.01464</maxSubResource>
                    <mid-price fillout="1" year="2035">0.87</mid-price>
                    <curve-exponent fillout="1" year="2035">8.488</curve-exponent>
                    <gdpSupplyElast fillout="1" year="2035">0.1</gdpSupplyElast>
                </smooth-renewable-subresource>
            </renewresource>
        </region>
    </world>
</scenario>
