<?xml version="1.0" encoding="UTF-8"?>
<scenario>
    <world>
        <region name="USA">
            <renewresource name="distributed_solar">
                <smooth-renewable-subresource name="distributed_solar">
                    <maxSubResource fillout="1" year="1975">2.11968</maxSubResource>
                    <mid-price fillout="1" year="1975">11.17</mid-price>
                    <curve-exponent fillout="1" year="1975">5.418</curve-exponent>
                    <gdpSupplyElast fillout="1" year="1975">0.1</gdpSupplyElast>
                </smooth-renewable-subresource>
            </renewresource>
        </region>
        <region name="Africa_Eastern">
            <renewresource name="distributed_solar">
                <smooth-renewable-subresource name="distributed_solar">
                    <maxSubResource fillout="1" year="1975">0.49917</maxSubResource>
                    <mid-price fillout="1" year="1975">1.56</mid-price>
                    <curve-exponent fillout="1" year="1975">2.735</curve-exponent>
                    <gdpSupplyElast fillout="1" year="1975">0.1</gdpSupplyElast>
                </smooth-renewable-subresource>
            </renewresource>
        </region>
        <region name="Africa_Northern">
            <renewresource name="distributed_solar">
                <smooth-renewable-subresource name="distributed_solar">
                    <maxSubResource fillout="1" year="1975">0.60175</maxSubResource>
                    <mid-price fillout="1" year="1975">2.49</mid-price>
                    <curve-exponent fillout="1" year="1975">3.186</curve-exponent>
                    <gdpSupplyElast fillout="1" year="1975">0.1</gdpSupplyElast>
                </smooth-renewable-subresource>
            </renewresource>
        </region>
        <region name="Africa_Southern">
            <renewresource name="distributed_solar">
                <smooth-renewable-subresource name="distributed_solar">
                    <maxSubResource fillout="1" year="1975">0.28455</maxSubResource>
                    <mid-price fillout="1" year="1975">1.92</mid-price>
                    <curve-exponent fillout="1" year="1975">3.684</curve-exponent>
                    <gdpSupplyElast fillout="1" year="1975">0.1</gdpSupplyElast>
                </smooth-renewable-subresource>
            </renewresource>
        </region>
        <region name="Africa_Western">
            <renewresource name="distributed_solar">
                <smooth-renewable-subresource name="distributed_solar">
                    <maxSubResource fillout="1" year="1975">1.04518</maxSubResource>
                    <mid-price fillout="1" year="1975">3.61</mid-price>
                    <curve-exponent fillout="1" year="1975">3.769</curve-exponent>
                    <gdpSupplyElast fillout="1" year="1975">0.1</gdpSupplyElast>
                </smooth-renewable-subresource>
            </renewresource>
        </region>
        <region name="Australia_NZ">
            <renewresource name="distributed_solar">
                <smooth-renewable-subresource name="distributed_solar">
                    <maxSubResource fillout="1" year="1975">0.37733</maxSubResource>
                    <mid-price fillout="1" year="1975">7.14</mid-price>
                    <curve-exponent fillout="1" year="1975">4.758</curve-exponent>
                    <gdpSupplyElast fillout="1" year="1975">0.1</gdpSupplyElast>
                </smooth-renewable-subresource>
            </renewresource>
        </region>
        <region name="Brazil">
            <renewresource name="distributed_solar">
                <smooth-renewable-subresource name="distributed_solar">
                    <maxSubResource fillout="1" year="1975">0.76121</maxSubResource>
                    <mid-price fillout="1" year="1975">3.15</mid-price>
                    <curve-exponent fillout="1" year="1975">4.231</curve-exponent>
                    <gdpSupplyElast fillout="1" year="1975">0.1</gdpSupplyElast>
                </smooth-renewable-subresource>
            </renewresource>
        </region>
        <region name="Canada">
            <renewresource name="distributed_solar">
                <smooth-renewable-subresource name="distributed_solar">
                    <maxSubResource fillout="1" year="1975">0.16755</maxSubResource>
                    <mid-price fillout="1" year="1975">1.72</mid-price>
                    <curve-exponent fillout="1" year="1975">3.238</curve-exponent>
                    <gdpSupplyElast fillout="1" year="1975">0.1</gdpSupplyElast>
                </smooth-renewable-subresource>
            </renewresource>
        </region>
        <region name="Central America and Caribbean">
            <renewresource name="distributed_solar">
                <smooth-renewable-subresource name="distributed_solar">
                    <maxSubResource fillout="1" year="1975">0.28732</maxSubResource>
                    <mid-price fillout="1" year="1975">2.04</mid-price>
                    <curve-exponent fillout="1" year="1975">3.453</curve-exponent>
                    <gdpSupplyElast fillout="1" year="1975">0.1</gdpSupplyElast>
                </smooth-renewable-subresource>
            </renewresource>
        </region>
        <region name="Central Asia">
            <renewresource name="distributed_solar">
                <smooth-renewable-subresource name="distributed_solar">
                    <maxSubResource fillout="1" year="1975">0.35377</maxSubResource>
                    <mid-price fillout="1" year="1975">15.22</mid-price>
                    <curve-exponent fillout="1" year="1975">9.835</curve-exponent>
                    <gdpSupplyElast fillout="1" year="1975">0.1</gdpSupplyElast>
                </smooth-renewable-subresource>
            </renewresource>
        </region>
        <region name="China">
            <renewresource name="distributed_solar">
                <smooth-renewable-subresource name="distributed_solar">
                    <maxSubResource fillout="1" year="1975">7.91216</maxSubResource>
                    <mid-price fillout="1" year="1975">4.30</mid-price>
                    <curve-exponent fillout="1" year="1975">5.891</curve-exponent>
                    <gdpSupplyElast fillout="1" year="1975">0.1</gdpSupplyElast>
                </smooth-renewable-subresource>
            </renewresource>
        </region>
        <region name="EU-12">
            <renewresource name="distributed_solar">
                <smooth-renewable-subresource name="distributed_solar">
                    <maxSubResource fillout="1" year="1975">0.52570</maxSubResource>
                    <mid-price fillout="1" year="1975">6.63</mid-price>
                    <curve-exponent fillout="1" year="1975">5.686</curve-exponent>
                    <gdpSupplyElast fillout="1" year="1975">0.1</gdpSupplyElast>
                </smooth-renewable-subresource>
            </renewresource>
        </region>
        <region name="EU-15">
            <renewresource name="distributed_solar">
                <smooth-renewable-subresource name="distributed_solar">
                    <maxSubResource fillout="1" year="1975">1.80303</maxSubResource>
                    <mid-price fillout="1" year="1975">7.35</mid-price>
                    <curve-exponent fillout="1" year="1975">4.143</curve-exponent>
                    <gdpSupplyElast fillout="1" year="1975">0.1</gdpSupplyElast>
                </smooth-renewable-subresource>
            </renewresource>
        </region>
        <region name="Europe_Eastern">
            <renewresource name="distributed_solar">
                <smooth-renewable-subresource name="distributed_solar">
                    <maxSubResource fillout="1" year="1975">0.22063</maxSubResource>
                    <mid-price fillout="1" year="1975">17.75</mid-price>
                    <curve-exponent fillout="1" year="1975">11.498</curve-exponent>
                    <gdpSupplyElast fillout="1" year="1975">0.1</gdpSupplyElast>
                </smooth-renewable-subresource>
            </renewresource>
        </region>
        <region name="Europe_Non_EU">
            <renewresource name="distributed_solar">
                <smooth-renewable-subresource name="distributed_solar">
                    <maxSubResource fillout="1" year="1975">0.32622</maxSubResource>
                    <mid-price fillout="1" year="1975">11.68</mid-price>
                    <curve-exponent fillout="1" year="1975">6.151</curve-exponent>
                    <gdpSupplyElast fillout="1" year="1975">0.1</gdpSupplyElast>
                </smooth-renewable-subresource>
            </renewresource>
        </region>
        <region name="European Free Trade Association">
            <renewresource name="distributed_solar">
                <smooth-renewable-subresource name="distributed_solar">
                    <maxSubResource fillout="1" year="1975">0.04317</maxSubResource>
                    <mid-price fillout="1" year="1975">1.05</mid-price>
                    <curve-exponent fillout="1" year="1975">6.866</curve-exponent>
                    <gdpSupplyElast fillout="1" year="1975">0.1</gdpSupplyElast>
                </smooth-renewable-subresource>
            </renewresource>
        </region>
        <region name="India">
            <renewresource name="distributed_solar">
                <smooth-renewable-subresource name="distributed_solar">
                    <maxSubResource fillout="1" year="1975">3.57845</maxSubResource>
                    <mid-price fillout="1" year="1975">1.37</mid-price>
                    <curve-exponent fillout="1" year="1975">5.986</curve-exponent>
                    <gdpSupplyElast fillout="1" year="1975">0.1</gdpSupplyElast>
                </smooth-renewable-subresource>
            </renewresource>
        </region>
        <region name="Indonesia">
            <renewresource name="distributed_solar">
                <smooth-renewable-subresource name="distributed_solar">
                    <maxSubResource fillout="1" year="1975">0.92785</maxSubResource>
                    <mid-price fillout="1" year="1975">1.94</mid-price>
                    <curve-exponent fillout="1" year="1975">5.394</curve-exponent>
                    <gdpSupplyElast fillout="1" year="1975">0.1</gdpSupplyElast>
                </smooth-renewable-subresource>
            </renewresource>
        </region>
        <region name="Japan">
            <renewresource name="distributed_solar">
                <smooth-renewable-subresource name="distributed_solar">
                    <maxSubResource fillout="1" year="1975">0.28746</maxSubResource>
                    <mid-price fillout="1" year="1975">3.31</mid-price>
                    <curve-exponent fillout="1" year="1975">6.263</curve-exponent>
                    <gdpSupplyElast fillout="1" year="1975">0.1</gdpSupplyElast>
                </smooth-renewable-subresource>
            </renewresource>
        </region>
        <region name="Mexico">
            <renewresource name="distributed_solar">
                <smooth-renewable-subresource name="distributed_solar">
                    <maxSubResource fillout="1" year="1975">0.75838</maxSubResource>
                    <mid-price fillout="1" year="1975">1.11</mid-price>
                    <curve-exponent fillout="1" year="1975">2.229</curve-exponent>
                    <gdpSupplyElast fillout="1" year="1975">0.1</gdpSupplyElast>
                </smooth-renewable-subresource>
            </renewresource>
        </region>
        <region name="Middle East">
            <renewresource name="distributed_solar">
                <smooth-renewable-subresource name="distributed_solar">
                    <maxSubResource fillout="1" year="1975">0.95676</maxSubResource>
                    <mid-price fillout="1" year="1975">9.22</mid-price>
                    <curve-exponent fillout="1" year="1975">9.592</curve-exponent>
                    <gdpSupplyElast fillout="1" year="1975">0.1</gdpSupplyElast>
                </smooth-renewable-subresource>
            </renewresource>
        </region>
        <region name="Pakistan">
            <renewresource name="distributed_solar">
                <smooth-renewable-subresource name="distributed_solar">
                    <maxSubResource fillout="1" year="1975">0.81797</maxSubResource>
                    <mid-price fillout="1" year="1975">1.32</mid-price>
                    <curve-exponent fillout="1" year="1975">5.779</curve-exponent>
                    <gdpSupplyElast fillout="1" year="1975">0.1</gdpSupplyElast>
                </smooth-renewable-subresource>
            </renewresource>
        </region>
        <region name="Russia">
            <renewresource name="distributed_solar">
                <smooth-renewable-subresource name="distributed_solar">
                    <maxSubResource fillout="1" year="1975">0.56571</maxSubResource>
                    <mid-price fillout="1" year="1975">21.77</mid-price>
                    <curve-exponent fillout="1" year="1975">10.709</curve-exponent>
                    <gdpSupplyElast fillout="1" year="1975">0.1</gdpSupplyElast>
                </smooth-renewable-subresource>
            </renewresource>
        </region>
        <region name="South Africa">
            <renewresource name="distributed_solar">
                <smooth-renewable-subresource name="distributed_solar">
                    <maxSubResource fillout="1" year="1975">0.14546</maxSubResource>
                    <mid-price fillout="1" year="1975">1.41</mid-price>
                    <curve-exponent fillout="1" year="1975">2.066</curve-exponent>
                    <gdpSupplyElast fillout="1" year="1975">0.1</gdpSupplyElast>
                </smooth-renewable-subresource>
            </renewresource>
        </region>
        <region name="South America_Northern">
            <renewresource name="distributed_solar">
                <smooth-renewable-subresource name="distributed_solar">
                    <maxSubResource fillout="1" year="1975">0.13147</maxSubResource>
                    <mid-price fillout="1" year="1975">3.03</mid-price>
                    <curve-exponent fillout="1" year="1975">5.909</curve-exponent>
                    <gdpSupplyElast fillout="1" year="1975">0.1</gdpSupplyElast>
                </smooth-renewable-subresource>
            </renewresource>
        </region>
        <region name="South America_Southern">
            <renewresource name="distributed_solar">
                <smooth-renewable-subresource name="distributed_solar">
                    <maxSubResource fillout="1" year="1975">0.34480</maxSubResource>
                    <mid-price fillout="1" year="1975">3.33</mid-price>
                    <curve-exponent fillout="1" year="1975">3.086</curve-exponent>
                    <gdpSupplyElast fillout="1" year="1975">0.1</gdpSupplyElast>
                </smooth-renewable-subresource>
            </renewresource>
        </region>
        <region name="South Asia">
            <renewresource name="distributed_solar">
                <smooth-renewable-subresource name="distributed_solar">
                    <maxSubResource fillout="1" year="1975">1.03547</maxSubResource>
                    <mid-price fillout="1" year="1975">1.37</mid-price>
                    <curve-exponent fillout="1" year="1975">5.338</curve-exponent>
                    <gdpSupplyElast fillout="1" year="1975">0.1</gdpSupplyElast>
                </smooth-renewable-subresource>
            </renewresource>
        </region>
        <region name="South Korea">
            <renewresource name="distributed_solar">
                <smooth-renewable-subresource name="distributed_solar">
                    <maxSubResource fillout="1" year="1975">0.11272</maxSubResource>
                    <mid-price fillout="1" year="1975">1.88</mid-price>
                    <curve-exponent fillout="1" year="1975">15.000</curve-exponent>
                    <gdpSupplyElast fillout="1" year="1975">0.1</gdpSupplyElast>
                </smooth-renewable-subresource>
            </renewresource>
        </region>
        <region name="Southeast Asia">
            <renewresource name="distributed_solar">
                <smooth-renewable-subresource name="distributed_solar">
                    <maxSubResource fillout="1" year="1975">1.62972</maxSubResource>
                    <mid-price fillout="1" year="1975">2.05</mid-price>
                    <curve-exponent fillout="1" year="1975">3.930</curve-exponent>
                    <gdpSupplyElast fillout="1" year="1975">0.1</gdpSupplyElast>
                </smooth-renewable-subresource>
            </renewresource>
        </region>
        <region name="Taiwan">
            <renewresource name="distributed_solar">
                <smooth-renewable-subresource name="distributed_solar">
                    <maxSubResource fillout="1" year="1975">0.15345</maxSubResource>
                    <mid-price fillout="1" year="1975">0.89</mid-price>
                    <curve-exponent fillout="1" year="1975">1.993</curve-exponent>
                    <gdpSupplyElast fillout="1" year="1975">0.1</gdpSupplyElast>
                </smooth-renewable-subresource>
            </renewresource>
        </region>
        <region name="Argentina">
            <renewresource name="distributed_solar">
                <smooth-renewable-subresource name="distributed_solar">
                    <maxSubResource fillout="1" year="1975">0.17538</maxSubResource>
                    <mid-price fillout="1" year="1975">5.24</mid-price>
                    <curve-exponent fillout="1" year="1975">14.571</curve-exponent>
                    <gdpSupplyElast fillout="1" year="1975">0.1</gdpSupplyElast>
                </smooth-renewable-subresource>
            </renewresource>
        </region>
        <region name="Colombia">
            <renewresource name="distributed_solar">
                <smooth-renewable-subresource name="distributed_solar">
                    <maxSubResource fillout="1" year="1975">0.18103</maxSubResource>
                    <mid-price fillout="1" year="1975">4.08</mid-price>
                    <curve-exponent fillout="1" year="1975">4.192</curve-exponent>
                    <gdpSupplyElast fillout="1" year="1975">0.1</gdpSupplyElast>
                </smooth-renewable-subresource>
            </renewresource>
        </region>
        <region name="Uruguay">
            <renewresource name="distributed_solar">
                <smooth-renewable-subresource name="distributed_solar">
                    <maxSubResource fillout="1" year="1975">0.01479</maxSubResource>
                    <mid-price fillout="1" year="1975">1.01</mid-price>
                    <curve-exponent fillout="1" year="1975">10.971</curve-exponent>
                    <gdpSupplyElast fillout="1" year="1975">0.1</gdpSupplyElast>
                </smooth-renewable-subresource>
            </renewresource>
        </region>
    </world>
</scenario>
