<?xml version="1.0" encoding="UTF-8"?>
<scenario>
    <world>
        <region name="USA">
            <renewresource name="distributed_solar">
                <smooth-renewable-subresource name="distributed_solar">
                    <maxSubResource fillout="1" year="2035">2.13677</maxSubResource>
                    <mid-price fillout="1" year="2035">10.75</mid-price>
                    <curve-exponent fillout="1" year="2035">5.091</curve-exponent>
                    <gdpSupplyElast fillout="1" year="2035">0.1</gdpSupplyElast>
                </smooth-renewable-subresource>
            </renewresource>
        </region>
        <region name="Africa_Eastern">
            <renewresource name="distributed_solar">
                <smooth-renewable-subresource name="distributed_solar">
                    <maxSubResource fillout="1" year="2035">0.49463</maxSubResource>
                    <mid-price fillout="1" year="2035">1.71</mid-price>
                    <curve-exponent fillout="1" year="2035">2.889</curve-exponent>
                    <gdpSupplyElast fillout="1" year="2035">0.1</gdpSupplyElast>
                </smooth-renewable-subresource>
            </renewresource>
        </region>
        <region name="Africa_Northern">
            <renewresource name="distributed_solar">
                <smooth-renewable-subresource name="distributed_solar">
                    <maxSubResource fillout="1" year="2035">0.60672</maxSubResource>
                    <mid-price fillout="1" year="2035">2.41</mid-price>
                    <curve-exponent fillout="1" year="2035">3.377</curve-exponent>
                    <gdpSupplyElast fillout="1" year="2035">0.1</gdpSupplyElast>
                </smooth-renewable-subresource>
            </renewresource>
        </region>
        <region name="Africa_Southern">
            <renewresource name="distributed_solar">
                <smooth-renewable-subresource name="distributed_solar">
                    <maxSubResource fillout="1" year="2035">0.28791</maxSubResource>
                    <mid-price fillout="1" year="2035">1.69</mid-price>
                    <curve-exponent fillout="1" year="2035">3.248</curve-exponent>
                    <gdpSupplyElast fillout="1" year="2035">0.1</gdpSupplyElast>
                </smooth-renewable-subresource>
            </renewresource>
        </region>
        <region name="Africa_Western">
            <renewresource name="distributed_solar">
                <smooth-renewable-subresource name="distributed_solar">
                    <maxSubResource fillout="1" year="2035">1.04114</maxSubResource>
                    <mid-price fillout="1" year="2035">3.64</mid-price>
                    <curve-exponent fillout="1" year="2035">3.484</curve-exponent>
                    <gdpSupplyElast fillout="1" year="2035">0.1</gdpSupplyElast>
                </smooth-renewable-subresource>
            </renewresource>
        </region>
        <region name="Australia_NZ">
            <renewresource name="distributed_solar">
                <smooth-renewable-subresource name="distributed_solar">
                    <maxSubResource fillout="1" year="2035">0.38386</maxSubResource>
                    <mid-price fillout="1" year="2035">6.61</mid-price>
                    <curve-exponent fillout="1" year="2035">4.617</curve-exponent>
                    <gdpSupplyElast fillout="1" year="2035">0.1</gdpSupplyElast>
                </smooth-renewable-subresource>
            </renewresource>
        </region>
        <region name="Brazil">
            <renewresource name="distributed_solar">
                <smooth-renewable-subresource name="distributed_solar">
                    <maxSubResource fillout="1" year="2035">0.77610</maxSubResource>
                    <mid-price fillout="1" year="2035">2.88</mid-price>
                    <curve-exponent fillout="1" year="2035">3.897</curve-exponent>
                    <gdpSupplyElast fillout="1" year="2035">0.1</gdpSupplyElast>
                </smooth-renewable-subresource>
            </renewresource>
        </region>
        <region name="Canada">
            <renewresource name="distributed_solar">
                <smooth-renewable-subresource name="distributed_solar">
                    <maxSubResource fillout="1" year="2035">0.16727</maxSubResource>
                    <mid-price fillout="1" year="2035">1.91</mid-price>
                    <curve-exponent fillout="1" year="2035">3.515</curve-exponent>
                    <gdpSupplyElast fillout="1" year="2035">0.1</gdpSupplyElast>
                </smooth-renewable-subresource>
            </renewresource>
        </region>
        <region name="Central America and Caribbean">
            <renewresource name="distributed_solar">
                <smooth-renewable-subresource name="distributed_solar">
                    <maxSubResource fillout="1" year="2035">0.28482</maxSubResource>
                    <mid-price fillout="1" year="2035">2.08</mid-price>
                    <curve-exponent fillout="1" year="2035">3.466</curve-exponent>
                    <gdpSupplyElast fillout="1" year="2035">0.1</gdpSupplyElast>
                </smooth-renewable-subresource>
            </renewresource>
        </region>
        <region name="Central Asia">
            <renewresource name="distributed_solar">
                <smooth-renewable-subresource name="distributed_solar">
                    <maxSubResource fillout="1" year="2035">0.35625</maxSubResource>
                    <mid-price fillout="1" year="2035">14.64</mid-price>
                    <curve-exponent fillout="1" year="2035">9.804</curve-exponent>
                    <gdpSupplyElast fillout="1" year="2035">0.1</gdpSupplyElast>
                </smooth-renewable-subresource>
            </renewresource>
        </region>
        <region name="China">
            <renewresource name="distributed_solar">
                <smooth-renewable-subresource name="distributed_solar">
                    <maxSubResource fillout="1" year="2035">7.84970</maxSubResource>
                    <mid-price fillout="1" year="2035">4.38</mid-price>
                    <curve-exponent fillout="1" year="2035">5.670</curve-exponent>
                    <gdpSupplyElast fillout="1" year="2035">0.1</gdpSupplyElast>
                </smooth-renewable-subresource>
            </renewresource>
        </region>
        <region name="EU-12">
            <renewresource name="distributed_solar">
                <smooth-renewable-subresource name="distributed_solar">
                    <maxSubResource fillout="1" year="2035">0.54074</maxSubResource>
                    <mid-price fillout="1" year="2035">6.34</mid-price>
                    <curve-exponent fillout="1" year="2035">5.780</curve-exponent>
                    <gdpSupplyElast fillout="1" year="2035">0.1</gdpSupplyElast>
                </smooth-renewable-subresource>
            </renewresource>
        </region>
        <region name="EU-15">
            <renewresource name="distributed_solar">
                <smooth-renewable-subresource name="distributed_solar">
                    <maxSubResource fillout="1" year="2035">1.83012</maxSubResource>
                    <mid-price fillout="1" year="2035">7.02</mid-price>
                    <curve-exponent fillout="1" year="2035">3.886</curve-exponent>
                    <gdpSupplyElast fillout="1" year="2035">0.1</gdpSupplyElast>
                </smooth-renewable-subresource>
            </renewresource>
        </region>
        <region name="Europe_Eastern">
            <renewresource name="distributed_solar">
                <smooth-renewable-subresource name="distributed_solar">
                    <maxSubResource fillout="1" year="2035">0.22439</maxSubResource>
                    <mid-price fillout="1" year="2035">17.65</mid-price>
                    <curve-exponent fillout="1" year="2035">10.567</curve-exponent>
                    <gdpSupplyElast fillout="1" year="2035">0.1</gdpSupplyElast>
                </smooth-renewable-subresource>
            </renewresource>
        </region>
        <region name="Europe_Non_EU">
            <renewresource name="distributed_solar">
                <smooth-renewable-subresource name="distributed_solar">
                    <maxSubResource fillout="1" year="2035">0.33631</maxSubResource>
                    <mid-price fillout="1" year="2035">11.48</mid-price>
                    <curve-exponent fillout="1" year="2035">6.421</curve-exponent>
                    <gdpSupplyElast fillout="1" year="2035">0.1</gdpSupplyElast>
                </smooth-renewable-subresource>
            </renewresource>
        </region>
        <region name="European Free Trade Association">
            <renewresource name="distributed_solar">
                <smooth-renewable-subresource name="distributed_solar">
                    <maxSubResource fillout="1" year="2035">0.04372</maxSubResource>
                    <mid-price fillout="1" year="2035">1.06</mid-price>
                    <curve-exponent fillout="1" year="2035">6.219</curve-exponent>
                    <gdpSupplyElast fillout="1" year="2035">0.1</gdpSupplyElast>
                </smooth-renewable-subresource>
            </renewresource>
        </region>
        <region name="India">
            <renewresource name="distributed_solar">
                <smooth-renewable-subresource name="distributed_solar">
                    <maxSubResource fillout="1" year="2035">3.56371</maxSubResource>
                    <mid-price fillout="1" year="2035">1.29</mid-price>
                    <curve-exponent fillout="1" year="2035">5.477</curve-exponent>
                    <gdpSupplyElast fillout="1" year="2035">0.1</gdpSupplyElast>
                </smooth-renewable-subresource>
            </renewresource>
        </region>
        <region name="Indonesia">
            <renewresource name="distributed_solar">
                <smooth-renewable-subresource name="distributed_solar">
                    <maxSubResource fillout="1" year="2035">0.91336</maxSubResource>
                    <mid-price fillout="1" year="2035">2.07</mid-price>
                    <curve-exponent fillout="1" year="2035">5.422</curve-exponent>
                    <gdpSupplyElast fillout="1" year="2035">0.1</gdpSupplyElast>
                </smooth-renewable-subresource>
            </renewresource>
        </region>
        <region name="Japan">
            <renewresource name="distributed_solar">
                <smooth-renewable-subresource name="distributed_solar">
                    <maxSubResource fillout="1" year="2035">0.28849</maxSubResource>
                    <mid-price fillout="1" year="2035">3.30</mid-price>
                    <curve-exponent fillout="1" year="2035">6.529</curve-exponent>
                    <gdpSupplyElast fillout="1" year="2035">0.1</gdpSupplyElast>
                </smooth-renewable-subresource>
            </renewresource>
        </region>
        <region name="Mexico">
            <renewresource name="distributed_solar">
                <smooth-renewable-subresource name="distributed_solar">
                    <maxSubResource fillout="1" year="2035">0.76178</maxSubResource>
                    <mid-price fillout="1" year="2035">1.01</mid-price>
                    <curve-exponent fillout="1" year="2035">2.109</curve-exponent>
                    <gdpSupplyElast fillout="1" year="2035">0.1</gdpSupplyElast>
                </smooth-renewable-subresource>
            </renewresource>
        </region>
        <region name="Middle East">
            <renewresource name="distributed_solar">
                <smooth-renewable-subresource name="distributed_solar">
                    <maxSubResource fillout="1" year="2035">0.96152</maxSubResource>
                    <mid-price fillout="1" year="2035">9.19</mid-price>
                    <curve-exponent fillout="1" year="2035">10.545</curve-exponent>
                    <gdpSupplyElast fillout="1" year="2035">0.1</gdpSupplyElast>
                </smooth-renewable-subresource>
            </renewresource>
        </region>
        <region name="Pakistan">
            <renewresource name="distributed_solar">
                <smooth-renewable-subresource name="distributed_solar">
                    <maxSubResource fillout="1" year="2035">0.81368</maxSubResource>
                    <mid-price fillout="1" year="2035">1.30</mid-price>
                    <curve-exponent fillout="1" year="2035">6.140</curve-exponent>
                    <gdpSupplyElast fillout="1" year="2035">0.1</gdpSupplyElast>
                </smooth-renewable-subresource>
            </renewresource>
        </region>
        <region name="Russia">
            <renewresource name="distributed_solar">
                <smooth-renewable-subresource name="distributed_solar">
                    <maxSubResource fillout="1" year="2035">0.56546</maxSubResource>
                    <mid-price fillout="1" year="2035">22.06</mid-price>
                    <curve-exponent fillout="1" year="2035">10.498</curve-exponent>
                    <gdpSupplyElast fillout="1" year="2035">0.1</gdpSupplyElast>
                </smooth-renewable-subresource>
            </renewresource>
        </region>
        <region name="South Africa">
            <renewresource name="distributed_solar">
                <smooth-renewable-subresource name="distributed_solar">
                    <maxSubResource fillout="1" year="2035">0.14443</maxSubResource>
                    <mid-price fillout="1" year="2035">1.44</mid-price>
                    <curve-exponent fillout="1" year="2035">1.991</curve-exponent>
                    <gdpSupplyElast fillout="1" year="2035">0.1</gdpSupplyElast>
                </smooth-renewable-subresource>
            </renewresource>
        </region>
        <region name="South America_Northern">
            <renewresource name="distributed_solar">
                <smooth-renewable-subresource name="distributed_solar">
                    <maxSubResource fillout="1" year="2035">0.12811</maxSubResource>
                    <mid-price fillout="1" year="2035">3.36</mid-price>
                    <curve-exponent fillout="1" year="2035">5.363</curve-exponent>
                    <gdpSupplyElast fillout="1" year="2035">0.1</gdpSupplyElast>
                </smooth-renewable-subresource>
            </renewresource>
        </region>
        <region name="South America_Southern">
            <renewresource name="distributed_solar">
                <smooth-renewable-subresource name="distributed_solar">
                    <maxSubResource fillout="1" year="2035">0.35242</maxSubResource>
                    <mid-price fillout="1" year="2035">3.31</mid-price>
                    <curve-exponent fillout="1" year="2035">3.013</curve-exponent>
                    <gdpSupplyElast fillout="1" year="2035">0.1</gdpSupplyElast>
                </smooth-renewable-subresource>
            </renewresource>
        </region>
        <region name="South Asia">
            <renewresource name="distributed_solar">
                <smooth-renewable-subresource name="distributed_solar">
                    <maxSubResource fillout="1" year="2035">1.02277</maxSubResource>
                    <mid-price fillout="1" year="2035">1.49</mid-price>
                    <curve-exponent fillout="1" year="2035">4.775</curve-exponent>
                    <gdpSupplyElast fillout="1" year="2035">0.1</gdpSupplyElast>
                </smooth-renewable-subresource>
            </renewresource>
        </region>
        <region name="South Korea">
            <renewresource name="distributed_solar">
                <smooth-renewable-subresource name="distributed_solar">
                    <maxSubResource fillout="1" year="2035">0.11412</maxSubResource>
                    <mid-price fillout="1" year="2035">1.69</mid-price>
                    <curve-exponent fillout="1" year="2035">15.000</curve-exponent>
                    <gdpSupplyElast fillout="1" year="2035">0.1</gdpSupplyElast>
                </smooth-renewable-subresource>
            </renewresource>
        </region>
        <region name="Southeast Asia">
            <renewresource name="distributed_solar">
                <smooth-renewable-subresource name="distributed_solar">
                    <maxSubResource fillout="1" year="2035">1.57649</maxSubResource>
                    <mid-price fillout="1" year="2035">1.97</mid-price>
                    <curve-exponent fillout="1" year="2035">3.900</curve-exponent>
                    <gdpSupplyElast fillout="1" year="2035">0.1</gdpSupplyElast>
                </smooth-renewable-subresource>
            </renewresource>
        </region>
        <region name="Taiwan">
            <renewresource name="distributed_solar">
                <smooth-renewable-subresource name="distributed_solar">
                    <maxSubResource fillout="1" year="2035">0.15086</maxSubResource>
                    <mid-price fillout="1" year="2035">0.95</mid-price>
                    <curve-exponent fillout="1" year="2035">2.011</curve-exponent>
                    <gdpSupplyElast fillout="1" year="2035">0.1</gdpSupplyElast>
                </smooth-renewable-subresource>
            </renewresource>
        </region>
        <region name="Argentina">
            <renewresource name="distributed_solar">
                <smooth-renewable-subresource name="distributed_solar">
                    <maxSubResource fillout="1" year="2035">0.17682</maxSubResource>
                    <mid-price fillout="1" year="2035">5.16</mid-price>
                    <curve-exponent fillout="1" year="2035">13.129</curve-exponent>
                    <gdpSupplyElast fillout="1" year="2035">0.1</gdpSupplyElast>
                </smooth-renewable-subresource>
            </renewresource>
        </region>
        <region name="Colombia">
            <renewresource name="distributed_solar">
                <smooth-renewable-subresource name="distributed_solar">
                    <maxSubResource fillout="1" year="2035">0.17948</maxSubResource>
                    <mid-price fillout="1" year="2035">4.03</mid-price>
                    <curve-exponent fillout="1" year="2035">4.274</curve-exponent>
                    <gdpSupplyElast fillout="1" year="2035">0.1</gdpSupplyElast>
                </smooth-renewable-subresource>
            </renewresource>
        </region>
        <region name="Uruguay">
            <renewresource name="distributed_solar">
                <smooth-renewable-subresource name="distributed_solar">
                    <maxSubResource fillout="1" year="2035">0.01491</maxSubResource>
                    <mid-price fillout="1" year="2035">0.84</mid-price>
                    <curve-exponent fillout="1" year="2035">9.718</curve-exponent>
                    <gdpSupplyElast fillout="1" year="2035">0.1</gdpSupplyElast>
                </smooth-renewable-subresource>
            </renewresource>
        </region>
    </world>
</scenario>
