<?xml version="1.0" encoding="UTF-8"?>
<scenario>
    <world>
        <region name="USA">
            <renewresource name="distributed_solar">
                <smooth-renewable-subresource name="distributed_solar">
                    <maxSubResource fillout="1" year="2035">2.19355</maxSubResource>
                    <mid-price fillout="1" year="2035">10.38</mid-price>
                    <curve-exponent fillout="1" year="2035">6.257</curve-exponent>
                    <gdpSupplyElast fillout="1" year="2035">0.1</gdpSupplyElast>
                </smooth-renewable-subresource>
            </renewresource>
        </region>
        <region name="Africa_Eastern">
            <renewresource name="distributed_solar">
                <smooth-renewable-subresource name="distributed_solar">
                    <maxSubResource fillout="1" year="2035">0.50495</maxSubResource>
                    <mid-price fillout="1" year="2035">1.48</mid-price>
                    <curve-exponent fillout="1" year="2035">2.717</curve-exponent>
                    <gdpSupplyElast fillout="1" year="2035">0.1</gdpSupplyElast>
                </smooth-renewable-subresource>
            </renewresource>
        </region>
        <region name="Africa_Northern">
            <renewresource name="distributed_solar">
                <smooth-renewable-subresource name="distributed_solar">
                    <maxSubResource fillout="1" year="2035">0.61838</maxSubResource>
                    <mid-price fillout="1" year="2035">2.54</mid-price>
                    <curve-exponent fillout="1" year="2035">3.556</curve-exponent>
                    <gdpSupplyElast fillout="1" year="2035">0.1</gdpSupplyElast>
                </smooth-renewable-subresource>
            </renewresource>
        </region>
        <region name="Africa_Southern">
            <renewresource name="distributed_solar">
                <smooth-renewable-subresource name="distributed_solar">
                    <maxSubResource fillout="1" year="2035">0.28984</maxSubResource>
                    <mid-price fillout="1" year="2035">2.06</mid-price>
                    <curve-exponent fillout="1" year="2035">3.891</curve-exponent>
                    <gdpSupplyElast fillout="1" year="2035">0.1</gdpSupplyElast>
                </smooth-renewable-subresource>
            </renewresource>
        </region>
        <region name="Africa_Western">
            <renewresource name="distributed_solar">
                <smooth-renewable-subresource name="distributed_solar">
                    <maxSubResource fillout="1" year="2035">1.06541</maxSubResource>
                    <mid-price fillout="1" year="2035">3.14</mid-price>
                    <curve-exponent fillout="1" year="2035">3.349</curve-exponent>
                    <gdpSupplyElast fillout="1" year="2035">0.1</gdpSupplyElast>
                </smooth-renewable-subresource>
            </renewresource>
        </region>
        <region name="Australia_NZ">
            <renewresource name="distributed_solar">
                <smooth-renewable-subresource name="distributed_solar">
                    <maxSubResource fillout="1" year="2035">0.38952</maxSubResource>
                    <mid-price fillout="1" year="2035">6.56</mid-price>
                    <curve-exponent fillout="1" year="2035">4.637</curve-exponent>
                    <gdpSupplyElast fillout="1" year="2035">0.1</gdpSupplyElast>
                </smooth-renewable-subresource>
            </renewresource>
        </region>
        <region name="Brazil">
            <renewresource name="distributed_solar">
                <smooth-renewable-subresource name="distributed_solar">
                    <maxSubResource fillout="1" year="2035">0.78907</maxSubResource>
                    <mid-price fillout="1" year="2035">2.63</mid-price>
                    <curve-exponent fillout="1" year="2035">3.852</curve-exponent>
                    <gdpSupplyElast fillout="1" year="2035">0.1</gdpSupplyElast>
                </smooth-renewable-subresource>
            </renewresource>
        </region>
        <region name="Canada">
            <renewresource name="distributed_solar">
                <smooth-renewable-subresource name="distributed_solar">
                    <maxSubResource fillout="1" year="2035">0.17579</maxSubResource>
                    <mid-price fillout="1" year="2035">1.64</mid-price>
                    <curve-exponent fillout="1" year="2035">2.584</curve-exponent>
                    <gdpSupplyElast fillout="1" year="2035">0.1</gdpSupplyElast>
                </smooth-renewable-subresource>
            </renewresource>
        </region>
        <region name="Central America and Caribbean">
            <renewresource name="distributed_solar">
                <smooth-renewable-subresource name="distributed_solar">
                    <maxSubResource fillout="1" year="2035">0.29154</maxSubResource>
                    <mid-price fillout="1" year="2035">1.73</mid-price>
                    <curve-exponent fillout="1" year="2035">3.209</curve-exponent>
                    <gdpSupplyElast fillout="1" year="2035">0.1</gdpSupplyElast>
                </smooth-renewable-subresource>
            </renewresource>
        </region>
        <region name="Central Asia">
            <renewresource name="distributed_solar">
                <smooth-renewable-subresource name="distributed_solar">
                    <maxSubResource fillout="1" year="2035">0.36294</maxSubResource>
                    <mid-price fillout="1" year="2035">14.21</mid-price>
                    <curve-exponent fillout="1" year="2035">10.743</curve-exponent>
                    <gdpSupplyElast fillout="1" year="2035">0.1</gdpSupplyElast>
                </smooth-renewable-subresource>
            </renewresource>
        </region>
        <region name="China">
            <renewresource name="distributed_solar">
                <smooth-renewable-subresource name="distributed_solar">
                    <maxSubResource fillout="1" year="2035">8.51693</maxSubResource>
                    <mid-price fillout="1" year="2035">3.50</mid-price>
                    <curve-exponent fillout="1" year="2035">6.172</curve-exponent>
                    <gdpSupplyElast fillout="1" year="2035">0.1</gdpSupplyElast>
                </smooth-renewable-subresource>
            </renewresource>
        </region>
        <region name="EU-12">
            <renewresource name="distributed_solar">
                <smooth-renewable-subresource name="distributed_solar">
                    <maxSubResource fillout="1" year="2035">0.57461</maxSubResource>
                    <mid-price fillout="1" year="2035">5.56</mid-price>
                    <curve-exponent fillout="1" year="2035">5.716</curve-exponent>
                    <gdpSupplyElast fillout="1" year="2035">0.1</gdpSupplyElast>
                </smooth-renewable-subresource>
            </renewresource>
        </region>
        <region name="EU-15">
            <renewresource name="distributed_solar">
                <smooth-renewable-subresource name="distributed_solar">
                    <maxSubResource fillout="1" year="2035">1.90932</maxSubResource>
                    <mid-price fillout="1" year="2035">6.43</mid-price>
                    <curve-exponent fillout="1" year="2035">4.106</curve-exponent>
                    <gdpSupplyElast fillout="1" year="2035">0.1</gdpSupplyElast>
                </smooth-renewable-subresource>
            </renewresource>
        </region>
        <region name="Europe_Eastern">
            <renewresource name="distributed_solar">
                <smooth-renewable-subresource name="distributed_solar">
                    <maxSubResource fillout="1" year="2035">0.24231</maxSubResource>
                    <mid-price fillout="1" year="2035">15.86</mid-price>
                    <curve-exponent fillout="1" year="2035">10.580</curve-exponent>
                    <gdpSupplyElast fillout="1" year="2035">0.1</gdpSupplyElast>
                </smooth-renewable-subresource>
            </renewresource>
        </region>
        <region name="Europe_Non_EU">
            <renewresource name="distributed_solar">
                <smooth-renewable-subresource name="distributed_solar">
                    <maxSubResource fillout="1" year="2035">0.34882</maxSubResource>
                    <mid-price fillout="1" year="2035">11.28</mid-price>
                    <curve-exponent fillout="1" year="2035">7.316</curve-exponent>
                    <gdpSupplyElast fillout="1" year="2035">0.1</gdpSupplyElast>
                </smooth-renewable-subresource>
            </renewresource>
        </region>
        <region name="European Free Trade Association">
            <renewresource name="distributed_solar">
                <smooth-renewable-subresource name="distributed_solar">
                    <maxSubResource fillout="1" year="2035">0.04532</maxSubResource>
                    <mid-price fillout="1" year="2035">1.03</mid-price>
                    <curve-exponent fillout="1" year="2035">6.483</curve-exponent>
                    <gdpSupplyElast fillout="1" year="2035">0.1</gdpSupplyElast>
                </smooth-renewable-subresource>
            </renewresource>
        </region>
        <region name="India">
            <renewresource name="distributed_solar">
                <smooth-renewable-subresource name="distributed_solar">
                    <maxSubResource fillout="1" year="2035">3.59673</maxSubResource>
                    <mid-price fillout="1" year="2035">1.33</mid-price>
                    <curve-exponent fillout="1" year="2035">5.539</curve-exponent>
                    <gdpSupplyElast fillout="1" year="2035">0.1</gdpSupplyElast>
                </smooth-renewable-subresource>
            </renewresource>
        </region>
        <region name="Indonesia">
            <renewresource name="distributed_solar">
                <smooth-renewable-subresource name="distributed_solar">
                    <maxSubResource fillout="1" year="2035">0.94247</maxSubResource>
                    <mid-price fillout="1" year="2035">1.81</mid-price>
                    <curve-exponent fillout="1" year="2035">5.024</curve-exponent>
                    <gdpSupplyElast fillout="1" year="2035">0.1</gdpSupplyElast>
                </smooth-renewable-subresource>
            </renewresource>
        </region>
        <region name="Japan">
            <renewresource name="distributed_solar">
                <smooth-renewable-subresource name="distributed_solar">
                    <maxSubResource fillout="1" year="2035">0.30366</maxSubResource>
                    <mid-price fillout="1" year="2035">2.48</mid-price>
                    <curve-exponent fillout="1" year="2035">5.002</curve-exponent>
                    <gdpSupplyElast fillout="1" year="2035">0.1</gdpSupplyElast>
                </smooth-renewable-subresource>
            </renewresource>
        </region>
        <region name="Mexico">
            <renewresource name="distributed_solar">
                <smooth-renewable-subresource name="distributed_solar">
                    <maxSubResource fillout="1" year="2035">0.78485</maxSubResource>
                    <mid-price fillout="1" year="2035">1.02</mid-price>
                    <curve-exponent fillout="1" year="2035">2.140</curve-exponent>
                    <gdpSupplyElast fillout="1" year="2035">0.1</gdpSupplyElast>
                </smooth-renewable-subresource>
            </renewresource>
        </region>
        <region name="Middle East">
            <renewresource name="distributed_solar">
                <smooth-renewable-subresource name="distributed_solar">
                    <maxSubResource fillout="1" year="2035">0.97999</maxSubResource>
                    <mid-price fillout="1" year="2035">8.73</mid-price>
                    <curve-exponent fillout="1" year="2035">10.136</curve-exponent>
                    <gdpSupplyElast fillout="1" year="2035">0.1</gdpSupplyElast>
                </smooth-renewable-subresource>
            </renewresource>
        </region>
        <region name="Pakistan">
            <renewresource name="distributed_solar">
                <smooth-renewable-subresource name="distributed_solar">
                    <maxSubResource fillout="1" year="2035">0.81031</maxSubResource>
                    <mid-price fillout="1" year="2035">1.42</mid-price>
                    <curve-exponent fillout="1" year="2035">6.125</curve-exponent>
                    <gdpSupplyElast fillout="1" year="2035">0.1</gdpSupplyElast>
                </smooth-renewable-subresource>
            </renewresource>
        </region>
        <region name="Russia">
            <renewresource name="distributed_solar">
                <smooth-renewable-subresource name="distributed_solar">
                    <maxSubResource fillout="1" year="2035">0.59869</maxSubResource>
                    <mid-price fillout="1" year="2035">20.64</mid-price>
                    <curve-exponent fillout="1" year="2035">11.927</curve-exponent>
                    <gdpSupplyElast fillout="1" year="2035">0.1</gdpSupplyElast>
                </smooth-renewable-subresource>
            </renewresource>
        </region>
        <region name="South Africa">
            <renewresource name="distributed_solar">
                <smooth-renewable-subresource name="distributed_solar">
                    <maxSubResource fillout="1" year="2035">0.14805</maxSubResource>
                    <mid-price fillout="1" year="2035">1.28</mid-price>
                    <curve-exponent fillout="1" year="2035">1.796</curve-exponent>
                    <gdpSupplyElast fillout="1" year="2035">0.1</gdpSupplyElast>
                </smooth-renewable-subresource>
            </renewresource>
        </region>
        <region name="South America_Northern">
            <renewresource name="distributed_solar">
                <smooth-renewable-subresource name="distributed_solar">
                    <maxSubResource fillout="1" year="2035">0.13339</maxSubResource>
                    <mid-price fillout="1" year="2035">3.24</mid-price>
                    <curve-exponent fillout="1" year="2035">7.074</curve-exponent>
                    <gdpSupplyElast fillout="1" year="2035">0.1</gdpSupplyElast>
                </smooth-renewable-subresource>
            </renewresource>
        </region>
        <region name="South America_Southern">
            <renewresource name="distributed_solar">
                <smooth-renewable-subresource name="distributed_solar">
                    <maxSubResource fillout="1" year="2035">0.35801</maxSubResource>
                    <mid-price fillout="1" year="2035">3.30</mid-price>
                    <curve-exponent fillout="1" year="2035">3.263</curve-exponent>
                    <gdpSupplyElast fillout="1" year="2035">0.1</gdpSupplyElast>
                </smooth-renewable-subresource>
            </renewresource>
        </region>
        <region name="South Asia">
            <renewresource name="distributed_solar">
                <smooth-renewable-subresource name="distributed_solar">
                    <maxSubResource fillout="1" year="2035">1.04902</maxSubResource>
                    <mid-price fillout="1" year="2035">1.24</mid-price>
                    <curve-exponent fillout="1" year="2035">4.514</curve-exponent>
                    <gdpSupplyElast fillout="1" year="2035">0.1</gdpSupplyElast>
                </smooth-renewable-subresource>
            </renewresource>
        </region>
        <region name="South Korea">
            <renewresource name="distributed_solar">
                <smooth-renewable-subresource name="distributed_solar">
                    <maxSubResource fillout="1" year="2035">0.12271</maxSubResource>
                    <mid-price fillout="1" year="2035">1.35</mid-price>
                    <curve-exponent fillout="1" year="2035">15.000</curve-exponent>
                    <gdpSupplyElast fillout="1" year="2035">0.1</gdpSupplyElast>
                </smooth-renewable-subresource>
            </renewresource>
        </region>
        <region name="Southeast Asia">
            <renewresource name="distributed_solar">
                <smooth-renewable-subresource name="distributed_solar">
                    <maxSubResource fillout="1" year="2035">1.66865</maxSubResource>
                    <mid-price fillout="1" year="2035">1.44</mid-price>
                    <curve-exponent fillout="1" year="2035">3.284</curve-exponent>
                    <gdpSupplyElast fillout="1" year="2035">0.1</gdpSupplyElast>
                </smooth-renewable-subresource>
            </renewresource>
        </region>
        <region name="Taiwan">
            <renewresource name="distributed_solar">
                <smooth-renewable-subresource name="distributed_solar">
                    <maxSubResource fillout="1" year="2035">0.16023</maxSubResource>
                    <mid-price fillout="1" year="2035">0.78</mid-price>
                    <curve-exponent fillout="1" year="2035">2.042</curve-exponent>
                    <gdpSupplyElast fillout="1" year="2035">0.1</gdpSupplyElast>
                </smooth-renewable-subresource>
            </renewresource>
        </region>
        <region name="Argentina">
            <renewresource name="distributed_solar">
                <smooth-renewable-subresource name="distributed_solar">
                    <maxSubResource fillout="1" year="2035">0.17953</maxSubResource>
                    <mid-price fillout="1" year="2035">4.80</mid-price>
                    <curve-exponent fillout="1" year="2035">14.776</curve-exponent>
                    <gdpSupplyElast fillout="1" year="2035">0.1</gdpSupplyElast>
                </smooth-renewable-subresource>
            </renewresource>
        </region>
        <region name="Colombia">
            <renewresource name="distributed_solar">
                <smooth-renewable-subresource name="distributed_solar">
                    <maxSubResource fillout="1" year="2035">0.18741</maxSubResource>
                    <mid-price fillout="1" year="2035">3.60</mid-price>
                    <curve-exponent fillout="1" year="2035">4.152</curve-exponent>
                    <gdpSupplyElast fillout="1" year="2035">0.1</gdpSupplyElast>
                </smooth-renewable-subresource>
            </renewresource>
        </region>
        <region name="Uruguay">
            <renewresource name="distributed_solar">
                <smooth-renewable-subresource name="distributed_solar">
                    <maxSubResource fillout="1" year="2035">0.01512</maxSubResource>
                    <mid-price fillout="1" year="2035">0.99</mid-price>
                    <curve-exponent fillout="1" year="2035">10.981</curve-exponent>
                    <gdpSupplyElast fillout="1" year="2035">0.1</gdpSupplyElast>
                </smooth-renewable-subresource>
            </renewresource>
        </region>
    </world>
</scenario>
