<?xml version="1.0" encoding="UTF-8"?>
<scenario>
    <world>
        <region name="USA">
            <renewresource name="distributed_solar">
                <smooth-renewable-subresource name="distributed_solar">
                    <maxSubResource fillout="1" year="2075">2.22443</maxSubResource>
                    <mid-price fillout="1" year="2075">9.43</mid-price>
                    <curve-exponent fillout="1" year="2075">5.635</curve-exponent>
                    <gdpSupplyElast fillout="1" year="2075">0.1</gdpSupplyElast>
                </smooth-renewable-subresource>
            </renewresource>
        </region>
        <region name="Africa_Eastern">
            <renewresource name="distributed_solar">
                <smooth-renewable-subresource name="distributed_solar">
                    <maxSubResource fillout="1" year="2075">0.49322</maxSubResource>
                    <mid-price fillout="1" year="2075">1.77</mid-price>
                    <curve-exponent fillout="1" year="2075">3.262</curve-exponent>
                    <gdpSupplyElast fillout="1" year="2075">0.1</gdpSupplyElast>
                </smooth-renewable-subresource>
            </renewresource>
        </region>
        <region name="Africa_Northern">
            <renewresource name="distributed_solar">
                <smooth-renewable-subresource name="distributed_solar">
                    <maxSubResource fillout="1" year="2075">0.61905</maxSubResource>
                    <mid-price fillout="1" year="2075">1.99</mid-price>
                    <curve-exponent fillout="1" year="2075">3.170</curve-exponent>
                    <gdpSupplyElast fillout="1" year="2075">0.1</gdpSupplyElast>
                </smooth-renewable-subresource>
            </renewresource>
        </region>
        <region name="Africa_Southern">
            <renewresource name="distributed_solar">
                <smooth-renewable-subresource name="distributed_solar">
                    <maxSubResource fillout="1" year="2075">0.28777</maxSubResource>
                    <mid-price fillout="1" year="2075">1.67</mid-price>
                    <curve-exponent fillout="1" year="2075">3.572</curve-exponent>
                    <gdpSupplyElast fillout="1" year="2075">0.1</gdpSupplyElast>
                </smooth-renewable-subresource>
            </renewresource>
        </region>
        <region name="Africa_Western">
            <renewresource name="distributed_solar">
                <smooth-renewable-subresource name="distributed_solar">
                    <maxSubResource fillout="1" year="2075">1.03563</maxSubResource>
                    <mid-price fillout="1" year="2075">3.76</mid-price>
                    <curve-exponent fillout="1" year="2075">3.959</curve-exponent>
                    <gdpSupplyElast fillout="1" year="2075">0.1</gdpSupplyElast>
                </smooth-renewable-subresource>
            </renewresource>
        </region>
        <region name="Australia_NZ">
            <renewresource name="distributed_solar">
                <smooth-renewable-subresource name="distributed_solar">
                    <maxSubResource fillout="1" year="2075">0.38595</maxSubResource>
                    <mid-price fillout="1" year="2075">6.56</mid-price>
                    <curve-exponent fillout="1" year="2075">4.946</curve-exponent>
                    <gdpSupplyElast fillout="1" year="2075">0.1</gdpSupplyElast>
                </smooth-renewable-subresource>
            </renewresource>
        </region>
        <region name="Brazil">
            <renewresource name="distributed_solar">
                <smooth-renewable-subresource name="distributed_solar">
                    <maxSubResource fillout="1" year="2075">0.77577</maxSubResource>
                    <mid-price fillout="1" year="2075">2.72</mid-price>
                    <curve-exponent fillout="1" year="2075">3.652</curve-exponent>
                    <gdpSupplyElast fillout="1" year="2075">0.1</gdpSupplyElast>
                </smooth-renewable-subresource>
            </renewresource>
        </region>
        <region name="Canada">
            <renewresource name="distributed_solar">
                <smooth-renewable-subresource name="distributed_solar">
                    <maxSubResource fillout="1" year="2075">0.17574</maxSubResource>
                    <mid-price fillout="1" year="2075">1.56</mid-price>
                    <curve-exponent fillout="1" year="2075">2.540</curve-exponent>
                    <gdpSupplyElast fillout="1" year="2075">0.1</gdpSupplyElast>
                </smooth-renewable-subresource>
            </renewresource>
        </region>
        <region name="Central America and Caribbean">
            <renewresource name="distributed_solar">
                <smooth-renewable-subresource name="distributed_solar">
                    <maxSubResource fillout="1" year="2075">0.28343</maxSubResource>
                    <mid-price fillout="1" year="2075">1.83</mid-price>
                    <curve-exponent fillout="1" year="2075">3.239</curve-exponent>
                    <gdpSupplyElast fillout="1" year="2075">0.1</gdpSupplyElast>
                </smooth-renewable-subresource>
            </renewresource>
        </region>
        <region name="Central Asia">
            <renewresource name="distributed_solar">
                <smooth-renewable-subresource name="distributed_solar">
                    <maxSubResource fillout="1" year="2075">0.36593</maxSubResource>
                    <mid-price fillout="1" year="2075">14.11</mid-price>
                    <curve-exponent fillout="1" year="2075">11.554</curve-exponent>
                    <gdpSupplyElast fillout="1" year="2075">0.1</gdpSupplyElast>
                </smooth-renewable-subresource>
            </renewresource>
        </region>
        <region name="China">
            <renewresource name="distributed_solar">
                <smooth-renewable-subresource name="distributed_solar">
                    <maxSubResource fillout="1" year="2075">8.36751</maxSubResource>
                    <mid-price fillout="1" year="2075">3.68</mid-price>
                    <curve-exponent fillout="1" year="2075">6.482</curve-exponent>
                    <gdpSupplyElast fillout="1" year="2075">0.1</gdpSupplyElast>
                </smooth-renewable-subresource>
            </renewresource>
        </region>
        <region name="EU-12">
            <renewresource name="distributed_solar">
                <smooth-renewable-subresource name="distributed_solar">
                    <maxSubResource fillout="1" year="2075">0.59118</maxSubResource>
                    <mid-price fillout="1" year="2075">5.19</mid-price>
                    <curve-exponent fillout="1" year="2075">5.859</curve-exponent>
                    <gdpSupplyElast fillout="1" year="2075">0.1</gdpSupplyElast>
                </smooth-renewable-subresource>
            </renewresource>
        </region>
        <region name="EU-15">
            <renewresource name="distributed_solar">
                <smooth-renewable-subresource name="distributed_solar">
                    <maxSubResource fillout="1" year="2075">1.97770</maxSubResource>
                    <mid-price fillout="1" year="2075">5.88</mid-price>
                    <curve-exponent fillout="1" year="2075">4.206</curve-exponent>
                    <gdpSupplyElast fillout="1" year="2075">0.1</gdpSupplyElast>
                </smooth-renewable-subresource>
            </renewresource>
        </region>
        <region name="Europe_Eastern">
            <renewresource name="distributed_solar">
                <smooth-renewable-subresource name="distributed_solar">
                    <maxSubResource fillout="1" year="2075">0.24866</maxSubResource>
                    <mid-price fillout="1" year="2075">15.50</mid-price>
                    <curve-exponent fillout="1" year="2075">12.248</curve-exponent>
                    <gdpSupplyElast fillout="1" year="2075">0.1</gdpSupplyElast>
                </smooth-renewable-subresource>
            </renewresource>
        </region>
        <region name="Europe_Non_EU">
            <renewresource name="distributed_solar">
                <smooth-renewable-subresource name="distributed_solar">
                    <maxSubResource fillout="1" year="2075">0.35266</maxSubResource>
                    <mid-price fillout="1" year="2075">11.17</mid-price>
                    <curve-exponent fillout="1" year="2075">7.817</curve-exponent>
                    <gdpSupplyElast fillout="1" year="2075">0.1</gdpSupplyElast>
                </smooth-renewable-subresource>
            </renewresource>
        </region>
        <region name="European Free Trade Association">
            <renewresource name="distributed_solar">
                <smooth-renewable-subresource name="distributed_solar">
                    <maxSubResource fillout="1" year="2075">0.04647</maxSubResource>
                    <mid-price fillout="1" year="2075">1.03</mid-price>
                    <curve-exponent fillout="1" year="2075">5.949</curve-exponent>
                    <gdpSupplyElast fillout="1" year="2075">0.1</gdpSupplyElast>
                </smooth-renewable-subresource>
            </renewresource>
        </region>
        <region name="India">
            <renewresource name="distributed_solar">
                <smooth-renewable-subresource name="distributed_solar">
                    <maxSubResource fillout="1" year="2075">3.54816</maxSubResource>
                    <mid-price fillout="1" year="2075">1.29</mid-price>
                    <curve-exponent fillout="1" year="2075">5.784</curve-exponent>
                    <gdpSupplyElast fillout="1" year="2075">0.1</gdpSupplyElast>
                </smooth-renewable-subresource>
            </renewresource>
        </region>
        <region name="Indonesia">
            <renewresource name="distributed_solar">
                <smooth-renewable-subresource name="distributed_solar">
                    <maxSubResource fillout="1" year="2075">0.93057</maxSubResource>
                    <mid-price fillout="1" year="2075">1.88</mid-price>
                    <curve-exponent fillout="1" year="2075">5.160</curve-exponent>
                    <gdpSupplyElast fillout="1" year="2075">0.1</gdpSupplyElast>
                </smooth-renewable-subresource>
            </renewresource>
        </region>
        <region name="Japan">
            <renewresource name="distributed_solar">
                <smooth-renewable-subresource name="distributed_solar">
                    <maxSubResource fillout="1" year="2075">0.30663</maxSubResource>
                    <mid-price fillout="1" year="2075">2.57</mid-price>
                    <curve-exponent fillout="1" year="2075">5.411</curve-exponent>
                    <gdpSupplyElast fillout="1" year="2075">0.1</gdpSupplyElast>
                </smooth-renewable-subresource>
            </renewresource>
        </region>
        <region name="Mexico">
            <renewresource name="distributed_solar">
                <smooth-renewable-subresource name="distributed_solar">
                    <maxSubResource fillout="1" year="2075">0.76959</maxSubResource>
                    <mid-price fillout="1" year="2075">0.76</mid-price>
                    <curve-exponent fillout="1" year="2075">1.909</curve-exponent>
                    <gdpSupplyElast fillout="1" year="2075">0.1</gdpSupplyElast>
                </smooth-renewable-subresource>
            </renewresource>
        </region>
        <region name="Middle East">
            <renewresource name="distributed_solar">
                <smooth-renewable-subresource name="distributed_solar">
                    <maxSubResource fillout="1" year="2075">0.97869</maxSubResource>
                    <mid-price fillout="1" year="2075">8.66</mid-price>
                    <curve-exponent fillout="1" year="2075">11.241</curve-exponent>
                    <gdpSupplyElast fillout="1" year="2075">0.1</gdpSupplyElast>
                </smooth-renewable-subresource>
            </renewresource>
        </region>
        <region name="Pakistan">
            <renewresource name="distributed_solar">
                <smooth-renewable-subresource name="distributed_solar">
                    <maxSubResource fillout="1" year="2075">0.81585</maxSubResource>
                    <mid-price fillout="1" year="2075">1.12</mid-price>
                    <curve-exponent fillout="1" year="2075">6.648</curve-exponent>
                    <gdpSupplyElast fillout="1" year="2075">0.1</gdpSupplyElast>
                </smooth-renewable-subresource>
            </renewresource>
        </region>
        <region name="Russia">
            <renewresource name="distributed_solar">
                <smooth-renewable-subresource name="distributed_solar">
                    <maxSubResource fillout="1" year="2075">0.59844</maxSubResource>
                    <mid-price fillout="1" year="2075">20.69</mid-price>
                    <curve-exponent fillout="1" year="2075">10.667</curve-exponent>
                    <gdpSupplyElast fillout="1" year="2075">0.1</gdpSupplyElast>
                </smooth-renewable-subresource>
            </renewresource>
        </region>
        <region name="South Africa">
            <renewresource name="distributed_solar">
                <smooth-renewable-subresource name="distributed_solar">
                    <maxSubResource fillout="1" year="2075">0.14646</maxSubResource>
                    <mid-price fillout="1" year="2075">1.22</mid-price>
                    <curve-exponent fillout="1" year="2075">1.704</curve-exponent>
                    <gdpSupplyElast fillout="1" year="2075">0.1</gdpSupplyElast>
                </smooth-renewable-subresource>
            </renewresource>
        </region>
        <region name="South America_Northern">
            <renewresource name="distributed_solar">
                <smooth-renewable-subresource name="distributed_solar">
                    <maxSubResource fillout="1" year="2075">0.13192</maxSubResource>
                    <mid-price fillout="1" year="2075">2.96</mid-price>
                    <curve-exponent fillout="1" year="2075">7.137</curve-exponent>
                    <gdpSupplyElast fillout="1" year="2075">0.1</gdpSupplyElast>
                </smooth-renewable-subresource>
            </renewresource>
        </region>
        <region name="South America_Southern">
            <renewresource name="distributed_solar">
                <smooth-renewable-subresource name="distributed_solar">
                    <maxSubResource fillout="1" year="2075">0.35527</maxSubResource>
                    <mid-price fillout="1" year="2075">3.34</mid-price>
                    <curve-exponent fillout="1" year="2075">3.383</curve-exponent>
                    <gdpSupplyElast fillout="1" year="2075">0.1</gdpSupplyElast>
                </smooth-renewable-subresource>
            </renewresource>
        </region>
        <region name="South Asia">
            <renewresource name="distributed_solar">
                <smooth-renewable-subresource name="distributed_solar">
                    <maxSubResource fillout="1" year="2075">1.03211</maxSubResource>
                    <mid-price fillout="1" year="2075">1.39</mid-price>
                    <curve-exponent fillout="1" year="2075">4.485</curve-exponent>
                    <gdpSupplyElast fillout="1" year="2075">0.1</gdpSupplyElast>
                </smooth-renewable-subresource>
            </renewresource>
        </region>
        <region name="South Korea">
            <renewresource name="distributed_solar">
                <smooth-renewable-subresource name="distributed_solar">
                    <maxSubResource fillout="1" year="2075">0.12043</maxSubResource>
                    <mid-price fillout="1" year="2075">1.52</mid-price>
                    <curve-exponent fillout="1" year="2075">14.763</curve-exponent>
                    <gdpSupplyElast fillout="1" year="2075">0.1</gdpSupplyElast>
                </smooth-renewable-subresource>
            </renewresource>
        </region>
        <region name="Southeast Asia">
            <renewresource name="distributed_solar">
                <smooth-renewable-subresource name="distributed_solar">
                    <maxSubResource fillout="1" year="2075">1.64528</maxSubResource>
                    <mid-price fillout="1" year="2075">1.60</mid-price>
                    <curve-exponent fillout="1" year="2075">3.588</curve-exponent>
                    <gdpSupplyElast fillout="1" year="2075">0.1</gdpSupplyElast>
                </smooth-renewable-subresource>
            </renewresource>
        </region>
        <region name="Taiwan">
            <renewresource name="distributed_solar">
                <smooth-renewable-subresource name="distributed_solar">
                    <maxSubResource fillout="1" year="2075">0.16056</maxSubResource>
                    <mid-price fillout="1" year="2075">0.61</mid-price>
                    <curve-exponent fillout="1" year="2075">2.053</curve-exponent>
                    <gdpSupplyElast fillout="1" year="2075">0.1</gdpSupplyElast>
                </smooth-renewable-subresource>
            </renewresource>
        </region>
        <region name="Argentina">
            <renewresource name="distributed_solar">
                <smooth-renewable-subresource name="distributed_solar">
                    <maxSubResource fillout="1" year="2075">0.17579</maxSubResource>
                    <mid-price fillout="1" year="2075">5.24</mid-price>
                    <curve-exponent fillout="1" year="2075">15.000</curve-exponent>
                    <gdpSupplyElast fillout="1" year="2075">0.1</gdpSupplyElast>
                </smooth-renewable-subresource>
            </renewresource>
        </region>
        <region name="Colombia">
            <renewresource name="distributed_solar">
                <smooth-renewable-subresource name="distributed_solar">
                    <maxSubResource fillout="1" year="2075">0.18300</maxSubResource>
                    <mid-price fillout="1" year="2075">3.61</mid-price>
                    <curve-exponent fillout="1" year="2075">4.191</curve-exponent>
                    <gdpSupplyElast fillout="1" year="2075">0.1</gdpSupplyElast>
                </smooth-renewable-subresource>
            </renewresource>
        </region>
        <region name="Uruguay">
            <renewresource name="distributed_solar">
                <smooth-renewable-subresource name="distributed_solar">
                    <maxSubResource fillout="1" year="2075">0.01468</maxSubResource>
                    <mid-price fillout="1" year="2075">0.86</mid-price>
                    <curve-exponent fillout="1" year="2075">8.105</curve-exponent>
                    <gdpSupplyElast fillout="1" year="2075">0.1</gdpSupplyElast>
                </smooth-renewable-subresource>
            </renewresource>
        </region>
    </world>
</scenario>
