<?xml version="1.0" encoding="UTF-8"?>
<scenario>
    <world>
        <region name="USA">
            <renewresource name="distributed_solar">
                <smooth-renewable-subresource name="distributed_solar">
                    <maxSubResource fillout="1" year="2035">2.21213</maxSubResource>
                    <mid-price fillout="1" year="2035">10.14</mid-price>
                    <curve-exponent fillout="1" year="2035">6.026</curve-exponent>
                    <gdpSupplyElast fillout="1" year="2035">0.1</gdpSupplyElast>
                </smooth-renewable-subresource>
            </renewresource>
        </region>
        <region name="Africa_Eastern">
            <renewresource name="distributed_solar">
                <smooth-renewable-subresource name="distributed_solar">
                    <maxSubResource fillout="1" year="2035">0.49580</maxSubResource>
                    <mid-price fillout="1" year="2035">1.69</mid-price>
                    <curve-exponent fillout="1" year="2035">2.996</curve-exponent>
                    <gdpSupplyElast fillout="1" year="2035">0.1</gdpSupplyElast>
                </smooth-renewable-subresource>
            </renewresource>
        </region>
        <region name="Africa_Northern">
            <renewresource name="distributed_solar">
                <smooth-renewable-subresource name="distributed_solar">
                    <maxSubResource fillout="1" year="2035">0.62041</maxSubResource>
                    <mid-price fillout="1" year="2035">1.99</mid-price>
                    <curve-exponent fillout="1" year="2035">3.069</curve-exponent>
                    <gdpSupplyElast fillout="1" year="2035">0.1</gdpSupplyElast>
                </smooth-renewable-subresource>
            </renewresource>
        </region>
        <region name="Africa_Southern">
            <renewresource name="distributed_solar">
                <smooth-renewable-subresource name="distributed_solar">
                    <maxSubResource fillout="1" year="2035">0.28897</maxSubResource>
                    <mid-price fillout="1" year="2035">2.10</mid-price>
                    <curve-exponent fillout="1" year="2035">3.947</curve-exponent>
                    <gdpSupplyElast fillout="1" year="2035">0.1</gdpSupplyElast>
                </smooth-renewable-subresource>
            </renewresource>
        </region>
        <region name="Africa_Western">
            <renewresource name="distributed_solar">
                <smooth-renewable-subresource name="distributed_solar">
                    <maxSubResource fillout="1" year="2035">1.03534</maxSubResource>
                    <mid-price fillout="1" year="2035">3.67</mid-price>
                    <curve-exponent fillout="1" year="2035">3.722</curve-exponent>
                    <gdpSupplyElast fillout="1" year="2035">0.1</gdpSupplyElast>
                </smooth-renewable-subresource>
            </renewresource>
        </region>
        <region name="Australia_NZ">
            <renewresource name="distributed_solar">
                <smooth-renewable-subresource name="distributed_solar">
                    <maxSubResource fillout="1" year="2035">0.38412</maxSubResource>
                    <mid-price fillout="1" year="2035">6.28</mid-price>
                    <curve-exponent fillout="1" year="2035">4.599</curve-exponent>
                    <gdpSupplyElast fillout="1" year="2035">0.1</gdpSupplyElast>
                </smooth-renewable-subresource>
            </renewresource>
        </region>
        <region name="Brazil">
            <renewresource name="distributed_solar">
                <smooth-renewable-subresource name="distributed_solar">
                    <maxSubResource fillout="1" year="2035">0.78474</maxSubResource>
                    <mid-price fillout="1" year="2035">3.02</mid-price>
                    <curve-exponent fillout="1" year="2035">3.732</curve-exponent>
                    <gdpSupplyElast fillout="1" year="2035">0.1</gdpSupplyElast>
                </smooth-renewable-subresource>
            </renewresource>
        </region>
        <region name="Canada">
            <renewresource name="distributed_solar">
                <smooth-renewable-subresource name="distributed_solar">
                    <maxSubResource fillout="1" year="2035">0.17558</maxSubResource>
                    <mid-price fillout="1" year="2035">1.65</mid-price>
                    <curve-exponent fillout="1" year="2035">2.606</curve-exponent>
                    <gdpSupplyElast fillout="1" year="2035">0.1</gdpSupplyElast>
                </smooth-renewable-subresource>
            </renewresource>
        </region>
        <region name="Central America and Caribbean">
            <renewresource name="distributed_solar">
                <smooth-renewable-subresource name="distributed_solar">
                    <maxSubResource fillout="1" year="2035">0.28345</maxSubResource>
                    <mid-price fillout="1" year="2035">1.83</mid-price>
                    <curve-exponent fillout="1" year="2035">3.269</curve-exponent>
                    <gdpSupplyElast fillout="1" year="2035">0.1</gdpSupplyElast>
                </smooth-renewable-subresource>
            </renewresource>
        </region>
        <region name="Central Asia">
            <renewresource name="distributed_solar">
                <smooth-renewable-subresource name="distributed_solar">
                    <maxSubResource fillout="1" year="2035">0.36312</maxSubResource>
                    <mid-price fillout="1" year="2035">14.25</mid-price>
                    <curve-exponent fillout="1" year="2035">10.707</curve-exponent>
                    <gdpSupplyElast fillout="1" year="2035">0.1</gdpSupplyElast>
                </smooth-renewable-subresource>
            </renewresource>
        </region>
        <region name="China">
            <renewresource name="distributed_solar">
                <smooth-renewable-subresource name="distributed_solar">
                    <maxSubResource fillout="1" year="2035">8.46915</maxSubResource>
                    <mid-price fillout="1" year="2035">3.53</mid-price>
                    <curve-exponent fillout="1" year="2035">5.996</curve-exponent>
                    <gdpSupplyElast fillout="1" year="2035">0.1</gdpSupplyElast>
                </smooth-renewable-subresource>
            </renewresource>
        </region>
        <region name="EU-12">
            <renewresource name="distributed_solar">
                <smooth-renewable-subresource name="distributed_solar">
                    <maxSubResource fillout="1" year="2035">0.57638</maxSubResource>
                    <mid-price fillout="1" year="2035">5.57</mid-price>
                    <curve-exponent fillout="1" year="2035">5.599</curve-exponent>
                    <gdpSupplyElast fillout="1" year="2035">0.1</gdpSupplyElast>
                </smooth-renewable-subresource>
            </renewresource>
        </region>
        <region name="EU-15">
            <renewresource name="distributed_solar">
                <smooth-renewable-subresource name="distributed_solar">
                    <maxSubResource fillout="1" year="2035">1.93547</maxSubResource>
                    <mid-price fillout="1" year="2035">6.29</mid-price>
                    <curve-exponent fillout="1" year="2035">4.097</curve-exponent>
                    <gdpSupplyElast fillout="1" year="2035">0.1</gdpSupplyElast>
                </smooth-renewable-subresource>
            </renewresource>
        </region>
        <region name="Europe_Eastern">
            <renewresource name="distributed_solar">
                <smooth-renewable-subresource name="distributed_solar">
                    <maxSubResource fillout="1" year="2035">0.24268</maxSubResource>
                    <mid-price fillout="1" year="2035">16.08</mid-price>
                    <curve-exponent fillout="1" year="2035">12.477</curve-exponent>
                    <gdpSupplyElast fillout="1" year="2035">0.1</gdpSupplyElast>
                </smooth-renewable-subresource>
            </renewresource>
        </region>
        <region name="Europe_Non_EU">
            <renewresource name="distributed_solar">
                <smooth-renewable-subresource name="distributed_solar">
                    <maxSubResource fillout="1" year="2035">0.34776</maxSubResource>
                    <mid-price fillout="1" year="2035">11.40</mid-price>
                    <curve-exponent fillout="1" year="2035">7.214</curve-exponent>
                    <gdpSupplyElast fillout="1" year="2035">0.1</gdpSupplyElast>
                </smooth-renewable-subresource>
            </renewresource>
        </region>
        <region name="European Free Trade Association">
            <renewresource name="distributed_solar">
                <smooth-renewable-subresource name="distributed_solar">
                    <maxSubResource fillout="1" year="2035">0.04518</maxSubResource>
                    <mid-price fillout="1" year="2035">1.03</mid-price>
                    <curve-exponent fillout="1" year="2035">6.211</curve-exponent>
                    <gdpSupplyElast fillout="1" year="2035">0.1</gdpSupplyElast>
                </smooth-renewable-subresource>
            </renewresource>
        </region>
        <region name="India">
            <renewresource name="distributed_solar">
                <smooth-renewable-subresource name="distributed_solar">
                    <maxSubResource fillout="1" year="2035">3.56421</maxSubResource>
                    <mid-price fillout="1" year="2035">1.37</mid-price>
                    <curve-exponent fillout="1" year="2035">5.832</curve-exponent>
                    <gdpSupplyElast fillout="1" year="2035">0.1</gdpSupplyElast>
                </smooth-renewable-subresource>
            </renewresource>
        </region>
        <region name="Indonesia">
            <renewresource name="distributed_solar">
                <smooth-renewable-subresource name="distributed_solar">
                    <maxSubResource fillout="1" year="2035">0.92857</maxSubResource>
                    <mid-price fillout="1" year="2035">1.90</mid-price>
                    <curve-exponent fillout="1" year="2035">5.066</curve-exponent>
                    <gdpSupplyElast fillout="1" year="2035">0.1</gdpSupplyElast>
                </smooth-renewable-subresource>
            </renewresource>
        </region>
        <region name="Japan">
            <renewresource name="distributed_solar">
                <smooth-renewable-subresource name="distributed_solar">
                    <maxSubResource fillout="1" year="2035">0.30018</maxSubResource>
                    <mid-price fillout="1" year="2035">2.79</mid-price>
                    <curve-exponent fillout="1" year="2035">5.450</curve-exponent>
                    <gdpSupplyElast fillout="1" year="2035">0.1</gdpSupplyElast>
                </smooth-renewable-subresource>
            </renewresource>
        </region>
        <region name="Mexico">
            <renewresource name="distributed_solar">
                <smooth-renewable-subresource name="distributed_solar">
                    <maxSubResource fillout="1" year="2035">0.77445</maxSubResource>
                    <mid-price fillout="1" year="2035">1.13</mid-price>
                    <curve-exponent fillout="1" year="2035">2.447</curve-exponent>
                    <gdpSupplyElast fillout="1" year="2035">0.1</gdpSupplyElast>
                </smooth-renewable-subresource>
            </renewresource>
        </region>
        <region name="Middle East">
            <renewresource name="distributed_solar">
                <smooth-renewable-subresource name="distributed_solar">
                    <maxSubResource fillout="1" year="2035">0.97968</maxSubResource>
                    <mid-price fillout="1" year="2035">8.73</mid-price>
                    <curve-exponent fillout="1" year="2035">10.785</curve-exponent>
                    <gdpSupplyElast fillout="1" year="2035">0.1</gdpSupplyElast>
                </smooth-renewable-subresource>
            </renewresource>
        </region>
        <region name="Pakistan">
            <renewresource name="distributed_solar">
                <smooth-renewable-subresource name="distributed_solar">
                    <maxSubResource fillout="1" year="2035">0.80770</maxSubResource>
                    <mid-price fillout="1" year="2035">1.32</mid-price>
                    <curve-exponent fillout="1" year="2035">5.956</curve-exponent>
                    <gdpSupplyElast fillout="1" year="2035">0.1</gdpSupplyElast>
                </smooth-renewable-subresource>
            </renewresource>
        </region>
        <region name="Russia">
            <renewresource name="distributed_solar">
                <smooth-renewable-subresource name="distributed_solar">
                    <maxSubResource fillout="1" year="2035">0.59059</maxSubResource>
                    <mid-price fillout="1" year="2035">21.00</mid-price>
                    <curve-exponent fillout="1" year="2035">10.574</curve-exponent>
                    <gdpSupplyElast fillout="1" year="2035">0.1</gdpSupplyElast>
                </smooth-renewable-subresource>
            </renewresource>
        </region>
        <region name="South Africa">
            <renewresource name="distributed_solar">
                <smooth-renewable-subresource name="distributed_solar">
                    <maxSubResource fillout="1" year="2035">0.14676</maxSubResource>
                    <mid-price fillout="1" year="2035">1.32</mid-price>
                    <curve-exponent fillout="1" year="2035">1.784</curve-exponent>
                    <gdpSupplyElast fillout="1" year="2035">0.1</gdpSupplyElast>
                </smooth-renewable-subresource>
            </renewresource>
        </region>
        <region name="South America_Northern">
            <renewresource name="distributed_solar">
                <smooth-renewable-subresource name="distributed_solar">
                    <maxSubResource fillout="1" year="2035">0.12899</maxSubResource>
                    <mid-price fillout="1" year="2035">3.42</mid-price>
                    <curve-exponent fillout="1" year="2035">7.537</curve-exponent>
                    <gdpSupplyElast fillout="1" year="2035">0.1</gdpSupplyElast>
                </smooth-renewable-subresource>
            </renewresource>
        </region>
        <region name="South America_Southern">
            <renewresource name="distributed_solar">
                <smooth-renewable-subresource name="distributed_solar">
                    <maxSubResource fillout="1" year="2035">0.35089</maxSubResource>
                    <mid-price fillout="1" year="2035">3.51</mid-price>
                    <curve-exponent fillout="1" year="2035">3.239</curve-exponent>
                    <gdpSupplyElast fillout="1" year="2035">0.1</gdpSupplyElast>
                </smooth-renewable-subresource>
            </renewresource>
        </region>
        <region name="South Asia">
            <renewresource name="distributed_solar">
                <smooth-renewable-subresource name="distributed_solar">
                    <maxSubResource fillout="1" year="2035">1.03158</maxSubResource>
                    <mid-price fillout="1" year="2035">1.42</mid-price>
                    <curve-exponent fillout="1" year="2035">5.047</curve-exponent>
                    <gdpSupplyElast fillout="1" year="2035">0.1</gdpSupplyElast>
                </smooth-renewable-subresource>
            </renewresource>
        </region>
        <region name="South Korea">
            <renewresource name="distributed_solar">
                <smooth-renewable-subresource name="distributed_solar">
                    <maxSubResource fillout="1" year="2035">0.12068</maxSubResource>
                    <mid-price fillout="1" year="2035">1.58</mid-price>
                    <curve-exponent fillout="1" year="2035">15.000</curve-exponent>
                    <gdpSupplyElast fillout="1" year="2035">0.1</gdpSupplyElast>
                </smooth-renewable-subresource>
            </renewresource>
        </region>
        <region name="Southeast Asia">
            <renewresource name="distributed_solar">
                <smooth-renewable-subresource name="distributed_solar">
                    <maxSubResource fillout="1" year="2035">1.66638</maxSubResource>
                    <mid-price fillout="1" year="2035">1.48</mid-price>
                    <curve-exponent fillout="1" year="2035">3.527</curve-exponent>
                    <gdpSupplyElast fillout="1" year="2035">0.1</gdpSupplyElast>
                </smooth-renewable-subresource>
            </renewresource>
        </region>
        <region name="Taiwan">
            <renewresource name="distributed_solar">
                <smooth-renewable-subresource name="distributed_solar">
                    <maxSubResource fillout="1" year="2035">0.16123</maxSubResource>
                    <mid-price fillout="1" year="2035">0.66</mid-price>
                    <curve-exponent fillout="1" year="2035">1.875</curve-exponent>
                    <gdpSupplyElast fillout="1" year="2035">0.1</gdpSupplyElast>
                </smooth-renewable-subresource>
            </renewresource>
        </region>
        <region name="Argentina">
            <renewresource name="distributed_solar">
                <smooth-renewable-subresource name="distributed_solar">
                    <maxSubResource fillout="1" year="2035">0.17410</maxSubResource>
                    <mid-price fillout="1" year="2035">5.44</mid-price>
                    <curve-exponent fillout="1" year="2035">12.005</curve-exponent>
                    <gdpSupplyElast fillout="1" year="2035">0.1</gdpSupplyElast>
                </smooth-renewable-subresource>
            </renewresource>
        </region>
        <region name="Colombia">
            <renewresource name="distributed_solar">
                <smooth-renewable-subresource name="distributed_solar">
                    <maxSubResource fillout="1" year="2035">0.17924</maxSubResource>
                    <mid-price fillout="1" year="2035">3.85</mid-price>
                    <curve-exponent fillout="1" year="2035">3.954</curve-exponent>
                    <gdpSupplyElast fillout="1" year="2035">0.1</gdpSupplyElast>
                </smooth-renewable-subresource>
            </renewresource>
        </region>
        <region name="Uruguay">
            <renewresource name="distributed_solar">
                <smooth-renewable-subresource name="distributed_solar">
                    <maxSubResource fillout="1" year="2035">0.01452</maxSubResource>
                    <mid-price fillout="1" year="2035">1.23</mid-price>
                    <curve-exponent fillout="1" year="2035">11.138</curve-exponent>
                    <gdpSupplyElast fillout="1" year="2035">0.1</gdpSupplyElast>
                </smooth-renewable-subresource>
            </renewresource>
        </region>
    </world>
</scenario>
