<?xml version="1.0" encoding="UTF-8"?>
<scenario>
    <world>
        <region name="USA">
            <renewresource name="distributed_solar">
                <smooth-renewable-subresource name="distributed_solar">
                    <maxSubResource fillout="1" year="2035">2.18605</maxSubResource>
                    <mid-price fillout="1" year="2035">10.53</mid-price>
                    <curve-exponent fillout="1" year="2035">6.293</curve-exponent>
                    <gdpSupplyElast fillout="1" year="2035">0.1</gdpSupplyElast>
                </smooth-renewable-subresource>
            </renewresource>
        </region>
        <region name="Africa_Eastern">
            <renewresource name="distributed_solar">
                <smooth-renewable-subresource name="distributed_solar">
                    <maxSubResource fillout="1" year="2035">0.50346</maxSubResource>
                    <mid-price fillout="1" year="2035">1.54</mid-price>
                    <curve-exponent fillout="1" year="2035">2.811</curve-exponent>
                    <gdpSupplyElast fillout="1" year="2035">0.1</gdpSupplyElast>
                </smooth-renewable-subresource>
            </renewresource>
        </region>
        <region name="Africa_Northern">
            <renewresource name="distributed_solar">
                <smooth-renewable-subresource name="distributed_solar">
                    <maxSubResource fillout="1" year="2035">0.61672</maxSubResource>
                    <mid-price fillout="1" year="2035">2.53</mid-price>
                    <curve-exponent fillout="1" year="2035">3.485</curve-exponent>
                    <gdpSupplyElast fillout="1" year="2035">0.1</gdpSupplyElast>
                </smooth-renewable-subresource>
            </renewresource>
        </region>
        <region name="Africa_Southern">
            <renewresource name="distributed_solar">
                <smooth-renewable-subresource name="distributed_solar">
                    <maxSubResource fillout="1" year="2035">0.28919</maxSubResource>
                    <mid-price fillout="1" year="2035">2.03</mid-price>
                    <curve-exponent fillout="1" year="2035">3.775</curve-exponent>
                    <gdpSupplyElast fillout="1" year="2035">0.1</gdpSupplyElast>
                </smooth-renewable-subresource>
            </renewresource>
        </region>
        <region name="Africa_Western">
            <renewresource name="distributed_solar">
                <smooth-renewable-subresource name="distributed_solar">
                    <maxSubResource fillout="1" year="2035">1.06962</maxSubResource>
                    <mid-price fillout="1" year="2035">3.12</mid-price>
                    <curve-exponent fillout="1" year="2035">3.705</curve-exponent>
                    <gdpSupplyElast fillout="1" year="2035">0.1</gdpSupplyElast>
                </smooth-renewable-subresource>
            </renewresource>
        </region>
        <region name="Australia_NZ">
            <renewresource name="distributed_solar">
                <smooth-renewable-subresource name="distributed_solar">
                    <maxSubResource fillout="1" year="2035">0.38804</maxSubResource>
                    <mid-price fillout="1" year="2035">6.13</mid-price>
                    <curve-exponent fillout="1" year="2035">4.454</curve-exponent>
                    <gdpSupplyElast fillout="1" year="2035">0.1</gdpSupplyElast>
                </smooth-renewable-subresource>
            </renewresource>
        </region>
        <region name="Brazil">
            <renewresource name="distributed_solar">
                <smooth-renewable-subresource name="distributed_solar">
                    <maxSubResource fillout="1" year="2035">0.78046</maxSubResource>
                    <mid-price fillout="1" year="2035">2.68</mid-price>
                    <curve-exponent fillout="1" year="2035">3.929</curve-exponent>
                    <gdpSupplyElast fillout="1" year="2035">0.1</gdpSupplyElast>
                </smooth-renewable-subresource>
            </renewresource>
        </region>
        <region name="Canada">
            <renewresource name="distributed_solar">
                <smooth-renewable-subresource name="distributed_solar">
                    <maxSubResource fillout="1" year="2035">0.17414</maxSubResource>
                    <mid-price fillout="1" year="2035">1.69</mid-price>
                    <curve-exponent fillout="1" year="2035">2.868</curve-exponent>
                    <gdpSupplyElast fillout="1" year="2035">0.1</gdpSupplyElast>
                </smooth-renewable-subresource>
            </renewresource>
        </region>
        <region name="Central America and Caribbean">
            <renewresource name="distributed_solar">
                <smooth-renewable-subresource name="distributed_solar">
                    <maxSubResource fillout="1" year="2035">0.28989</maxSubResource>
                    <mid-price fillout="1" year="2035">1.84</mid-price>
                    <curve-exponent fillout="1" year="2035">3.308</curve-exponent>
                    <gdpSupplyElast fillout="1" year="2035">0.1</gdpSupplyElast>
                </smooth-renewable-subresource>
            </renewresource>
        </region>
        <region name="Central Asia">
            <renewresource name="distributed_solar">
                <smooth-renewable-subresource name="distributed_solar">
                    <maxSubResource fillout="1" year="2035">0.36186</maxSubResource>
                    <mid-price fillout="1" year="2035">14.40</mid-price>
                    <curve-exponent fillout="1" year="2035">10.852</curve-exponent>
                    <gdpSupplyElast fillout="1" year="2035">0.1</gdpSupplyElast>
                </smooth-renewable-subresource>
            </renewresource>
        </region>
        <region name="China">
            <renewresource name="distributed_solar">
                <smooth-renewable-subresource name="distributed_solar">
                    <maxSubResource fillout="1" year="2035">8.13654</maxSubResource>
                    <mid-price fillout="1" year="2035">4.01</mid-price>
                    <curve-exponent fillout="1" year="2035">6.243</curve-exponent>
                    <gdpSupplyElast fillout="1" year="2035">0.1</gdpSupplyElast>
                </smooth-renewable-subresource>
            </renewresource>
        </region>
        <region name="EU-12">
            <renewresource name="distributed_solar">
                <smooth-renewable-subresource name="distributed_solar">
                    <maxSubResource fillout="1" year="2035">0.56430</maxSubResource>
                    <mid-price fillout="1" year="2035">5.70</mid-price>
                    <curve-exponent fillout="1" year="2035">5.408</curve-exponent>
                    <gdpSupplyElast fillout="1" year="2035">0.1</gdpSupplyElast>
                </smooth-renewable-subresource>
            </renewresource>
        </region>
        <region name="EU-15">
            <renewresource name="distributed_solar">
                <smooth-renewable-subresource name="distributed_solar">
                    <maxSubResource fillout="1" year="2035">1.88808</maxSubResource>
                    <mid-price fillout="1" year="2035">6.64</mid-price>
                    <curve-exponent fillout="1" year="2035">4.154</curve-exponent>
                    <gdpSupplyElast fillout="1" year="2035">0.1</gdpSupplyElast>
                </smooth-renewable-subresource>
            </renewresource>
        </region>
        <region name="Europe_Eastern">
            <renewresource name="distributed_solar">
                <smooth-renewable-subresource name="distributed_solar">
                    <maxSubResource fillout="1" year="2035">0.23820</maxSubResource>
                    <mid-price fillout="1" year="2035">15.88</mid-price>
                    <curve-exponent fillout="1" year="2035">10.657</curve-exponent>
                    <gdpSupplyElast fillout="1" year="2035">0.1</gdpSupplyElast>
                </smooth-renewable-subresource>
            </renewresource>
        </region>
        <region name="Europe_Non_EU">
            <renewresource name="distributed_solar">
                <smooth-renewable-subresource name="distributed_solar">
                    <maxSubResource fillout="1" year="2035">0.34661</maxSubResource>
                    <mid-price fillout="1" year="2035">11.09</mid-price>
                    <curve-exponent fillout="1" year="2035">7.143</curve-exponent>
                    <gdpSupplyElast fillout="1" year="2035">0.1</gdpSupplyElast>
                </smooth-renewable-subresource>
            </renewresource>
        </region>
        <region name="European Free Trade Association">
            <renewresource name="distributed_solar">
                <smooth-renewable-subresource name="distributed_solar">
                    <maxSubResource fillout="1" year="2035">0.04494</maxSubResource>
                    <mid-price fillout="1" year="2035">1.05</mid-price>
                    <curve-exponent fillout="1" year="2035">7.500</curve-exponent>
                    <gdpSupplyElast fillout="1" year="2035">0.1</gdpSupplyElast>
                </smooth-renewable-subresource>
            </renewresource>
        </region>
        <region name="India">
            <renewresource name="distributed_solar">
                <smooth-renewable-subresource name="distributed_solar">
                    <maxSubResource fillout="1" year="2035">3.57248</maxSubResource>
                    <mid-price fillout="1" year="2035">1.30</mid-price>
                    <curve-exponent fillout="1" year="2035">5.091</curve-exponent>
                    <gdpSupplyElast fillout="1" year="2035">0.1</gdpSupplyElast>
                </smooth-renewable-subresource>
            </renewresource>
        </region>
        <region name="Indonesia">
            <renewresource name="distributed_solar">
                <smooth-renewable-subresource name="distributed_solar">
                    <maxSubResource fillout="1" year="2035">0.92684</maxSubResource>
                    <mid-price fillout="1" year="2035">1.94</mid-price>
                    <curve-exponent fillout="1" year="2035">5.267</curve-exponent>
                    <gdpSupplyElast fillout="1" year="2035">0.1</gdpSupplyElast>
                </smooth-renewable-subresource>
            </renewresource>
        </region>
        <region name="Japan">
            <renewresource name="distributed_solar">
                <smooth-renewable-subresource name="distributed_solar">
                    <maxSubResource fillout="1" year="2035">0.30293</maxSubResource>
                    <mid-price fillout="1" year="2035">2.52</mid-price>
                    <curve-exponent fillout="1" year="2035">5.732</curve-exponent>
                    <gdpSupplyElast fillout="1" year="2035">0.1</gdpSupplyElast>
                </smooth-renewable-subresource>
            </renewresource>
        </region>
        <region name="Mexico">
            <renewresource name="distributed_solar">
                <smooth-renewable-subresource name="distributed_solar">
                    <maxSubResource fillout="1" year="2035">0.77864</maxSubResource>
                    <mid-price fillout="1" year="2035">1.08</mid-price>
                    <curve-exponent fillout="1" year="2035">2.263</curve-exponent>
                    <gdpSupplyElast fillout="1" year="2035">0.1</gdpSupplyElast>
                </smooth-renewable-subresource>
            </renewresource>
        </region>
        <region name="Middle East">
            <renewresource name="distributed_solar">
                <smooth-renewable-subresource name="distributed_solar">
                    <maxSubResource fillout="1" year="2035">0.97671</maxSubResource>
                    <mid-price fillout="1" year="2035">9.23</mid-price>
                    <curve-exponent fillout="1" year="2035">10.855</curve-exponent>
                    <gdpSupplyElast fillout="1" year="2035">0.1</gdpSupplyElast>
                </smooth-renewable-subresource>
            </renewresource>
        </region>
        <region name="Pakistan">
            <renewresource name="distributed_solar">
                <smooth-renewable-subresource name="distributed_solar">
                    <maxSubResource fillout="1" year="2035">0.80518</maxSubResource>
                    <mid-price fillout="1" year="2035">1.34</mid-price>
                    <curve-exponent fillout="1" year="2035">5.965</curve-exponent>
                    <gdpSupplyElast fillout="1" year="2035">0.1</gdpSupplyElast>
                </smooth-renewable-subresource>
            </renewresource>
        </region>
        <region name="Russia">
            <renewresource name="distributed_solar">
                <smooth-renewable-subresource name="distributed_solar">
                    <maxSubResource fillout="1" year="2035">0.59099</maxSubResource>
                    <mid-price fillout="1" year="2035">20.45</mid-price>
                    <curve-exponent fillout="1" year="2035">10.774</curve-exponent>
                    <gdpSupplyElast fillout="1" year="2035">0.1</gdpSupplyElast>
                </smooth-renewable-subresource>
            </renewresource>
        </region>
        <region name="South Africa">
            <renewresource name="distributed_solar">
                <smooth-renewable-subresource name="distributed_solar">
                    <maxSubResource fillout="1" year="2035">0.14819</maxSubResource>
                    <mid-price fillout="1" year="2035">1.16</mid-price>
                    <curve-exponent fillout="1" year="2035">1.662</curve-exponent>
                    <gdpSupplyElast fillout="1" year="2035">0.1</gdpSupplyElast>
                </smooth-renewable-subresource>
            </renewresource>
        </region>
        <region name="South America_Northern">
            <renewresource name="distributed_solar">
                <smooth-renewable-subresource name="distributed_solar">
                    <maxSubResource fillout="1" year="2035">0.13408</maxSubResource>
                    <mid-price fillout="1" year="2035">2.61</mid-price>
                    <curve-exponent fillout="1" year="2035">5.579</curve-exponent>
                    <gdpSupplyElast fillout="1" year="2035">0.1</gdpSupplyElast>
                </smooth-renewable-subresource>
            </renewresource>
        </region>
        <region name="South America_Southern">
            <renewresource name="distributed_solar">
                <smooth-renewable-subresource name="distributed_solar">
                    <maxSubResource fillout="1" year="2035">0.35945</maxSubResource>
                    <mid-price fillout="1" year="2035">3.32</mid-price>
                    <curve-exponent fillout="1" year="2035">3.432</curve-exponent>
                    <gdpSupplyElast fillout="1" year="2035">0.1</gdpSupplyElast>
                </smooth-renewable-subresource>
            </renewresource>
        </region>
        <region name="South Asia">
            <renewresource name="distributed_solar">
                <smooth-renewable-subresource name="distributed_solar">
                    <maxSubResource fillout="1" year="2035">1.02981</maxSubResource>
                    <mid-price fillout="1" year="2035">1.42</mid-price>
                    <curve-exponent fillout="1" year="2035">4.205</curve-exponent>
                    <gdpSupplyElast fillout="1" year="2035">0.1</gdpSupplyElast>
                </smooth-renewable-subresource>
            </renewresource>
        </region>
        <region name="South Korea">
            <renewresource name="distributed_solar">
                <smooth-renewable-subresource name="distributed_solar">
                    <maxSubResource fillout="1" year="2035">0.11812</maxSubResource>
                    <mid-price fillout="1" year="2035">1.62</mid-price>
                    <curve-exponent fillout="1" year="2035">15.000</curve-exponent>
                    <gdpSupplyElast fillout="1" year="2035">0.1</gdpSupplyElast>
                </smooth-renewable-subresource>
            </renewresource>
        </region>
        <region name="Southeast Asia">
            <renewresource name="distributed_solar">
                <smooth-renewable-subresource name="distributed_solar">
                    <maxSubResource fillout="1" year="2035">1.64878</maxSubResource>
                    <mid-price fillout="1" year="2035">1.53</mid-price>
                    <curve-exponent fillout="1" year="2035">3.198</curve-exponent>
                    <gdpSupplyElast fillout="1" year="2035">0.1</gdpSupplyElast>
                </smooth-renewable-subresource>
            </renewresource>
        </region>
        <region name="Taiwan">
            <renewresource name="distributed_solar">
                <smooth-renewable-subresource name="distributed_solar">
                    <maxSubResource fillout="1" year="2035">0.15444</maxSubResource>
                    <mid-price fillout="1" year="2035">0.82</mid-price>
                    <curve-exponent fillout="1" year="2035">2.022</curve-exponent>
                    <gdpSupplyElast fillout="1" year="2035">0.1</gdpSupplyElast>
                </smooth-renewable-subresource>
            </renewresource>
        </region>
        <region name="Argentina">
            <renewresource name="distributed_solar">
                <smooth-renewable-subresource name="distributed_solar">
                    <maxSubResource fillout="1" year="2035">0.17903</maxSubResource>
                    <mid-price fillout="1" year="2035">4.92</mid-price>
                    <curve-exponent fillout="1" year="2035">10.571</curve-exponent>
                    <gdpSupplyElast fillout="1" year="2035">0.1</gdpSupplyElast>
                </smooth-renewable-subresource>
            </renewresource>
        </region>
        <region name="Colombia">
            <renewresource name="distributed_solar">
                <smooth-renewable-subresource name="distributed_solar">
                    <maxSubResource fillout="1" year="2035">0.18957</maxSubResource>
                    <mid-price fillout="1" year="2035">3.50</mid-price>
                    <curve-exponent fillout="1" year="2035">4.366</curve-exponent>
                    <gdpSupplyElast fillout="1" year="2035">0.1</gdpSupplyElast>
                </smooth-renewable-subresource>
            </renewresource>
        </region>
        <region name="Uruguay">
            <renewresource name="distributed_solar">
                <smooth-renewable-subresource name="distributed_solar">
                    <maxSubResource fillout="1" year="2035">0.01508</maxSubResource>
                    <mid-price fillout="1" year="2035">1.01</mid-price>
                    <curve-exponent fillout="1" year="2035">10.666</curve-exponent>
                    <gdpSupplyElast fillout="1" year="2035">0.1</gdpSupplyElast>
                </smooth-renewable-subresource>
            </renewresource>
        </region>
    </world>
</scenario>
