<?xml version="1.0" encoding="UTF-8"?>
<scenario>
    <world>
        <region name="USA">
            <renewresource name="distributed_solar">
                <smooth-renewable-subresource name="distributed_solar">
                    <maxSubResource fillout="1" year="2075">2.15245</maxSubResource>
                    <mid-price fillout="1" year="2075">10.63</mid-price>
                    <curve-exponent fillout="1" year="2075">5.137</curve-exponent>
                    <gdpSupplyElast fillout="1" year="2075">0.1</gdpSupplyElast>
                </smooth-renewable-subresource>
            </renewresource>
        </region>
        <region name="Africa_Eastern">
            <renewresource name="distributed_solar">
                <smooth-renewable-subresource name="distributed_solar">
                    <maxSubResource fillout="1" year="2075">0.48965</maxSubResource>
                    <mid-price fillout="1" year="2075">1.91</mid-price>
                    <curve-exponent fillout="1" year="2075">3.183</curve-exponent>
                    <gdpSupplyElast fillout="1" year="2075">0.1</gdpSupplyElast>
                </smooth-renewable-subresource>
            </renewresource>
        </region>
        <region name="Africa_Northern">
            <renewresource name="distributed_solar">
                <smooth-renewable-subresource name="distributed_solar">
                    <maxSubResource fillout="1" year="2075">0.60899</maxSubResource>
                    <mid-price fillout="1" year="2075">2.35</mid-price>
                    <curve-exponent fillout="1" year="2075">3.487</curve-exponent>
                    <gdpSupplyElast fillout="1" year="2075">0.1</gdpSupplyElast>
                </smooth-renewable-subresource>
            </renewresource>
        </region>
        <region name="Africa_Southern">
            <renewresource name="distributed_solar">
                <smooth-renewable-subresource name="distributed_solar">
                    <maxSubResource fillout="1" year="2075">0.28801</maxSubResource>
                    <mid-price fillout="1" year="2075">1.59</mid-price>
                    <curve-exponent fillout="1" year="2075">2.868</curve-exponent>
                    <gdpSupplyElast fillout="1" year="2075">0.1</gdpSupplyElast>
                </smooth-renewable-subresource>
            </renewresource>
        </region>
        <region name="Africa_Western">
            <renewresource name="distributed_solar">
                <smooth-renewable-subresource name="distributed_solar">
                    <maxSubResource fillout="1" year="2075">1.04081</maxSubResource>
                    <mid-price fillout="1" year="2075">3.64</mid-price>
                    <curve-exponent fillout="1" year="2075">3.470</curve-exponent>
                    <gdpSupplyElast fillout="1" year="2075">0.1</gdpSupplyElast>
                </smooth-renewable-subresource>
            </renewresource>
        </region>
        <region name="Australia_NZ">
            <renewresource name="distributed_solar">
                <smooth-renewable-subresource name="distributed_solar">
                    <maxSubResource fillout="1" year="2075">0.38423</maxSubResource>
                    <mid-price fillout="1" year="2075">6.67</mid-price>
                    <curve-exponent fillout="1" year="2075">4.483</curve-exponent>
                    <gdpSupplyElast fillout="1" year="2075">0.1</gdpSupplyElast>
                </smooth-renewable-subresource>
            </renewresource>
        </region>
        <region name="Brazil">
            <renewresource name="distributed_solar">
                <smooth-renewable-subresource name="distributed_solar">
                    <maxSubResource fillout="1" year="2075">0.77196</maxSubResource>
                    <mid-price fillout="1" year="2075">2.97</mid-price>
                    <curve-exponent fillout="1" year="2075">4.282</curve-exponent>
                    <gdpSupplyElast fillout="1" year="2075">0.1</gdpSupplyElast>
                </smooth-renewable-subresource>
            </renewresource>
        </region>
        <region name="Canada">
            <renewresource name="distributed_solar">
                <smooth-renewable-subresource name="distributed_solar">
                    <maxSubResource fillout="1" year="2075">0.16744</maxSubResource>
                    <mid-price fillout="1" year="2075">1.68</mid-price>
                    <curve-exponent fillout="1" year="2075">2.459</curve-exponent>
                    <gdpSupplyElast fillout="1" year="2075">0.1</gdpSupplyElast>
                </smooth-renewable-subresource>
            </renewresource>
        </region>
        <region name="Central America and Caribbean">
            <renewresource name="distributed_solar">
                <smooth-renewable-subresource name="distributed_solar">
                    <maxSubResource fillout="1" year="2075">0.28195</maxSubResource>
                    <mid-price fillout="1" year="2075">1.81</mid-price>
                    <curve-exponent fillout="1" year="2075">3.105</curve-exponent>
                    <gdpSupplyElast fillout="1" year="2075">0.1</gdpSupplyElast>
                </smooth-renewable-subresource>
            </renewresource>
        </region>
        <region name="Central Asia">
            <renewresource name="distributed_solar">
                <smooth-renewable-subresource name="distributed_solar">
                    <maxSubResource fillout="1" year="2075">0.35794</maxSubResource>
                    <mid-price fillout="1" year="2075">14.51</mid-price>
                    <curve-exponent fillout="1" year="2075">10.119</curve-exponent>
                    <gdpSupplyElast fillout="1" year="2075">0.1</gdpSupplyElast>
                </smooth-renewable-subresource>
            </renewresource>
        </region>
        <region name="China">
            <renewresource name="distributed_solar">
                <smooth-renewable-subresource name="distributed_solar">
                    <maxSubResource fillout="1" year="2075">8.13093</maxSubResource>
                    <mid-price fillout="1" year="2075">4.03</mid-price>
                    <curve-exponent fillout="1" year="2075">6.252</curve-exponent>
                    <gdpSupplyElast fillout="1" year="2075">0.1</gdpSupplyElast>
                </smooth-renewable-subresource>
            </renewresource>
        </region>
        <region name="EU-12">
            <renewresource name="distributed_solar">
                <smooth-renewable-subresource name="distributed_solar">
                    <maxSubResource fillout="1" year="2075">0.54021</maxSubResource>
                    <mid-price fillout="1" year="2075">6.11</mid-price>
                    <curve-exponent fillout="1" year="2075">4.743</curve-exponent>
                    <gdpSupplyElast fillout="1" year="2075">0.1</gdpSupplyElast>
                </smooth-renewable-subresource>
            </renewresource>
        </region>
        <region name="EU-15">
            <renewresource name="distributed_solar">
                <smooth-renewable-subresource name="distributed_solar">
                    <maxSubResource fillout="1" year="2075">1.83465</maxSubResource>
                    <mid-price fillout="1" year="2075">6.85</mid-price>
                    <curve-exponent fillout="1" year="2075">3.684</curve-exponent>
                    <gdpSupplyElast fillout="1" year="2075">0.1</gdpSupplyElast>
                </smooth-renewable-subresource>
            </renewresource>
        </region>
        <region name="Europe_Eastern">
            <renewresource name="distributed_solar">
                <smooth-renewable-subresource name="distributed_solar">
                    <maxSubResource fillout="1" year="2075">0.22467</maxSubResource>
                    <mid-price fillout="1" year="2075">17.82</mid-price>
                    <curve-exponent fillout="1" year="2075">9.841</curve-exponent>
                    <gdpSupplyElast fillout="1" year="2075">0.1</gdpSupplyElast>
                </smooth-renewable-subresource>
            </renewresource>
        </region>
        <region name="Europe_Non_EU">
            <renewresource name="distributed_solar">
                <smooth-renewable-subresource name="distributed_solar">
                    <maxSubResource fillout="1" year="2075">0.33930</maxSubResource>
                    <mid-price fillout="1" year="2075">11.43</mid-price>
                    <curve-exponent fillout="1" year="2075">6.386</curve-exponent>
                    <gdpSupplyElast fillout="1" year="2075">0.1</gdpSupplyElast>
                </smooth-renewable-subresource>
            </renewresource>
        </region>
        <region name="European Free Trade Association">
            <renewresource name="distributed_solar">
                <smooth-renewable-subresource name="distributed_solar">
                    <maxSubResource fillout="1" year="2075">0.04389</maxSubResource>
                    <mid-price fillout="1" year="2075">1.06</mid-price>
                    <curve-exponent fillout="1" year="2075">6.416</curve-exponent>
                    <gdpSupplyElast fillout="1" year="2075">0.1</gdpSupplyElast>
                </smooth-renewable-subresource>
            </renewresource>
        </region>
        <region name="India">
            <renewresource name="distributed_solar">
                <smooth-renewable-subresource name="distributed_solar">
                    <maxSubResource fillout="1" year="2075">3.58706</maxSubResource>
                    <mid-price fillout="1" year="2075">1.29</mid-price>
                    <curve-exponent fillout="1" year="2075">5.853</curve-exponent>
                    <gdpSupplyElast fillout="1" year="2075">0.1</gdpSupplyElast>
                </smooth-renewable-subresource>
            </renewresource>
        </region>
        <region name="Indonesia">
            <renewresource name="distributed_solar">
                <smooth-renewable-subresource name="distributed_solar">
                    <maxSubResource fillout="1" year="2075">0.89830</maxSubResource>
                    <mid-price fillout="1" year="2075">2.22</mid-price>
                    <curve-exponent fillout="1" year="2075">5.174</curve-exponent>
                    <gdpSupplyElast fillout="1" year="2075">0.1</gdpSupplyElast>
                </smooth-renewable-subresource>
            </renewresource>
        </region>
        <region name="Japan">
            <renewresource name="distributed_solar">
                <smooth-renewable-subresource name="distributed_solar">
                    <maxSubResource fillout="1" year="2075">0.29503</maxSubResource>
                    <mid-price fillout="1" year="2075">2.83</mid-price>
                    <curve-exponent fillout="1" year="2075">5.695</curve-exponent>
                    <gdpSupplyElast fillout="1" year="2075">0.1</gdpSupplyElast>
                </smooth-renewable-subresource>
            </renewresource>
        </region>
        <region name="Mexico">
            <renewresource name="distributed_solar">
                <smooth-renewable-subresource name="distributed_solar">
                    <maxSubResource fillout="1" year="2075">0.76031</maxSubResource>
                    <mid-price fillout="1" year="2075">1.04</mid-price>
                    <curve-exponent fillout="1" year="2075">2.203</curve-exponent>
                    <gdpSupplyElast fillout="1" year="2075">0.1</gdpSupplyElast>
                </smooth-renewable-subresource>
            </renewresource>
        </region>
        <region name="Middle East">
            <renewresource name="distributed_solar">
                <smooth-renewable-subresource name="distributed_solar">
                    <maxSubResource fillout="1" year="2075">0.96294</maxSubResource>
                    <mid-price fillout="1" year="2075">9.08</mid-price>
                    <curve-exponent fillout="1" year="2075">11.000</curve-exponent>
                    <gdpSupplyElast fillout="1" year="2075">0.1</gdpSupplyElast>
                </smooth-renewable-subresource>
            </renewresource>
        </region>
        <region name="Pakistan">
            <renewresource name="distributed_solar">
                <smooth-renewable-subresource name="distributed_solar">
                    <maxSubResource fillout="1" year="2075">0.81751</maxSubResource>
                    <mid-price fillout="1" year="2075">1.24</mid-price>
                    <curve-exponent fillout="1" year="2075">5.599</curve-exponent>
                    <gdpSupplyElast fillout="1" year="2075">0.1</gdpSupplyElast>
                </smooth-renewable-subresource>
            </renewresource>
        </region>
        <region name="Russia">
            <renewresource name="distributed_solar">
                <smooth-renewable-subresource name="distributed_solar">
                    <maxSubResource fillout="1" year="2075">0.55404</maxSubResource>
                    <mid-price fillout="1" year="2075">22.85</mid-price>
                    <curve-exponent fillout="1" year="2075">9.051</curve-exponent>
                    <gdpSupplyElast fillout="1" year="2075">0.1</gdpSupplyElast>
                </smooth-renewable-subresource>
            </renewresource>
        </region>
        <region name="South Africa">
            <renewresource name="distributed_solar">
                <smooth-renewable-subresource name="distributed_solar">
                    <maxSubResource fillout="1" year="2075">0.14497</maxSubResource>
                    <mid-price fillout="1" year="2075">1.26</mid-price>
                    <curve-exponent fillout="1" year="2075">1.733</curve-exponent>
                    <gdpSupplyElast fillout="1" year="2075">0.1</gdpSupplyElast>
                </smooth-renewable-subresource>
            </renewresource>
        </region>
        <region name="South America_Northern">
            <renewresource name="distributed_solar">
                <smooth-renewable-subresource name="distributed_solar">
                    <maxSubResource fillout="1" year="2075">0.12648</maxSubResource>
                    <mid-price fillout="1" year="2075">3.68</mid-price>
                    <curve-exponent fillout="1" year="2075">6.187</curve-exponent>
                    <gdpSupplyElast fillout="1" year="2075">0.1</gdpSupplyElast>
                </smooth-renewable-subresource>
            </renewresource>
        </region>
        <region name="South America_Southern">
            <renewresource name="distributed_solar">
                <smooth-renewable-subresource name="distributed_solar">
                    <maxSubResource fillout="1" year="2075">0.35134</maxSubResource>
                    <mid-price fillout="1" year="2075">3.35</mid-price>
                    <curve-exponent fillout="1" year="2075">3.054</curve-exponent>
                    <gdpSupplyElast fillout="1" year="2075">0.1</gdpSupplyElast>
                </smooth-renewable-subresource>
            </renewresource>
        </region>
        <region name="South Asia">
            <renewresource name="distributed_solar">
                <smooth-renewable-subresource name="distributed_solar">
                    <maxSubResource fillout="1" year="2075">1.03716</maxSubResource>
                    <mid-price fillout="1" year="2075">1.38</mid-price>
                    <curve-exponent fillout="1" year="2075">4.794</curve-exponent>
                    <gdpSupplyElast fillout="1" year="2075">0.1</gdpSupplyElast>
                </smooth-renewable-subresource>
            </renewresource>
        </region>
        <region name="South Korea">
            <renewresource name="distributed_solar">
                <smooth-renewable-subresource name="distributed_solar">
                    <maxSubResource fillout="1" year="2075">0.11722</maxSubResource>
                    <mid-price fillout="1" year="2075">1.58</mid-price>
                    <curve-exponent fillout="1" year="2075">15.000</curve-exponent>
                    <gdpSupplyElast fillout="1" year="2075">0.1</gdpSupplyElast>
                </smooth-renewable-subresource>
            </renewresource>
        </region>
        <region name="Southeast Asia">
            <renewresource name="distributed_solar">
                <smooth-renewable-subresource name="distributed_solar">
                    <maxSubResource fillout="1" year="2075">1.55684</maxSubResource>
                    <mid-price fillout="1" year="2075">2.12</mid-price>
                    <curve-exponent fillout="1" year="2075">4.212</curve-exponent>
                    <gdpSupplyElast fillout="1" year="2075">0.1</gdpSupplyElast>
                </smooth-renewable-subresource>
            </renewresource>
        </region>
        <region name="Taiwan">
            <renewresource name="distributed_solar">
                <smooth-renewable-subresource name="distributed_solar">
                    <maxSubResource fillout="1" year="2075">0.15300</maxSubResource>
                    <mid-price fillout="1" year="2075">0.89</mid-price>
                    <curve-exponent fillout="1" year="2075">2.087</curve-exponent>
                    <gdpSupplyElast fillout="1" year="2075">0.1</gdpSupplyElast>
                </smooth-renewable-subresource>
            </renewresource>
        </region>
        <region name="Argentina">
            <renewresource name="distributed_solar">
                <smooth-renewable-subresource name="distributed_solar">
                    <maxSubResource fillout="1" year="2075">0.17760</maxSubResource>
                    <mid-price fillout="1" year="2075">5.05</mid-price>
                    <curve-exponent fillout="1" year="2075">13.161</curve-exponent>
                    <gdpSupplyElast fillout="1" year="2075">0.1</gdpSupplyElast>
                </smooth-renewable-subresource>
            </renewresource>
        </region>
        <region name="Colombia">
            <renewresource name="distributed_solar">
                <smooth-renewable-subresource name="distributed_solar">
                    <maxSubResource fillout="1" year="2075">0.17683</maxSubResource>
                    <mid-price fillout="1" year="2075">4.19</mid-price>
                    <curve-exponent fillout="1" year="2075">4.012</curve-exponent>
                    <gdpSupplyElast fillout="1" year="2075">0.1</gdpSupplyElast>
                </smooth-renewable-subresource>
            </renewresource>
        </region>
        <region name="Uruguay">
            <renewresource name="distributed_solar">
                <smooth-renewable-subresource name="distributed_solar">
                    <maxSubResource fillout="1" year="2075">0.01500</maxSubResource>
                    <mid-price fillout="1" year="2075">0.83</mid-price>
                    <curve-exponent fillout="1" year="2075">9.331</curve-exponent>
                    <gdpSupplyElast fillout="1" year="2075">0.1</gdpSupplyElast>
                </smooth-renewable-subresource>
            </renewresource>
        </region>
    </world>
</scenario>
