<?xml version="1.0" encoding="UTF-8"?>
<scenario>
    <world>
        <region name="USA">
            <renewresource name="distributed_solar">
                <smooth-renewable-subresource name="distributed_solar">
                    <maxSubResource fillout="1" year="1975">2.12337</maxSubResource>
                    <mid-price fillout="1" year="1975">11.26</mid-price>
                    <curve-exponent fillout="1" year="1975">5.647</curve-exponent>
                    <gdpSupplyElast fillout="1" year="1975">0.1</gdpSupplyElast>
                </smooth-renewable-subresource>
            </renewresource>
        </region>
        <region name="Africa_Eastern">
            <renewresource name="distributed_solar">
                <smooth-renewable-subresource name="distributed_solar">
                    <maxSubResource fillout="1" year="1975">0.50439</maxSubResource>
                    <mid-price fillout="1" year="1975">1.84</mid-price>
                    <curve-exponent fillout="1" year="1975">3.085</curve-exponent>
                    <gdpSupplyElast fillout="1" year="1975">0.1</gdpSupplyElast>
                </smooth-renewable-subresource>
            </renewresource>
        </region>
        <region name="Africa_Northern">
            <renewresource name="distributed_solar">
                <smooth-renewable-subresource name="distributed_solar">
                    <maxSubResource fillout="1" year="1975">0.61026</maxSubResource>
                    <mid-price fillout="1" year="1975">2.59</mid-price>
                    <curve-exponent fillout="1" year="1975">3.337</curve-exponent>
                    <gdpSupplyElast fillout="1" year="1975">0.1</gdpSupplyElast>
                </smooth-renewable-subresource>
            </renewresource>
        </region>
        <region name="Africa_Southern">
            <renewresource name="distributed_solar">
                <smooth-renewable-subresource name="distributed_solar">
                    <maxSubResource fillout="1" year="1975">0.28692</maxSubResource>
                    <mid-price fillout="1" year="1975">2.17</mid-price>
                    <curve-exponent fillout="1" year="1975">4.057</curve-exponent>
                    <gdpSupplyElast fillout="1" year="1975">0.1</gdpSupplyElast>
                </smooth-renewable-subresource>
            </renewresource>
        </region>
        <region name="Africa_Western">
            <renewresource name="distributed_solar">
                <smooth-renewable-subresource name="distributed_solar">
                    <maxSubResource fillout="1" year="1975">1.05557</maxSubResource>
                    <mid-price fillout="1" year="1975">3.91</mid-price>
                    <curve-exponent fillout="1" year="1975">3.867</curve-exponent>
                    <gdpSupplyElast fillout="1" year="1975">0.1</gdpSupplyElast>
                </smooth-renewable-subresource>
            </renewresource>
        </region>
        <region name="Australia_NZ">
            <renewresource name="distributed_solar">
                <smooth-renewable-subresource name="distributed_solar">
                    <maxSubResource fillout="1" year="1975">0.37873</maxSubResource>
                    <mid-price fillout="1" year="1975">7.12</mid-price>
                    <curve-exponent fillout="1" year="1975">4.816</curve-exponent>
                    <gdpSupplyElast fillout="1" year="1975">0.1</gdpSupplyElast>
                </smooth-renewable-subresource>
            </renewresource>
        </region>
        <region name="Brazil">
            <renewresource name="distributed_solar">
                <smooth-renewable-subresource name="distributed_solar">
                    <maxSubResource fillout="1" year="1975">0.77745</maxSubResource>
                    <mid-price fillout="1" year="1975">2.89</mid-price>
                    <curve-exponent fillout="1" year="1975">3.983</curve-exponent>
                    <gdpSupplyElast fillout="1" year="1975">0.1</gdpSupplyElast>
                </smooth-renewable-subresource>
            </renewresource>
        </region>
        <region name="Canada">
            <renewresource name="distributed_solar">
                <smooth-renewable-subresource name="distributed_solar">
                    <maxSubResource fillout="1" year="1975">0.16839</maxSubResource>
                    <mid-price fillout="1" year="1975">1.81</mid-price>
                    <curve-exponent fillout="1" year="1975">3.704</curve-exponent>
                    <gdpSupplyElast fillout="1" year="1975">0.1</gdpSupplyElast>
                </smooth-renewable-subresource>
            </renewresource>
        </region>
        <region name="Central America and Caribbean">
            <renewresource name="distributed_solar">
                <smooth-renewable-subresource name="distributed_solar">
                    <maxSubResource fillout="1" year="1975">0.28719</maxSubResource>
                    <mid-price fillout="1" year="1975">1.99</mid-price>
                    <curve-exponent fillout="1" year="1975">3.396</curve-exponent>
                    <gdpSupplyElast fillout="1" year="1975">0.1</gdpSupplyElast>
                </smooth-renewable-subresource>
            </renewresource>
        </region>
        <region name="Central Asia">
            <renewresource name="distributed_solar">
                <smooth-renewable-subresource name="distributed_solar">
                    <maxSubResource fillout="1" year="1975">0.35651</maxSubResource>
                    <mid-price fillout="1" year="1975">14.48</mid-price>
                    <curve-exponent fillout="1" year="1975">9.625</curve-exponent>
                    <gdpSupplyElast fillout="1" year="1975">0.1</gdpSupplyElast>
                </smooth-renewable-subresource>
            </renewresource>
        </region>
        <region name="China">
            <renewresource name="distributed_solar">
                <smooth-renewable-subresource name="distributed_solar">
                    <maxSubResource fillout="1" year="1975">8.13798</maxSubResource>
                    <mid-price fillout="1" year="1975">3.93</mid-price>
                    <curve-exponent fillout="1" year="1975">5.416</curve-exponent>
                    <gdpSupplyElast fillout="1" year="1975">0.1</gdpSupplyElast>
                </smooth-renewable-subresource>
            </renewresource>
        </region>
        <region name="EU-12">
            <renewresource name="distributed_solar">
                <smooth-renewable-subresource name="distributed_solar">
                    <maxSubResource fillout="1" year="1975">0.52394</maxSubResource>
                    <mid-price fillout="1" year="1975">6.61</mid-price>
                    <curve-exponent fillout="1" year="1975">5.417</curve-exponent>
                    <gdpSupplyElast fillout="1" year="1975">0.1</gdpSupplyElast>
                </smooth-renewable-subresource>
            </renewresource>
        </region>
        <region name="EU-15">
            <renewresource name="distributed_solar">
                <smooth-renewable-subresource name="distributed_solar">
                    <maxSubResource fillout="1" year="1975">1.78006</maxSubResource>
                    <mid-price fillout="1" year="1975">7.44</mid-price>
                    <curve-exponent fillout="1" year="1975">3.657</curve-exponent>
                    <gdpSupplyElast fillout="1" year="1975">0.1</gdpSupplyElast>
                </smooth-renewable-subresource>
            </renewresource>
        </region>
        <region name="Europe_Eastern">
            <renewresource name="distributed_solar">
                <smooth-renewable-subresource name="distributed_solar">
                    <maxSubResource fillout="1" year="1975">0.22168</maxSubResource>
                    <mid-price fillout="1" year="1975">17.46</mid-price>
                    <curve-exponent fillout="1" year="1975">10.960</curve-exponent>
                    <gdpSupplyElast fillout="1" year="1975">0.1</gdpSupplyElast>
                </smooth-renewable-subresource>
            </renewresource>
        </region>
        <region name="Europe_Non_EU">
            <renewresource name="distributed_solar">
                <smooth-renewable-subresource name="distributed_solar">
                    <maxSubResource fillout="1" year="1975">0.32793</maxSubResource>
                    <mid-price fillout="1" year="1975">11.37</mid-price>
                    <curve-exponent fillout="1" year="1975">5.861</curve-exponent>
                    <gdpSupplyElast fillout="1" year="1975">0.1</gdpSupplyElast>
                </smooth-renewable-subresource>
            </renewresource>
        </region>
        <region name="European Free Trade Association">
            <renewresource name="distributed_solar">
                <smooth-renewable-subresource name="distributed_solar">
                    <maxSubResource fillout="1" year="1975">0.04265</maxSubResource>
                    <mid-price fillout="1" year="1975">1.06</mid-price>
                    <curve-exponent fillout="1" year="1975">6.929</curve-exponent>
                    <gdpSupplyElast fillout="1" year="1975">0.1</gdpSupplyElast>
                </smooth-renewable-subresource>
            </renewresource>
        </region>
        <region name="India">
            <renewresource name="distributed_solar">
                <smooth-renewable-subresource name="distributed_solar">
                    <maxSubResource fillout="1" year="1975">3.63410</maxSubResource>
                    <mid-price fillout="1" year="1975">1.35</mid-price>
                    <curve-exponent fillout="1" year="1975">5.853</curve-exponent>
                    <gdpSupplyElast fillout="1" year="1975">0.1</gdpSupplyElast>
                </smooth-renewable-subresource>
            </renewresource>
        </region>
        <region name="Indonesia">
            <renewresource name="distributed_solar">
                <smooth-renewable-subresource name="distributed_solar">
                    <maxSubResource fillout="1" year="1975">0.93393</maxSubResource>
                    <mid-price fillout="1" year="1975">1.88</mid-price>
                    <curve-exponent fillout="1" year="1975">5.215</curve-exponent>
                    <gdpSupplyElast fillout="1" year="1975">0.1</gdpSupplyElast>
                </smooth-renewable-subresource>
            </renewresource>
        </region>
        <region name="Japan">
            <renewresource name="distributed_solar">
                <smooth-renewable-subresource name="distributed_solar">
                    <maxSubResource fillout="1" year="1975">0.28798</maxSubResource>
                    <mid-price fillout="1" year="1975">3.32</mid-price>
                    <curve-exponent fillout="1" year="1975">5.959</curve-exponent>
                    <gdpSupplyElast fillout="1" year="1975">0.1</gdpSupplyElast>
                </smooth-renewable-subresource>
            </renewresource>
        </region>
        <region name="Mexico">
            <renewresource name="distributed_solar">
                <smooth-renewable-subresource name="distributed_solar">
                    <maxSubResource fillout="1" year="1975">0.76185</maxSubResource>
                    <mid-price fillout="1" year="1975">1.03</mid-price>
                    <curve-exponent fillout="1" year="1975">2.092</curve-exponent>
                    <gdpSupplyElast fillout="1" year="1975">0.1</gdpSupplyElast>
                </smooth-renewable-subresource>
            </renewresource>
        </region>
        <region name="Middle East">
            <renewresource name="distributed_solar">
                <smooth-renewable-subresource name="distributed_solar">
                    <maxSubResource fillout="1" year="1975">0.97419</maxSubResource>
                    <mid-price fillout="1" year="1975">8.92</mid-price>
                    <curve-exponent fillout="1" year="1975">9.193</curve-exponent>
                    <gdpSupplyElast fillout="1" year="1975">0.1</gdpSupplyElast>
                </smooth-renewable-subresource>
            </renewresource>
        </region>
        <region name="Pakistan">
            <renewresource name="distributed_solar">
                <smooth-renewable-subresource name="distributed_solar">
                    <maxSubResource fillout="1" year="1975">0.82362</maxSubResource>
                    <mid-price fillout="1" year="1975">1.29</mid-price>
                    <curve-exponent fillout="1" year="1975">6.197</curve-exponent>
                    <gdpSupplyElast fillout="1" year="1975">0.1</gdpSupplyElast>
                </smooth-renewable-subresource>
            </renewresource>
        </region>
        <region name="Russia">
            <renewresource name="distributed_solar">
                <smooth-renewable-subresource name="distributed_solar">
                    <maxSubResource fillout="1" year="1975">0.56621</maxSubResource>
                    <mid-price fillout="1" year="1975">22.30</mid-price>
                    <curve-exponent fillout="1" year="1975">10.553</curve-exponent>
                    <gdpSupplyElast fillout="1" year="1975">0.1</gdpSupplyElast>
                </smooth-renewable-subresource>
            </renewresource>
        </region>
        <region name="South Africa">
            <renewresource name="distributed_solar">
                <smooth-renewable-subresource name="distributed_solar">
                    <maxSubResource fillout="1" year="1975">0.14602</maxSubResource>
                    <mid-price fillout="1" year="1975">1.59</mid-price>
                    <curve-exponent fillout="1" year="1975">2.258</curve-exponent>
                    <gdpSupplyElast fillout="1" year="1975">0.1</gdpSupplyElast>
                </smooth-renewable-subresource>
            </renewresource>
        </region>
        <region name="South America_Northern">
            <renewresource name="distributed_solar">
                <smooth-renewable-subresource name="distributed_solar">
                    <maxSubResource fillout="1" year="1975">0.13042</maxSubResource>
                    <mid-price fillout="1" year="1975">3.24</mid-price>
                    <curve-exponent fillout="1" year="1975">6.452</curve-exponent>
                    <gdpSupplyElast fillout="1" year="1975">0.1</gdpSupplyElast>
                </smooth-renewable-subresource>
            </renewresource>
        </region>
        <region name="South America_Southern">
            <renewresource name="distributed_solar">
                <smooth-renewable-subresource name="distributed_solar">
                    <maxSubResource fillout="1" year="1975">0.34653</maxSubResource>
                    <mid-price fillout="1" year="1975">3.66</mid-price>
                    <curve-exponent fillout="1" year="1975">3.316</curve-exponent>
                    <gdpSupplyElast fillout="1" year="1975">0.1</gdpSupplyElast>
                </smooth-renewable-subresource>
            </renewresource>
        </region>
        <region name="South Asia">
            <renewresource name="distributed_solar">
                <smooth-renewable-subresource name="distributed_solar">
                    <maxSubResource fillout="1" year="1975">1.04567</maxSubResource>
                    <mid-price fillout="1" year="1975">1.33</mid-price>
                    <curve-exponent fillout="1" year="1975">4.785</curve-exponent>
                    <gdpSupplyElast fillout="1" year="1975">0.1</gdpSupplyElast>
                </smooth-renewable-subresource>
            </renewresource>
        </region>
        <region name="South Korea">
            <renewresource name="distributed_solar">
                <smooth-renewable-subresource name="distributed_solar">
                    <maxSubResource fillout="1" year="1975">0.11572</maxSubResource>
                    <mid-price fillout="1" year="1975">1.58</mid-price>
                    <curve-exponent fillout="1" year="1975">12.753</curve-exponent>
                    <gdpSupplyElast fillout="1" year="1975">0.1</gdpSupplyElast>
                </smooth-renewable-subresource>
            </renewresource>
        </region>
        <region name="Southeast Asia">
            <renewresource name="distributed_solar">
                <smooth-renewable-subresource name="distributed_solar">
                    <maxSubResource fillout="1" year="1975">1.65662</maxSubResource>
                    <mid-price fillout="1" year="1975">1.48</mid-price>
                    <curve-exponent fillout="1" year="1975">3.066</curve-exponent>
                    <gdpSupplyElast fillout="1" year="1975">0.1</gdpSupplyElast>
                </smooth-renewable-subresource>
            </renewresource>
        </region>
        <region name="Taiwan">
            <renewresource name="distributed_solar">
                <smooth-renewable-subresource name="distributed_solar">
                    <maxSubResource fillout="1" year="1975">0.15231</maxSubResource>
                    <mid-price fillout="1" year="1975">1.09</mid-price>
                    <curve-exponent fillout="1" year="1975">2.358</curve-exponent>
                    <gdpSupplyElast fillout="1" year="1975">0.1</gdpSupplyElast>
                </smooth-renewable-subresource>
            </renewresource>
        </region>
        <region name="Argentina">
            <renewresource name="distributed_solar">
                <smooth-renewable-subresource name="distributed_solar">
                    <maxSubResource fillout="1" year="1975">0.17629</maxSubResource>
                    <mid-price fillout="1" year="1975">5.22</mid-price>
                    <curve-exponent fillout="1" year="1975">13.570</curve-exponent>
                    <gdpSupplyElast fillout="1" year="1975">0.1</gdpSupplyElast>
                </smooth-renewable-subresource>
            </renewresource>
        </region>
        <region name="Colombia">
            <renewresource name="distributed_solar">
                <smooth-renewable-subresource name="distributed_solar">
                    <maxSubResource fillout="1" year="1975">0.18055</maxSubResource>
                    <mid-price fillout="1" year="1975">4.08</mid-price>
                    <curve-exponent fillout="1" year="1975">4.045</curve-exponent>
                    <gdpSupplyElast fillout="1" year="1975">0.1</gdpSupplyElast>
                </smooth-renewable-subresource>
            </renewresource>
        </region>
        <region name="Uruguay">
            <renewresource name="distributed_solar">
                <smooth-renewable-subresource name="distributed_solar">
                    <maxSubResource fillout="1" year="1975">0.01479</maxSubResource>
                    <mid-price fillout="1" year="1975">0.84</mid-price>
                    <curve-exponent fillout="1" year="1975">9.378</curve-exponent>
                    <gdpSupplyElast fillout="1" year="1975">0.1</gdpSupplyElast>
                </smooth-renewable-subresource>
            </renewresource>
        </region>
    </world>
</scenario>
