<?xml version="1.0" encoding="UTF-8"?>
<scenario>
    <world>
        <region name="USA">
            <renewresource name="distributed_solar">
                <smooth-renewable-subresource name="distributed_solar">
                    <maxSubResource fillout="1" year="2075">2.20903</maxSubResource>
                    <mid-price fillout="1" year="2075">10.32</mid-price>
                    <curve-exponent fillout="1" year="2075">6.772</curve-exponent>
                    <gdpSupplyElast fillout="1" year="2075">0.1</gdpSupplyElast>
                </smooth-renewable-subresource>
            </renewresource>
        </region>
        <region name="Africa_Eastern">
            <renewresource name="distributed_solar">
                <smooth-renewable-subresource name="distributed_solar">
                    <maxSubResource fillout="1" year="2075">0.49891</maxSubResource>
                    <mid-price fillout="1" year="2075">1.68</mid-price>
                    <curve-exponent fillout="1" year="2075">2.974</curve-exponent>
                    <gdpSupplyElast fillout="1" year="2075">0.1</gdpSupplyElast>
                </smooth-renewable-subresource>
            </renewresource>
        </region>
        <region name="Africa_Northern">
            <renewresource name="distributed_solar">
                <smooth-renewable-subresource name="distributed_solar">
                    <maxSubResource fillout="1" year="2075">0.62679</maxSubResource>
                    <mid-price fillout="1" year="2075">2.21</mid-price>
                    <curve-exponent fillout="1" year="2075">3.324</curve-exponent>
                    <gdpSupplyElast fillout="1" year="2075">0.1</gdpSupplyElast>
                </smooth-renewable-subresource>
            </renewresource>
        </region>
        <region name="Africa_Southern">
            <renewresource name="distributed_solar">
                <smooth-renewable-subresource name="distributed_solar">
                    <maxSubResource fillout="1" year="2075">0.29004</maxSubResource>
                    <mid-price fillout="1" year="2075">1.56</mid-price>
                    <curve-exponent fillout="1" year="2075">3.156</curve-exponent>
                    <gdpSupplyElast fillout="1" year="2075">0.1</gdpSupplyElast>
                </smooth-renewable-subresource>
            </renewresource>
        </region>
        <region name="Africa_Western">
            <renewresource name="distributed_solar">
                <smooth-renewable-subresource name="distributed_solar">
                    <maxSubResource fillout="1" year="2075">1.06820</maxSubResource>
                    <mid-price fillout="1" year="2075">3.11</mid-price>
                    <curve-exponent fillout="1" year="2075">3.828</curve-exponent>
                    <gdpSupplyElast fillout="1" year="2075">0.1</gdpSupplyElast>
                </smooth-renewable-subresource>
            </renewresource>
        </region>
        <region name="Australia_NZ">
            <renewresource name="distributed_solar">
                <smooth-renewable-subresource name="distributed_solar">
                    <maxSubResource fillout="1" year="2075">0.39504</maxSubResource>
                    <mid-price fillout="1" year="2075">5.80</mid-price>
                    <curve-exponent fillout="1" year="2075">4.802</curve-exponent>
                    <gdpSupplyElast fillout="1" year="2075">0.1</gdpSupplyElast>
                </smooth-renewable-subresource>
            </renewresource>
        </region>
        <region name="Brazil">
            <renewresource name="distributed_solar">
                <smooth-renewable-subresource name="distributed_solar">
                    <maxSubResource fillout="1" year="2075">0.78532</maxSubResource>
                    <mid-price fillout="1" year="2075">2.63</mid-price>
                    <curve-exponent fillout="1" year="2075">4.203</curve-exponent>
                    <gdpSupplyElast fillout="1" year="2075">0.1</gdpSupplyElast>
                </smooth-renewable-subresource>
            </renewresource>
        </region>
        <region name="Canada">
            <renewresource name="distributed_solar">
                <smooth-renewable-subresource name="distributed_solar">
                    <maxSubResource fillout="1" year="2075">0.17863</maxSubResource>
                    <mid-price fillout="1" year="2075">1.59</mid-price>
                    <curve-exponent fillout="1" year="2075">2.652</curve-exponent>
                    <gdpSupplyElast fillout="1" year="2075">0.1</gdpSupplyElast>
                </smooth-renewable-subresource>
            </renewresource>
        </region>
        <region name="Central America and Caribbean">
            <renewresource name="distributed_solar">
                <smooth-renewable-subresource name="distributed_solar">
                    <maxSubResource fillout="1" year="2075">0.29229</maxSubResource>
                    <mid-price fillout="1" year="2075">1.76</mid-price>
                    <curve-exponent fillout="1" year="2075">3.374</curve-exponent>
                    <gdpSupplyElast fillout="1" year="2075">0.1</gdpSupplyElast>
                </smooth-renewable-subresource>
            </renewresource>
        </region>
        <region name="Central Asia">
            <renewresource name="distributed_solar">
                <smooth-renewable-subresource name="distributed_solar">
                    <maxSubResource fillout="1" year="2075">0.36936</maxSubResource>
                    <mid-price fillout="1" year="2075">13.83</mid-price>
                    <curve-exponent fillout="1" year="2075">10.204</curve-exponent>
                    <gdpSupplyElast fillout="1" year="2075">0.1</gdpSupplyElast>
                </smooth-renewable-subresource>
            </renewresource>
        </region>
        <region name="China">
            <renewresource name="distributed_solar">
                <smooth-renewable-subresource name="distributed_solar">
                    <maxSubResource fillout="1" year="2075">8.57602</maxSubResource>
                    <mid-price fillout="1" year="2075">3.42</mid-price>
                    <curve-exponent fillout="1" year="2075">6.208</curve-exponent>
                    <gdpSupplyElast fillout="1" year="2075">0.1</gdpSupplyElast>
                </smooth-renewable-subresource>
            </renewresource>
        </region>
        <region name="EU-12">
            <renewresource name="distributed_solar">
                <smooth-renewable-subresource name="distributed_solar">
                    <maxSubResource fillout="1" year="2075">0.57564</maxSubResource>
                    <mid-price fillout="1" year="2075">5.39</mid-price>
                    <curve-exponent fillout="1" year="2075">5.019</curve-exponent>
                    <gdpSupplyElast fillout="1" year="2075">0.1</gdpSupplyElast>
                </smooth-renewable-subresource>
            </renewresource>
        </region>
        <region name="EU-15">
            <renewresource name="distributed_solar">
                <smooth-renewable-subresource name="distributed_solar">
                    <maxSubResource fillout="1" year="2075">1.91439</maxSubResource>
                    <mid-price fillout="1" year="2075">6.37</mid-price>
                    <curve-exponent fillout="1" year="2075">3.781</curve-exponent>
                    <gdpSupplyElast fillout="1" year="2075">0.1</gdpSupplyElast>
                </smooth-renewable-subresource>
            </renewresource>
        </region>
        <region name="Europe_Eastern">
            <renewresource name="distributed_solar">
                <smooth-renewable-subresource name="distributed_solar">
                    <maxSubResource fillout="1" year="2075">0.24272</maxSubResource>
                    <mid-price fillout="1" year="2075">15.78</mid-price>
                    <curve-exponent fillout="1" year="2075">10.331</curve-exponent>
                    <gdpSupplyElast fillout="1" year="2075">0.1</gdpSupplyElast>
                </smooth-renewable-subresource>
            </renewresource>
        </region>
        <region name="Europe_Non_EU">
            <renewresource name="distributed_solar">
                <smooth-renewable-subresource name="distributed_solar">
                    <maxSubResource fillout="1" year="2075">0.35800</maxSubResource>
                    <mid-price fillout="1" year="2075">10.61</mid-price>
                    <curve-exponent fillout="1" year="2075">7.563</curve-exponent>
                    <gdpSupplyElast fillout="1" year="2075">0.1</gdpSupplyElast>
                </smooth-renewable-subresource>
            </renewresource>
        </region>
        <region name="European Free Trade Association">
            <renewresource name="distributed_solar">
                <smooth-renewable-subresource name="distributed_solar">
                    <maxSubResource fillout="1" year="2075">0.04521</maxSubResource>
                    <mid-price fillout="1" year="2075">1.03</mid-price>
                    <curve-exponent fillout="1" year="2075">6.432</curve-exponent>
                    <gdpSupplyElast fillout="1" year="2075">0.1</gdpSupplyElast>
                </smooth-renewable-subresource>
            </renewresource>
        </region>
        <region name="India">
            <renewresource name="distributed_solar">
                <smooth-renewable-subresource name="distributed_solar">
                    <maxSubResource fillout="1" year="2075">3.55085</maxSubResource>
                    <mid-price fillout="1" year="2075">1.26</mid-price>
                    <curve-exponent fillout="1" year="2075">5.278</curve-exponent>
                    <gdpSupplyElast fillout="1" year="2075">0.1</gdpSupplyElast>
                </smooth-renewable-subresource>
            </renewresource>
        </region>
        <region name="Indonesia">
            <renewresource name="distributed_solar">
                <smooth-renewable-subresource name="distributed_solar">
                    <maxSubResource fillout="1" year="2075">0.91704</maxSubResource>
                    <mid-price fillout="1" year="2075">1.99</mid-price>
                    <curve-exponent fillout="1" year="2075">5.452</curve-exponent>
                    <gdpSupplyElast fillout="1" year="2075">0.1</gdpSupplyElast>
                </smooth-renewable-subresource>
            </renewresource>
        </region>
        <region name="Japan">
            <renewresource name="distributed_solar">
                <smooth-renewable-subresource name="distributed_solar">
                    <maxSubResource fillout="1" year="2075">0.31498</maxSubResource>
                    <mid-price fillout="1" year="2075">2.05</mid-price>
                    <curve-exponent fillout="1" year="2075">4.825</curve-exponent>
                    <gdpSupplyElast fillout="1" year="2075">0.1</gdpSupplyElast>
                </smooth-renewable-subresource>
            </renewresource>
        </region>
        <region name="Mexico">
            <renewresource name="distributed_solar">
                <smooth-renewable-subresource name="distributed_solar">
                    <maxSubResource fillout="1" year="2075">0.79082</maxSubResource>
                    <mid-price fillout="1" year="2075">0.75</mid-price>
                    <curve-exponent fillout="1" year="2075">1.706</curve-exponent>
                    <gdpSupplyElast fillout="1" year="2075">0.1</gdpSupplyElast>
                </smooth-renewable-subresource>
            </renewresource>
        </region>
        <region name="Middle East">
            <renewresource name="distributed_solar">
                <smooth-renewable-subresource name="distributed_solar">
                    <maxSubResource fillout="1" year="2075">0.99750</maxSubResource>
                    <mid-price fillout="1" year="2075">8.33</mid-price>
                    <curve-exponent fillout="1" year="2075">12.380</curve-exponent>
                    <gdpSupplyElast fillout="1" year="2075">0.1</gdpSupplyElast>
                </smooth-renewable-subresource>
            </renewresource>
        </region>
        <region name="Pakistan">
            <renewresource name="distributed_solar">
                <smooth-renewable-subresource name="distributed_solar">
                    <maxSubResource fillout="1" year="2075">0.81038</maxSubResource>
                    <mid-price fillout="1" year="2075">1.23</mid-price>
                    <curve-exponent fillout="1" year="2075">5.312</curve-exponent>
                    <gdpSupplyElast fillout="1" year="2075">0.1</gdpSupplyElast>
                </smooth-renewable-subresource>
            </renewresource>
        </region>
        <region name="Russia">
            <renewresource name="distributed_solar">
                <smooth-renewable-subresource name="distributed_solar">
                    <maxSubResource fillout="1" year="2075">0.59779</maxSubResource>
                    <mid-price fillout="1" year="2075">20.79</mid-price>
                    <curve-exponent fillout="1" year="2075">11.586</curve-exponent>
                    <gdpSupplyElast fillout="1" year="2075">0.1</gdpSupplyElast>
                </smooth-renewable-subresource>
            </renewresource>
        </region>
        <region name="South Africa">
            <renewresource name="distributed_solar">
                <smooth-renewable-subresource name="distributed_solar">
                    <maxSubResource fillout="1" year="2075">0.14815</maxSubResource>
                    <mid-price fillout="1" year="2075">1.09</mid-price>
                    <curve-exponent fillout="1" year="2075">1.613</curve-exponent>
                    <gdpSupplyElast fillout="1" year="2075">0.1</gdpSupplyElast>
                </smooth-renewable-subresource>
            </renewresource>
        </region>
        <region name="South America_Northern">
            <renewresource name="distributed_solar">
                <smooth-renewable-subresource name="distributed_solar">
                    <maxSubResource fillout="1" year="2075">0.13450</maxSubResource>
                    <mid-price fillout="1" year="2075">2.58</mid-price>
                    <curve-exponent fillout="1" year="2075">5.828</curve-exponent>
                    <gdpSupplyElast fillout="1" year="2075">0.1</gdpSupplyElast>
                </smooth-renewable-subresource>
            </renewresource>
        </region>
        <region name="South America_Southern">
            <renewresource name="distributed_solar">
                <smooth-renewable-subresource name="distributed_solar">
                    <maxSubResource fillout="1" year="2075">0.36250</maxSubResource>
                    <mid-price fillout="1" year="2075">3.19</mid-price>
                    <curve-exponent fillout="1" year="2075">3.262</curve-exponent>
                    <gdpSupplyElast fillout="1" year="2075">0.1</gdpSupplyElast>
                </smooth-renewable-subresource>
            </renewresource>
        </region>
        <region name="South Asia">
            <renewresource name="distributed_solar">
                <smooth-renewable-subresource name="distributed_solar">
                    <maxSubResource fillout="1" year="2075">1.03201</maxSubResource>
                    <mid-price fillout="1" year="2075">1.42</mid-price>
                    <curve-exponent fillout="1" year="2075">4.290</curve-exponent>
                    <gdpSupplyElast fillout="1" year="2075">0.1</gdpSupplyElast>
                </smooth-renewable-subresource>
            </renewresource>
        </region>
        <region name="South Korea">
            <renewresource name="distributed_solar">
                <smooth-renewable-subresource name="distributed_solar">
                    <maxSubResource fillout="1" year="2075">0.12503</maxSubResource>
                    <mid-price fillout="1" year="2075">1.32</mid-price>
                    <curve-exponent fillout="1" year="2075">15.000</curve-exponent>
                    <gdpSupplyElast fillout="1" year="2075">0.1</gdpSupplyElast>
                </smooth-renewable-subresource>
            </renewresource>
        </region>
        <region name="Southeast Asia">
            <renewresource name="distributed_solar">
                <smooth-renewable-subresource name="distributed_solar">
                    <maxSubResource fillout="1" year="2075">1.62961</maxSubResource>
                    <mid-price fillout="1" year="2075">1.66</mid-price>
                    <curve-exponent fillout="1" year="2075">3.339</curve-exponent>
                    <gdpSupplyElast fillout="1" year="2075">0.1</gdpSupplyElast>
                </smooth-renewable-subresource>
            </renewresource>
        </region>
        <region name="Taiwan">
            <renewresource name="distributed_solar">
                <smooth-renewable-subresource name="distributed_solar">
                    <maxSubResource fillout="1" year="2075">0.16106</maxSubResource>
                    <mid-price fillout="1" year="2075">0.67</mid-price>
                    <curve-exponent fillout="1" year="2075">2.208</curve-exponent>
                    <gdpSupplyElast fillout="1" year="2075">0.1</gdpSupplyElast>
                </smooth-renewable-subresource>
            </renewresource>
        </region>
        <region name="Argentina">
            <renewresource name="distributed_solar">
                <smooth-renewable-subresource name="distributed_solar">
                    <maxSubResource fillout="1" year="2075">0.18142</maxSubResource>
                    <mid-price fillout="1" year="2075">4.71</mid-price>
                    <curve-exponent fillout="1" year="2075">11.801</curve-exponent>
                    <gdpSupplyElast fillout="1" year="2075">0.1</gdpSupplyElast>
                </smooth-renewable-subresource>
            </renewresource>
        </region>
        <region name="Colombia">
            <renewresource name="distributed_solar">
                <smooth-renewable-subresource name="distributed_solar">
                    <maxSubResource fillout="1" year="2075">0.19089</maxSubResource>
                    <mid-price fillout="1" year="2075">3.37</mid-price>
                    <curve-exponent fillout="1" year="2075">4.211</curve-exponent>
                    <gdpSupplyElast fillout="1" year="2075">0.1</gdpSupplyElast>
                </smooth-renewable-subresource>
            </renewresource>
        </region>
        <region name="Uruguay">
            <renewresource name="distributed_solar">
                <smooth-renewable-subresource name="distributed_solar">
                    <maxSubResource fillout="1" year="2075">0.01529</maxSubResource>
                    <mid-price fillout="1" year="2075">0.81</mid-price>
                    <curve-exponent fillout="1" year="2075">8.756</curve-exponent>
                    <gdpSupplyElast fillout="1" year="2075">0.1</gdpSupplyElast>
                </smooth-renewable-subresource>
            </renewresource>
        </region>
    </world>
</scenario>
