<?xml version="1.0" encoding="UTF-8"?>
<scenario>
    <world>
        <region name="USA">
            <renewresource name="onshore wind resource">
                <smooth-renewable-subresource name="onshore wind resource">
                    <maxSubResource fillout="1" year="1975">30.18107</maxSubResource>
                    <mid-price fillout="1" year="1975">2.60</mid-price>
                    <curve-exponent fillout="1" year="1975">3.037</curve-exponent>
                </smooth-renewable-subresource>
            </renewresource>
        </region>
        <region name="Africa_Eastern">
            <renewresource name="onshore wind resource">
                <smooth-renewable-subresource name="onshore wind resource">
                    <maxSubResource fillout="1" year="1975">41.53426</maxSubResource>
                    <mid-price fillout="1" year="1975">6.66</mid-price>
                    <curve-exponent fillout="1" year="1975">4.262</curve-exponent>
                </smooth-renewable-subresource>
            </renewresource>
        </region>
        <region name="Africa_Northern">
            <renewresource name="onshore wind resource">
                <smooth-renewable-subresource name="onshore wind resource">
                    <maxSubResource fillout="1" year="1975">72.18710</maxSubResource>
                    <mid-price fillout="1" year="1975">8.33</mid-price>
                    <curve-exponent fillout="1" year="1975">5.696</curve-exponent>
                </smooth-renewable-subresource>
            </renewresource>
        </region>
        <region name="Africa_Southern">
            <renewresource name="onshore wind resource">
                <smooth-renewable-subresource name="onshore wind resource">
                    <maxSubResource fillout="1" year="1975">8.87151</maxSubResource>
                    <mid-price fillout="1" year="1975">2.61</mid-price>
                    <curve-exponent fillout="1" year="1975">1.996</curve-exponent>
                </smooth-renewable-subresource>
            </renewresource>
        </region>
        <region name="Africa_Western">
            <renewresource name="onshore wind resource">
                <smooth-renewable-subresource name="onshore wind resource">
                    <maxSubResource fillout="1" year="1975">59.87735</maxSubResource>
                    <mid-price fillout="1" year="1975">8.03</mid-price>
                    <curve-exponent fillout="1" year="1975">5.115</curve-exponent>
                </smooth-renewable-subresource>
            </renewresource>
        </region>
        <region name="Australia_NZ">
            <renewresource name="onshore wind resource">
                <smooth-renewable-subresource name="onshore wind resource">
                    <maxSubResource fillout="1" year="1975">96.23133</maxSubResource>
                    <mid-price fillout="1" year="1975">4.63</mid-price>
                    <curve-exponent fillout="1" year="1975">3.415</curve-exponent>
                </smooth-renewable-subresource>
            </renewresource>
        </region>
        <region name="Brazil">
            <renewresource name="onshore wind resource">
                <smooth-renewable-subresource name="onshore wind resource">
                    <maxSubResource fillout="1" year="1975">4.52308</maxSubResource>
                    <mid-price fillout="1" year="1975">3.73</mid-price>
                    <curve-exponent fillout="1" year="1975">5.202</curve-exponent>
                </smooth-renewable-subresource>
            </renewresource>
        </region>
        <region name="Canada">
            <renewresource name="onshore wind resource">
                <smooth-renewable-subresource name="onshore wind resource">
                    <maxSubResource fillout="1" year="1975">46.99230</maxSubResource>
                    <mid-price fillout="1" year="1975">10.65</mid-price>
                    <curve-exponent fillout="1" year="1975">6.167</curve-exponent>
                </smooth-renewable-subresource>
            </renewresource>
        </region>
        <region name="Central America and Caribbean">
            <renewresource name="onshore wind resource">
                <smooth-renewable-subresource name="onshore wind resource">
                    <maxSubResource fillout="1" year="1975">0.28765</maxSubResource>
                    <mid-price fillout="1" year="1975">0.27</mid-price>
                    <curve-exponent fillout="1" year="1975">1.000</curve-exponent>
                </smooth-renewable-subresource>
            </renewresource>
        </region>
        <region name="Central Asia">
            <renewresource name="onshore wind resource">
                <smooth-renewable-subresource name="onshore wind resource">
                    <maxSubResource fillout="1" year="1975">61.04765</maxSubResource>
                    <mid-price fillout="1" year="1975">2.28</mid-price>
                    <curve-exponent fillout="1" year="1975">1.990</curve-exponent>
                </smooth-renewable-subresource>
            </renewresource>
        </region>
        <region name="China">
            <renewresource name="onshore wind resource">
                <smooth-renewable-subresource name="onshore wind resource">
                    <maxSubResource fillout="1" year="1975">17.37700</maxSubResource>
                    <mid-price fillout="1" year="1975">2.34</mid-price>
                    <curve-exponent fillout="1" year="1975">1.481</curve-exponent>
                </smooth-renewable-subresource>
            </renewresource>
        </region>
        <region name="EU-12">
            <renewresource name="onshore wind resource">
                <smooth-renewable-subresource name="onshore wind resource">
                    <maxSubResource fillout="1" year="1975">0.99415</maxSubResource>
                    <mid-price fillout="1" year="1975">2.96</mid-price>
                    <curve-exponent fillout="1" year="1975">1.000</curve-exponent>
                </smooth-renewable-subresource>
            </renewresource>
        </region>
        <region name="EU-15">
            <renewresource name="onshore wind resource">
                <smooth-renewable-subresource name="onshore wind resource">
                    <maxSubResource fillout="1" year="1975">6.60102</maxSubResource>
                    <mid-price fillout="1" year="1975">2.94</mid-price>
                    <curve-exponent fillout="1" year="1975">1.559</curve-exponent>
                </smooth-renewable-subresource>
            </renewresource>
        </region>
        <region name="Europe_Eastern">
            <renewresource name="onshore wind resource">
                <smooth-renewable-subresource name="onshore wind resource">
                    <maxSubResource fillout="1" year="1975">1.80745</maxSubResource>
                    <mid-price fillout="1" year="1975">0.27</mid-price>
                    <curve-exponent fillout="1" year="1975">1.000</curve-exponent>
                </smooth-renewable-subresource>
            </renewresource>
        </region>
        <region name="Europe_Non_EU">
            <renewresource name="onshore wind resource">
                <smooth-renewable-subresource name="onshore wind resource">
                    <maxSubResource fillout="1" year="1975">0.18390</maxSubResource>
                    <mid-price fillout="1" year="1975">0.15</mid-price>
                    <curve-exponent fillout="1" year="1975">1.000</curve-exponent>
                </smooth-renewable-subresource>
            </renewresource>
        </region>
        <region name="European Free Trade Association">
            <renewresource name="onshore wind resource">
                <smooth-renewable-subresource name="onshore wind resource">
                    <maxSubResource fillout="1" year="1975">1.67811</maxSubResource>
                    <mid-price fillout="1" year="1975">10.25</mid-price>
                    <curve-exponent fillout="1" year="1975">3.345</curve-exponent>
                </smooth-renewable-subresource>
            </renewresource>
        </region>
        <region name="India">
            <renewresource name="onshore wind resource">
                <smooth-renewable-subresource name="onshore wind resource">
                    <maxSubResource fillout="1" year="1975">5.22860</maxSubResource>
                    <mid-price fillout="1" year="1975">0.14</mid-price>
                    <curve-exponent fillout="1" year="1975">1.000</curve-exponent>
                </smooth-renewable-subresource>
            </renewresource>
        </region>
        <region name="Indonesia">
            <renewresource name="onshore wind resource">
                <smooth-renewable-subresource name="onshore wind resource">
                    <maxSubResource fillout="1" year="1975">0.02902</maxSubResource>
                    <mid-price fillout="1" year="1975">0.03</mid-price>
                    <curve-exponent fillout="1" year="1975">9.429</curve-exponent>
                </smooth-renewable-subresource>
            </renewresource>
        </region>
        <region name="Japan">
            <renewresource name="onshore wind resource">
                <smooth-renewable-subresource name="onshore wind resource">
                    <maxSubResource fillout="1" year="1975">0.14386</maxSubResource>
                    <mid-price fillout="1" year="1975">2.94</mid-price>
                    <curve-exponent fillout="1" year="1975">11.827</curve-exponent>
                </smooth-renewable-subresource>
            </renewresource>
        </region>
        <region name="Mexico">
            <renewresource name="onshore wind resource">
                <smooth-renewable-subresource name="onshore wind resource">
                    <maxSubResource fillout="1" year="1975">1.55236</maxSubResource>
                    <mid-price fillout="1" year="1975">3.38</mid-price>
                    <curve-exponent fillout="1" year="1975">1.246</curve-exponent>
                </smooth-renewable-subresource>
            </renewresource>
        </region>
        <region name="Middle East">
            <renewresource name="onshore wind resource">
                <smooth-renewable-subresource name="onshore wind resource">
                    <maxSubResource fillout="1" year="1975">20.32269</maxSubResource>
                    <mid-price fillout="1" year="1975">3.24</mid-price>
                    <curve-exponent fillout="1" year="1975">1.117</curve-exponent>
                </smooth-renewable-subresource>
            </renewresource>
        </region>
        <region name="Pakistan">
            <renewresource name="onshore wind resource">
                <smooth-renewable-subresource name="onshore wind resource">
                    <maxSubResource fillout="1" year="1975">2.72324</maxSubResource>
                    <mid-price fillout="1" year="1975">6.54</mid-price>
                    <curve-exponent fillout="1" year="1975">2.738</curve-exponent>
                </smooth-renewable-subresource>
            </renewresource>
        </region>
        <region name="Russia">
            <renewresource name="onshore wind resource">
                <smooth-renewable-subresource name="onshore wind resource">
                    <maxSubResource fillout="1" year="1975">30.80861</maxSubResource>
                    <mid-price fillout="1" year="1975">4.44</mid-price>
                    <curve-exponent fillout="1" year="1975">2.561</curve-exponent>
                </smooth-renewable-subresource>
            </renewresource>
        </region>
        <region name="South Africa">
            <renewresource name="onshore wind resource">
                <smooth-renewable-subresource name="onshore wind resource">
                    <maxSubResource fillout="1" year="1975">7.99157</maxSubResource>
                    <mid-price fillout="1" year="1975">2.39</mid-price>
                    <curve-exponent fillout="1" year="1975">4.047</curve-exponent>
                </smooth-renewable-subresource>
            </renewresource>
        </region>
        <region name="South America_Northern">
            <renewresource name="onshore wind resource">
                <smooth-renewable-subresource name="onshore wind resource">
                    <maxSubResource fillout="1" year="1975">0.31680</maxSubResource>
                    <mid-price fillout="1" year="1975">0.57</mid-price>
                    <curve-exponent fillout="1" year="1975">3.451</curve-exponent>
                </smooth-renewable-subresource>
            </renewresource>
        </region>
        <region name="South America_Southern">
            <renewresource name="onshore wind resource">
                <smooth-renewable-subresource name="onshore wind resource">
                    <maxSubResource fillout="1" year="1975">2.12130</maxSubResource>
                    <mid-price fillout="1" year="1975">4.80</mid-price>
                    <curve-exponent fillout="1" year="1975">3.808</curve-exponent>
                </smooth-renewable-subresource>
            </renewresource>
        </region>
        <region name="South Asia">
            <renewresource name="onshore wind resource">
                <smooth-renewable-subresource name="onshore wind resource">
                    <maxSubResource fillout="1" year="1975">2.67219</maxSubResource>
                    <mid-price fillout="1" year="1975">3.33</mid-price>
                    <curve-exponent fillout="1" year="1975">1.818</curve-exponent>
                </smooth-renewable-subresource>
            </renewresource>
        </region>
        <region name="South Korea">
            <renewresource name="onshore wind resource">
                <smooth-renewable-subresource name="onshore wind resource">
                    <maxSubResource fillout="1" year="1975">0.14320</maxSubResource>
                    <mid-price fillout="1" year="1975">0.22</mid-price>
                    <curve-exponent fillout="1" year="1975">2.462</curve-exponent>
                </smooth-renewable-subresource>
            </renewresource>
        </region>
        <region name="Southeast Asia">
            <renewresource name="onshore wind resource">
                <smooth-renewable-subresource name="onshore wind resource">
                    <maxSubResource fillout="1" year="1975">0.64825</maxSubResource>
                    <mid-price fillout="1" year="1975">0.19</mid-price>
                    <curve-exponent fillout="1" year="1975">2.762</curve-exponent>
                </smooth-renewable-subresource>
            </renewresource>
        </region>
        <region name="Taiwan">
            <renewresource name="onshore wind resource">
                <smooth-renewable-subresource name="onshore wind resource">
                    <maxSubResource fillout="1" year="1975">0.08429</maxSubResource>
                    <mid-price fillout="1" year="1975">0.62</mid-price>
                    <curve-exponent fillout="1" year="1975">10.555</curve-exponent>
                </smooth-renewable-subresource>
            </renewresource>
        </region>
        <region name="Argentina">
            <renewresource name="onshore wind resource">
                <smooth-renewable-subresource name="onshore wind resource">
                    <maxSubResource fillout="1" year="1975">22.50112</maxSubResource>
                    <mid-price fillout="1" year="1975">2.18</mid-price>
                    <curve-exponent fillout="1" year="1975">2.497</curve-exponent>
                </smooth-renewable-subresource>
            </renewresource>
        </region>
        <region name="Colombia">
            <renewresource name="onshore wind resource">
                <smooth-renewable-subresource name="onshore wind resource">
                    <maxSubResource fillout="1" year="1975">0.14818</maxSubResource>
                    <mid-price fillout="1" year="1975">2.22</mid-price>
                    <curve-exponent fillout="1" year="1975">12.071</curve-exponent>
                </smooth-renewable-subresource>
            </renewresource>
        </region>
        <region name="Uruguay">
            <renewresource name="onshore wind resource">
                <smooth-renewable-subresource name="onshore wind resource">
                    <maxSubResource fillout="1" year="1975">1.89320</maxSubResource>
                    <mid-price fillout="1" year="1975">3.37</mid-price>
                    <curve-exponent fillout="1" year="1975">5.378</curve-exponent>
                </smooth-renewable-subresource>
            </renewresource>
        </region>
    </world>
</scenario>
