<?xml version="1.0" encoding="UTF-8"?>
<scenario>
    <world>
        <region name="USA">
            <renewresource name="onshore wind resource">
                <smooth-renewable-subresource name="onshore wind resource">
                    <maxSubResource fillout="1" year="2035">28.86762</maxSubResource>
                    <mid-price fillout="1" year="2035">2.77</mid-price>
                    <curve-exponent fillout="1" year="2035">3.063</curve-exponent>
                </smooth-renewable-subresource>
            </renewresource>
        </region>
        <region name="Africa_Eastern">
            <renewresource name="onshore wind resource">
                <smooth-renewable-subresource name="onshore wind resource">
                    <maxSubResource fillout="1" year="2035">42.53006</maxSubResource>
                    <mid-price fillout="1" year="2035">6.59</mid-price>
                    <curve-exponent fillout="1" year="2035">4.383</curve-exponent>
                </smooth-renewable-subresource>
            </renewresource>
        </region>
        <region name="Africa_Northern">
            <renewresource name="onshore wind resource">
                <smooth-renewable-subresource name="onshore wind resource">
                    <maxSubResource fillout="1" year="2035">74.95750</maxSubResource>
                    <mid-price fillout="1" year="2035">8.07</mid-price>
                    <curve-exponent fillout="1" year="2035">5.684</curve-exponent>
                </smooth-renewable-subresource>
            </renewresource>
        </region>
        <region name="Africa_Southern">
            <renewresource name="onshore wind resource">
                <smooth-renewable-subresource name="onshore wind resource">
                    <maxSubResource fillout="1" year="2035">6.60841</maxSubResource>
                    <mid-price fillout="1" year="2035">1.99</mid-price>
                    <curve-exponent fillout="1" year="2035">1.655</curve-exponent>
                </smooth-renewable-subresource>
            </renewresource>
        </region>
        <region name="Africa_Western">
            <renewresource name="onshore wind resource">
                <smooth-renewable-subresource name="onshore wind resource">
                    <maxSubResource fillout="1" year="2035">60.49916</maxSubResource>
                    <mid-price fillout="1" year="2035">7.70</mid-price>
                    <curve-exponent fillout="1" year="2035">5.006</curve-exponent>
                </smooth-renewable-subresource>
            </renewresource>
        </region>
        <region name="Australia_NZ">
            <renewresource name="onshore wind resource">
                <smooth-renewable-subresource name="onshore wind resource">
                    <maxSubResource fillout="1" year="2035">89.47523</maxSubResource>
                    <mid-price fillout="1" year="2035">4.49</mid-price>
                    <curve-exponent fillout="1" year="2035">3.262</curve-exponent>
                </smooth-renewable-subresource>
            </renewresource>
        </region>
        <region name="Brazil">
            <renewresource name="onshore wind resource">
                <smooth-renewable-subresource name="onshore wind resource">
                    <maxSubResource fillout="1" year="2035">4.31784</maxSubResource>
                    <mid-price fillout="1" year="2035">3.72</mid-price>
                    <curve-exponent fillout="1" year="2035">3.920</curve-exponent>
                </smooth-renewable-subresource>
            </renewresource>
        </region>
        <region name="Canada">
            <renewresource name="onshore wind resource">
                <smooth-renewable-subresource name="onshore wind resource">
                    <maxSubResource fillout="1" year="2035">38.18388</maxSubResource>
                    <mid-price fillout="1" year="2035">10.75</mid-price>
                    <curve-exponent fillout="1" year="2035">5.607</curve-exponent>
                </smooth-renewable-subresource>
            </renewresource>
        </region>
        <region name="Central America and Caribbean">
            <renewresource name="onshore wind resource">
                <smooth-renewable-subresource name="onshore wind resource">
                    <maxSubResource fillout="1" year="2035">0.32007</maxSubResource>
                    <mid-price fillout="1" year="2035">0.19</mid-price>
                    <curve-exponent fillout="1" year="2035">1.000</curve-exponent>
                </smooth-renewable-subresource>
            </renewresource>
        </region>
        <region name="Central Asia">
            <renewresource name="onshore wind resource">
                <smooth-renewable-subresource name="onshore wind resource">
                    <maxSubResource fillout="1" year="2035">57.78297</maxSubResource>
                    <mid-price fillout="1" year="2035">2.12</mid-price>
                    <curve-exponent fillout="1" year="2035">1.878</curve-exponent>
                </smooth-renewable-subresource>
            </renewresource>
        </region>
        <region name="China">
            <renewresource name="onshore wind resource">
                <smooth-renewable-subresource name="onshore wind resource">
                    <maxSubResource fillout="1" year="2035">15.45730</maxSubResource>
                    <mid-price fillout="1" year="2035">2.37</mid-price>
                    <curve-exponent fillout="1" year="2035">1.526</curve-exponent>
                </smooth-renewable-subresource>
            </renewresource>
        </region>
        <region name="EU-12">
            <renewresource name="onshore wind resource">
                <smooth-renewable-subresource name="onshore wind resource">
                    <maxSubResource fillout="1" year="2035">0.98547</maxSubResource>
                    <mid-price fillout="1" year="2035">3.05</mid-price>
                    <curve-exponent fillout="1" year="2035">1.000</curve-exponent>
                </smooth-renewable-subresource>
            </renewresource>
        </region>
        <region name="EU-15">
            <renewresource name="onshore wind resource">
                <smooth-renewable-subresource name="onshore wind resource">
                    <maxSubResource fillout="1" year="2035">6.00929</maxSubResource>
                    <mid-price fillout="1" year="2035">2.98</mid-price>
                    <curve-exponent fillout="1" year="2035">1.704</curve-exponent>
                </smooth-renewable-subresource>
            </renewresource>
        </region>
        <region name="Europe_Eastern">
            <renewresource name="onshore wind resource">
                <smooth-renewable-subresource name="onshore wind resource">
                    <maxSubResource fillout="1" year="2035">1.78162</maxSubResource>
                    <mid-price fillout="1" year="2035">0.25</mid-price>
                    <curve-exponent fillout="1" year="2035">1.000</curve-exponent>
                </smooth-renewable-subresource>
            </renewresource>
        </region>
        <region name="Europe_Non_EU">
            <renewresource name="onshore wind resource">
                <smooth-renewable-subresource name="onshore wind resource">
                    <maxSubResource fillout="1" year="2035">0.20330</maxSubResource>
                    <mid-price fillout="1" year="2035">0.21</mid-price>
                    <curve-exponent fillout="1" year="2035">3.145</curve-exponent>
                </smooth-renewable-subresource>
            </renewresource>
        </region>
        <region name="European Free Trade Association">
            <renewresource name="onshore wind resource">
                <smooth-renewable-subresource name="onshore wind resource">
                    <maxSubResource fillout="1" year="2035">1.49479</maxSubResource>
                    <mid-price fillout="1" year="2035">10.19</mid-price>
                    <curve-exponent fillout="1" year="2035">3.568</curve-exponent>
                </smooth-renewable-subresource>
            </renewresource>
        </region>
        <region name="India">
            <renewresource name="onshore wind resource">
                <smooth-renewable-subresource name="onshore wind resource">
                    <maxSubResource fillout="1" year="2035">4.72621</maxSubResource>
                    <mid-price fillout="1" year="2035">0.21</mid-price>
                    <curve-exponent fillout="1" year="2035">1.000</curve-exponent>
                </smooth-renewable-subresource>
            </renewresource>
        </region>
        <region name="Indonesia">
            <renewresource name="onshore wind resource">
                <smooth-renewable-subresource name="onshore wind resource">
                    <maxSubResource fillout="1" year="2035">0.03793</maxSubResource>
                    <mid-price fillout="1" year="2035">0.19</mid-price>
                    <curve-exponent fillout="1" year="2035">9.539</curve-exponent>
                </smooth-renewable-subresource>
            </renewresource>
        </region>
        <region name="Japan">
            <renewresource name="onshore wind resource">
                <smooth-renewable-subresource name="onshore wind resource">
                    <maxSubResource fillout="1" year="2035">0.12077</maxSubResource>
                    <mid-price fillout="1" year="2035">6.34</mid-price>
                    <curve-exponent fillout="1" year="2035">11.678</curve-exponent>
                </smooth-renewable-subresource>
            </renewresource>
        </region>
        <region name="Mexico">
            <renewresource name="onshore wind resource">
                <smooth-renewable-subresource name="onshore wind resource">
                    <maxSubResource fillout="1" year="2035">1.39181</maxSubResource>
                    <mid-price fillout="1" year="2035">2.87</mid-price>
                    <curve-exponent fillout="1" year="2035">1.149</curve-exponent>
                </smooth-renewable-subresource>
            </renewresource>
        </region>
        <region name="Middle East">
            <renewresource name="onshore wind resource">
                <smooth-renewable-subresource name="onshore wind resource">
                    <maxSubResource fillout="1" year="2035">20.15052</maxSubResource>
                    <mid-price fillout="1" year="2035">2.87</mid-price>
                    <curve-exponent fillout="1" year="2035">1.088</curve-exponent>
                </smooth-renewable-subresource>
            </renewresource>
        </region>
        <region name="Pakistan">
            <renewresource name="onshore wind resource">
                <smooth-renewable-subresource name="onshore wind resource">
                    <maxSubResource fillout="1" year="2035">2.83076</maxSubResource>
                    <mid-price fillout="1" year="2035">6.51</mid-price>
                    <curve-exponent fillout="1" year="2035">2.804</curve-exponent>
                </smooth-renewable-subresource>
            </renewresource>
        </region>
        <region name="Russia">
            <renewresource name="onshore wind resource">
                <smooth-renewable-subresource name="onshore wind resource">
                    <maxSubResource fillout="1" year="2035">27.42526</maxSubResource>
                    <mid-price fillout="1" year="2035">4.70</mid-price>
                    <curve-exponent fillout="1" year="2035">2.706</curve-exponent>
                </smooth-renewable-subresource>
            </renewresource>
        </region>
        <region name="South Africa">
            <renewresource name="onshore wind resource">
                <smooth-renewable-subresource name="onshore wind resource">
                    <maxSubResource fillout="1" year="2035">7.73430</maxSubResource>
                    <mid-price fillout="1" year="2035">2.25</mid-price>
                    <curve-exponent fillout="1" year="2035">3.762</curve-exponent>
                </smooth-renewable-subresource>
            </renewresource>
        </region>
        <region name="South America_Northern">
            <renewresource name="onshore wind resource">
                <smooth-renewable-subresource name="onshore wind resource">
                    <maxSubResource fillout="1" year="2035">0.57782</maxSubResource>
                    <mid-price fillout="1" year="2035">0.59</mid-price>
                    <curve-exponent fillout="1" year="2035">2.009</curve-exponent>
                </smooth-renewable-subresource>
            </renewresource>
        </region>
        <region name="South America_Southern">
            <renewresource name="onshore wind resource">
                <smooth-renewable-subresource name="onshore wind resource">
                    <maxSubResource fillout="1" year="2035">2.66473</maxSubResource>
                    <mid-price fillout="1" year="2035">4.54</mid-price>
                    <curve-exponent fillout="1" year="2035">4.319</curve-exponent>
                </smooth-renewable-subresource>
            </renewresource>
        </region>
        <region name="South Asia">
            <renewresource name="onshore wind resource">
                <smooth-renewable-subresource name="onshore wind resource">
                    <maxSubResource fillout="1" year="2035">2.68954</maxSubResource>
                    <mid-price fillout="1" year="2035">3.57</mid-price>
                    <curve-exponent fillout="1" year="2035">2.006</curve-exponent>
                </smooth-renewable-subresource>
            </renewresource>
        </region>
        <region name="South Korea">
            <renewresource name="onshore wind resource">
                <smooth-renewable-subresource name="onshore wind resource">
                    <maxSubResource fillout="1" year="2035">0.09262</maxSubResource>
                    <mid-price fillout="1" year="2035">0.32</mid-price>
                    <curve-exponent fillout="1" year="2035">3.819</curve-exponent>
                </smooth-renewable-subresource>
            </renewresource>
        </region>
        <region name="Southeast Asia">
            <renewresource name="onshore wind resource">
                <smooth-renewable-subresource name="onshore wind resource">
                    <maxSubResource fillout="1" year="2035">0.81193</maxSubResource>
                    <mid-price fillout="1" year="2035">0.25</mid-price>
                    <curve-exponent fillout="1" year="2035">3.758</curve-exponent>
                </smooth-renewable-subresource>
            </renewresource>
        </region>
        <region name="Taiwan">
            <renewresource name="onshore wind resource">
                <smooth-renewable-subresource name="onshore wind resource">
                    <maxSubResource fillout="1" year="2035">0.07401</maxSubResource>
                    <mid-price fillout="1" year="2035">0.74</mid-price>
                    <curve-exponent fillout="1" year="2035">10.451</curve-exponent>
                </smooth-renewable-subresource>
            </renewresource>
        </region>
        <region name="Argentina">
            <renewresource name="onshore wind resource">
                <smooth-renewable-subresource name="onshore wind resource">
                    <maxSubResource fillout="1" year="2035">18.93853</maxSubResource>
                    <mid-price fillout="1" year="2035">2.35</mid-price>
                    <curve-exponent fillout="1" year="2035">2.776</curve-exponent>
                </smooth-renewable-subresource>
            </renewresource>
        </region>
        <region name="Colombia">
            <renewresource name="onshore wind resource">
                <smooth-renewable-subresource name="onshore wind resource">
                    <maxSubResource fillout="1" year="2035">0.17520</maxSubResource>
                    <mid-price fillout="1" year="2035">2.08</mid-price>
                    <curve-exponent fillout="1" year="2035">11.847</curve-exponent>
                </smooth-renewable-subresource>
            </renewresource>
        </region>
        <region name="Uruguay">
            <renewresource name="onshore wind resource">
                <smooth-renewable-subresource name="onshore wind resource">
                    <maxSubResource fillout="1" year="2035">1.70720</maxSubResource>
                    <mid-price fillout="1" year="2035">3.62</mid-price>
                    <curve-exponent fillout="1" year="2035">5.926</curve-exponent>
                </smooth-renewable-subresource>
            </renewresource>
        </region>
    </world>
</scenario>
