<?xml version="1.0" encoding="UTF-8"?>
<scenario>
    <world>
        <region name="USA">
            <renewresource name="onshore wind resource">
                <smooth-renewable-subresource name="onshore wind resource">
                    <maxSubResource fillout="1" year="2075">29.69458</maxSubResource>
                    <mid-price fillout="1" year="2075">2.61</mid-price>
                    <curve-exponent fillout="1" year="2075">3.024</curve-exponent>
                </smooth-renewable-subresource>
            </renewresource>
        </region>
        <region name="Africa_Eastern">
            <renewresource name="onshore wind resource">
                <smooth-renewable-subresource name="onshore wind resource">
                    <maxSubResource fillout="1" year="2075">43.25949</maxSubResource>
                    <mid-price fillout="1" year="2075">6.39</mid-price>
                    <curve-exponent fillout="1" year="2075">4.209</curve-exponent>
                </smooth-renewable-subresource>
            </renewresource>
        </region>
        <region name="Africa_Northern">
            <renewresource name="onshore wind resource">
                <smooth-renewable-subresource name="onshore wind resource">
                    <maxSubResource fillout="1" year="2075">70.33792</maxSubResource>
                    <mid-price fillout="1" year="2075">8.44</mid-price>
                    <curve-exponent fillout="1" year="2075">5.633</curve-exponent>
                </smooth-renewable-subresource>
            </renewresource>
        </region>
        <region name="Africa_Southern">
            <renewresource name="onshore wind resource">
                <smooth-renewable-subresource name="onshore wind resource">
                    <maxSubResource fillout="1" year="2075">9.67682</maxSubResource>
                    <mid-price fillout="1" year="2075">2.20</mid-price>
                    <curve-exponent fillout="1" year="2075">1.768</curve-exponent>
                </smooth-renewable-subresource>
            </renewresource>
        </region>
        <region name="Africa_Western">
            <renewresource name="onshore wind resource">
                <smooth-renewable-subresource name="onshore wind resource">
                    <maxSubResource fillout="1" year="2075">57.58242</maxSubResource>
                    <mid-price fillout="1" year="2075">8.11</mid-price>
                    <curve-exponent fillout="1" year="2075">4.949</curve-exponent>
                </smooth-renewable-subresource>
            </renewresource>
        </region>
        <region name="Australia_NZ">
            <renewresource name="onshore wind resource">
                <smooth-renewable-subresource name="onshore wind resource">
                    <maxSubResource fillout="1" year="2075">95.36807</maxSubResource>
                    <mid-price fillout="1" year="2075">4.36</mid-price>
                    <curve-exponent fillout="1" year="2075">3.242</curve-exponent>
                </smooth-renewable-subresource>
            </renewresource>
        </region>
        <region name="Brazil">
            <renewresource name="onshore wind resource">
                <smooth-renewable-subresource name="onshore wind resource">
                    <maxSubResource fillout="1" year="2075">5.57731</maxSubResource>
                    <mid-price fillout="1" year="2075">3.75</mid-price>
                    <curve-exponent fillout="1" year="2075">4.687</curve-exponent>
                </smooth-renewable-subresource>
            </renewresource>
        </region>
        <region name="Canada">
            <renewresource name="onshore wind resource">
                <smooth-renewable-subresource name="onshore wind resource">
                    <maxSubResource fillout="1" year="2075">35.03326</maxSubResource>
                    <mid-price fillout="1" year="2075">9.82</mid-price>
                    <curve-exponent fillout="1" year="2075">4.894</curve-exponent>
                </smooth-renewable-subresource>
            </renewresource>
        </region>
        <region name="Central America and Caribbean">
            <renewresource name="onshore wind resource">
                <smooth-renewable-subresource name="onshore wind resource">
                    <maxSubResource fillout="1" year="2075">0.28275</maxSubResource>
                    <mid-price fillout="1" year="2075">0.39</mid-price>
                    <curve-exponent fillout="1" year="2075">1.000</curve-exponent>
                </smooth-renewable-subresource>
            </renewresource>
        </region>
        <region name="Central Asia">
            <renewresource name="onshore wind resource">
                <smooth-renewable-subresource name="onshore wind resource">
                    <maxSubResource fillout="1" year="2075">57.16313</maxSubResource>
                    <mid-price fillout="1" year="2075">2.17</mid-price>
                    <curve-exponent fillout="1" year="2075">1.879</curve-exponent>
                </smooth-renewable-subresource>
            </renewresource>
        </region>
        <region name="China">
            <renewresource name="onshore wind resource">
                <smooth-renewable-subresource name="onshore wind resource">
                    <maxSubResource fillout="1" year="2075">14.66497</maxSubResource>
                    <mid-price fillout="1" year="2075">2.21</mid-price>
                    <curve-exponent fillout="1" year="2075">1.454</curve-exponent>
                </smooth-renewable-subresource>
            </renewresource>
        </region>
        <region name="EU-12">
            <renewresource name="onshore wind resource">
                <smooth-renewable-subresource name="onshore wind resource">
                    <maxSubResource fillout="1" year="2075">0.88709</maxSubResource>
                    <mid-price fillout="1" year="2075">0.49</mid-price>
                    <curve-exponent fillout="1" year="2075">1.000</curve-exponent>
                </smooth-renewable-subresource>
            </renewresource>
        </region>
        <region name="EU-15">
            <renewresource name="onshore wind resource">
                <smooth-renewable-subresource name="onshore wind resource">
                    <maxSubResource fillout="1" year="2075">5.70792</maxSubResource>
                    <mid-price fillout="1" year="2075">3.15</mid-price>
                    <curve-exponent fillout="1" year="2075">1.555</curve-exponent>
                </smooth-renewable-subresource>
            </renewresource>
        </region>
        <region name="Europe_Eastern">
            <renewresource name="onshore wind resource">
                <smooth-renewable-subresource name="onshore wind resource">
                    <maxSubResource fillout="1" year="2075">1.93569</maxSubResource>
                    <mid-price fillout="1" year="2075">2.35</mid-price>
                    <curve-exponent fillout="1" year="2075">1.310</curve-exponent>
                </smooth-renewable-subresource>
            </renewresource>
        </region>
        <region name="Europe_Non_EU">
            <renewresource name="onshore wind resource">
                <smooth-renewable-subresource name="onshore wind resource">
                    <maxSubResource fillout="1" year="2075">0.24714</maxSubResource>
                    <mid-price fillout="1" year="2075">0.22</mid-price>
                    <curve-exponent fillout="1" year="2075">2.251</curve-exponent>
                </smooth-renewable-subresource>
            </renewresource>
        </region>
        <region name="European Free Trade Association">
            <renewresource name="onshore wind resource">
                <smooth-renewable-subresource name="onshore wind resource">
                    <maxSubResource fillout="1" year="2075">1.53743</maxSubResource>
                    <mid-price fillout="1" year="2075">9.80</mid-price>
                    <curve-exponent fillout="1" year="2075">4.143</curve-exponent>
                </smooth-renewable-subresource>
            </renewresource>
        </region>
        <region name="India">
            <renewresource name="onshore wind resource">
                <smooth-renewable-subresource name="onshore wind resource">
                    <maxSubResource fillout="1" year="2075">5.65460</maxSubResource>
                    <mid-price fillout="1" year="2075">0.26</mid-price>
                    <curve-exponent fillout="1" year="2075">1.000</curve-exponent>
                </smooth-renewable-subresource>
            </renewresource>
        </region>
        <region name="Indonesia">
            <renewresource name="onshore wind resource">
                <smooth-renewable-subresource name="onshore wind resource">
                    <maxSubResource fillout="1" year="2075">0.03181</maxSubResource>
                    <mid-price fillout="1" year="2075">0.03</mid-price>
                    <curve-exponent fillout="1" year="2075">9.429</curve-exponent>
                </smooth-renewable-subresource>
            </renewresource>
        </region>
        <region name="Japan">
            <renewresource name="onshore wind resource">
                <smooth-renewable-subresource name="onshore wind resource">
                    <maxSubResource fillout="1" year="2075">0.12320</maxSubResource>
                    <mid-price fillout="1" year="2075">6.02</mid-price>
                    <curve-exponent fillout="1" year="2075">11.678</curve-exponent>
                </smooth-renewable-subresource>
            </renewresource>
        </region>
        <region name="Mexico">
            <renewresource name="onshore wind resource">
                <smooth-renewable-subresource name="onshore wind resource">
                    <maxSubResource fillout="1" year="2075">1.42032</maxSubResource>
                    <mid-price fillout="1" year="2075">2.41</mid-price>
                    <curve-exponent fillout="1" year="2075">1.000</curve-exponent>
                </smooth-renewable-subresource>
            </renewresource>
        </region>
        <region name="Middle East">
            <renewresource name="onshore wind resource">
                <smooth-renewable-subresource name="onshore wind resource">
                    <maxSubResource fillout="1" year="2075">20.96253</maxSubResource>
                    <mid-price fillout="1" year="2075">3.20</mid-price>
                    <curve-exponent fillout="1" year="2075">1.153</curve-exponent>
                </smooth-renewable-subresource>
            </renewresource>
        </region>
        <region name="Pakistan">
            <renewresource name="onshore wind resource">
                <smooth-renewable-subresource name="onshore wind resource">
                    <maxSubResource fillout="1" year="2075">2.94911</maxSubResource>
                    <mid-price fillout="1" year="2075">6.21</mid-price>
                    <curve-exponent fillout="1" year="2075">2.608</curve-exponent>
                </smooth-renewable-subresource>
            </renewresource>
        </region>
        <region name="Russia">
            <renewresource name="onshore wind resource">
                <smooth-renewable-subresource name="onshore wind resource">
                    <maxSubResource fillout="1" year="2075">26.99746</maxSubResource>
                    <mid-price fillout="1" year="2075">4.62</mid-price>
                    <curve-exponent fillout="1" year="2075">2.710</curve-exponent>
                </smooth-renewable-subresource>
            </renewresource>
        </region>
        <region name="South Africa">
            <renewresource name="onshore wind resource">
                <smooth-renewable-subresource name="onshore wind resource">
                    <maxSubResource fillout="1" year="2075">8.05969</maxSubResource>
                    <mid-price fillout="1" year="2075">2.42</mid-price>
                    <curve-exponent fillout="1" year="2075">3.943</curve-exponent>
                </smooth-renewable-subresource>
            </renewresource>
        </region>
        <region name="South America_Northern">
            <renewresource name="onshore wind resource">
                <smooth-renewable-subresource name="onshore wind resource">
                    <maxSubResource fillout="1" year="2075">0.47917</maxSubResource>
                    <mid-price fillout="1" year="2075">0.50</mid-price>
                    <curve-exponent fillout="1" year="2075">2.624</curve-exponent>
                </smooth-renewable-subresource>
            </renewresource>
        </region>
        <region name="South America_Southern">
            <renewresource name="onshore wind resource">
                <smooth-renewable-subresource name="onshore wind resource">
                    <maxSubResource fillout="1" year="2075">3.18826</maxSubResource>
                    <mid-price fillout="1" year="2075">3.97</mid-price>
                    <curve-exponent fillout="1" year="2075">3.736</curve-exponent>
                </smooth-renewable-subresource>
            </renewresource>
        </region>
        <region name="South Asia">
            <renewresource name="onshore wind resource">
                <smooth-renewable-subresource name="onshore wind resource">
                    <maxSubResource fillout="1" year="2075">2.93473</maxSubResource>
                    <mid-price fillout="1" year="2075">4.01</mid-price>
                    <curve-exponent fillout="1" year="2075">2.283</curve-exponent>
                </smooth-renewable-subresource>
            </renewresource>
        </region>
        <region name="South Korea">
            <renewresource name="onshore wind resource">
                <smooth-renewable-subresource name="onshore wind resource">
                    <maxSubResource fillout="1" year="2075">0.06710</maxSubResource>
                    <mid-price fillout="1" year="2075">0.32</mid-price>
                    <curve-exponent fillout="1" year="2075">3.953</curve-exponent>
                </smooth-renewable-subresource>
            </renewresource>
        </region>
        <region name="Southeast Asia">
            <renewresource name="onshore wind resource">
                <smooth-renewable-subresource name="onshore wind resource">
                    <maxSubResource fillout="1" year="2075">0.74613</maxSubResource>
                    <mid-price fillout="1" year="2075">0.25</mid-price>
                    <curve-exponent fillout="1" year="2075">4.381</curve-exponent>
                </smooth-renewable-subresource>
            </renewresource>
        </region>
        <region name="Taiwan">
            <renewresource name="onshore wind resource">
                <smooth-renewable-subresource name="onshore wind resource">
                    <maxSubResource fillout="1" year="2075">0.08153</maxSubResource>
                    <mid-price fillout="1" year="2075">0.65</mid-price>
                    <curve-exponent fillout="1" year="2075">10.496</curve-exponent>
                </smooth-renewable-subresource>
            </renewresource>
        </region>
        <region name="Argentina">
            <renewresource name="onshore wind resource">
                <smooth-renewable-subresource name="onshore wind resource">
                    <maxSubResource fillout="1" year="2075">20.81936</maxSubResource>
                    <mid-price fillout="1" year="2075">2.30</mid-price>
                    <curve-exponent fillout="1" year="2075">2.676</curve-exponent>
                </smooth-renewable-subresource>
            </renewresource>
        </region>
        <region name="Colombia">
            <renewresource name="onshore wind resource">
                <smooth-renewable-subresource name="onshore wind resource">
                    <maxSubResource fillout="1" year="2075">0.16196</maxSubResource>
                    <mid-price fillout="1" year="2075">2.03</mid-price>
                    <curve-exponent fillout="1" year="2075">11.758</curve-exponent>
                </smooth-renewable-subresource>
            </renewresource>
        </region>
        <region name="Uruguay">
            <renewresource name="onshore wind resource">
                <smooth-renewable-subresource name="onshore wind resource">
                    <maxSubResource fillout="1" year="2075">1.81919</maxSubResource>
                    <mid-price fillout="1" year="2075">3.48</mid-price>
                    <curve-exponent fillout="1" year="2075">5.649</curve-exponent>
                </smooth-renewable-subresource>
            </renewresource>
        </region>
    </world>
</scenario>
