<?xml version="1.0" encoding="UTF-8"?>
<scenario>
    <world>
        <region name="USA">
            <renewresource name="onshore wind resource">
                <smooth-renewable-subresource name="onshore wind resource">
                    <maxSubResource fillout="1" year="1975">28.35933</maxSubResource>
                    <mid-price fillout="1" year="1975">2.80</mid-price>
                    <curve-exponent fillout="1" year="1975">3.170</curve-exponent>
                </smooth-renewable-subresource>
            </renewresource>
        </region>
        <region name="Africa_Eastern">
            <renewresource name="onshore wind resource">
                <smooth-renewable-subresource name="onshore wind resource">
                    <maxSubResource fillout="1" year="1975">41.66386</maxSubResource>
                    <mid-price fillout="1" year="1975">6.66</mid-price>
                    <curve-exponent fillout="1" year="1975">4.308</curve-exponent>
                </smooth-renewable-subresource>
            </renewresource>
        </region>
        <region name="Africa_Northern">
            <renewresource name="onshore wind resource">
                <smooth-renewable-subresource name="onshore wind resource">
                    <maxSubResource fillout="1" year="1975">73.43645</maxSubResource>
                    <mid-price fillout="1" year="1975">8.26</mid-price>
                    <curve-exponent fillout="1" year="1975">5.643</curve-exponent>
                </smooth-renewable-subresource>
            </renewresource>
        </region>
        <region name="Africa_Southern">
            <renewresource name="onshore wind resource">
                <smooth-renewable-subresource name="onshore wind resource">
                    <maxSubResource fillout="1" year="1975">7.87653</maxSubResource>
                    <mid-price fillout="1" year="1975">2.35</mid-price>
                    <curve-exponent fillout="1" year="1975">1.827</curve-exponent>
                </smooth-renewable-subresource>
            </renewresource>
        </region>
        <region name="Africa_Western">
            <renewresource name="onshore wind resource">
                <smooth-renewable-subresource name="onshore wind resource">
                    <maxSubResource fillout="1" year="1975">59.22598</maxSubResource>
                    <mid-price fillout="1" year="1975">8.10</mid-price>
                    <curve-exponent fillout="1" year="1975">5.028</curve-exponent>
                </smooth-renewable-subresource>
            </renewresource>
        </region>
        <region name="Australia_NZ">
            <renewresource name="onshore wind resource">
                <smooth-renewable-subresource name="onshore wind resource">
                    <maxSubResource fillout="1" year="1975">89.83847</maxSubResource>
                    <mid-price fillout="1" year="1975">4.59</mid-price>
                    <curve-exponent fillout="1" year="1975">3.308</curve-exponent>
                </smooth-renewable-subresource>
            </renewresource>
        </region>
        <region name="Brazil">
            <renewresource name="onshore wind resource">
                <smooth-renewable-subresource name="onshore wind resource">
                    <maxSubResource fillout="1" year="1975">4.48451</maxSubResource>
                    <mid-price fillout="1" year="1975">3.86</mid-price>
                    <curve-exponent fillout="1" year="1975">4.829</curve-exponent>
                </smooth-renewable-subresource>
            </renewresource>
        </region>
        <region name="Canada">
            <renewresource name="onshore wind resource">
                <smooth-renewable-subresource name="onshore wind resource">
                    <maxSubResource fillout="1" year="1975">48.37222</maxSubResource>
                    <mid-price fillout="1" year="1975">10.45</mid-price>
                    <curve-exponent fillout="1" year="1975">5.993</curve-exponent>
                </smooth-renewable-subresource>
            </renewresource>
        </region>
        <region name="Central America and Caribbean">
            <renewresource name="onshore wind resource">
                <smooth-renewable-subresource name="onshore wind resource">
                    <maxSubResource fillout="1" year="1975">0.31636</maxSubResource>
                    <mid-price fillout="1" year="1975">0.36</mid-price>
                    <curve-exponent fillout="1" year="1975">1.000</curve-exponent>
                </smooth-renewable-subresource>
            </renewresource>
        </region>
        <region name="Central Asia">
            <renewresource name="onshore wind resource">
                <smooth-renewable-subresource name="onshore wind resource">
                    <maxSubResource fillout="1" year="1975">61.46348</maxSubResource>
                    <mid-price fillout="1" year="1975">2.33</mid-price>
                    <curve-exponent fillout="1" year="1975">2.037</curve-exponent>
                </smooth-renewable-subresource>
            </renewresource>
        </region>
        <region name="China">
            <renewresource name="onshore wind resource">
                <smooth-renewable-subresource name="onshore wind resource">
                    <maxSubResource fillout="1" year="1975">17.79135</maxSubResource>
                    <mid-price fillout="1" year="1975">2.33</mid-price>
                    <curve-exponent fillout="1" year="1975">1.506</curve-exponent>
                </smooth-renewable-subresource>
            </renewresource>
        </region>
        <region name="EU-12">
            <renewresource name="onshore wind resource">
                <smooth-renewable-subresource name="onshore wind resource">
                    <maxSubResource fillout="1" year="1975">1.06899</maxSubResource>
                    <mid-price fillout="1" year="1975">3.07</mid-price>
                    <curve-exponent fillout="1" year="1975">1.000</curve-exponent>
                </smooth-renewable-subresource>
            </renewresource>
        </region>
        <region name="EU-15">
            <renewresource name="onshore wind resource">
                <smooth-renewable-subresource name="onshore wind resource">
                    <maxSubResource fillout="1" year="1975">6.72332</maxSubResource>
                    <mid-price fillout="1" year="1975">2.88</mid-price>
                    <curve-exponent fillout="1" year="1975">1.543</curve-exponent>
                </smooth-renewable-subresource>
            </renewresource>
        </region>
        <region name="Europe_Eastern">
            <renewresource name="onshore wind resource">
                <smooth-renewable-subresource name="onshore wind resource">
                    <maxSubResource fillout="1" year="1975">1.90510</maxSubResource>
                    <mid-price fillout="1" year="1975">0.40</mid-price>
                    <curve-exponent fillout="1" year="1975">1.000</curve-exponent>
                </smooth-renewable-subresource>
            </renewresource>
        </region>
        <region name="Europe_Non_EU">
            <renewresource name="onshore wind resource">
                <smooth-renewable-subresource name="onshore wind resource">
                    <maxSubResource fillout="1" year="1975">0.20780</maxSubResource>
                    <mid-price fillout="1" year="1975">0.21</mid-price>
                    <curve-exponent fillout="1" year="1975">2.115</curve-exponent>
                </smooth-renewable-subresource>
            </renewresource>
        </region>
        <region name="European Free Trade Association">
            <renewresource name="onshore wind resource">
                <smooth-renewable-subresource name="onshore wind resource">
                    <maxSubResource fillout="1" year="1975">1.63995</maxSubResource>
                    <mid-price fillout="1" year="1975">10.26</mid-price>
                    <curve-exponent fillout="1" year="1975">3.397</curve-exponent>
                </smooth-renewable-subresource>
            </renewresource>
        </region>
        <region name="India">
            <renewresource name="onshore wind resource">
                <smooth-renewable-subresource name="onshore wind resource">
                    <maxSubResource fillout="1" year="1975">5.60835</maxSubResource>
                    <mid-price fillout="1" year="1975">0.20</mid-price>
                    <curve-exponent fillout="1" year="1975">1.000</curve-exponent>
                </smooth-renewable-subresource>
            </renewresource>
        </region>
        <region name="Indonesia">
            <renewresource name="onshore wind resource">
                <smooth-renewable-subresource name="onshore wind resource">
                    <maxSubResource fillout="1" year="1975">0.03450</maxSubResource>
                    <mid-price fillout="1" year="1975">0.09</mid-price>
                    <curve-exponent fillout="1" year="1975">9.417</curve-exponent>
                </smooth-renewable-subresource>
            </renewresource>
        </region>
        <region name="Japan">
            <renewresource name="onshore wind resource">
                <smooth-renewable-subresource name="onshore wind resource">
                    <maxSubResource fillout="1" year="1975">0.14331</maxSubResource>
                    <mid-price fillout="1" year="1975">1.59</mid-price>
                    <curve-exponent fillout="1" year="1975">11.193</curve-exponent>
                </smooth-renewable-subresource>
            </renewresource>
        </region>
        <region name="Mexico">
            <renewresource name="onshore wind resource">
                <smooth-renewable-subresource name="onshore wind resource">
                    <maxSubResource fillout="1" year="1975">1.39351</maxSubResource>
                    <mid-price fillout="1" year="1975">3.23</mid-price>
                    <curve-exponent fillout="1" year="1975">1.105</curve-exponent>
                </smooth-renewable-subresource>
            </renewresource>
        </region>
        <region name="Middle East">
            <renewresource name="onshore wind resource">
                <smooth-renewable-subresource name="onshore wind resource">
                    <maxSubResource fillout="1" year="1975">20.59759</maxSubResource>
                    <mid-price fillout="1" year="1975">3.28</mid-price>
                    <curve-exponent fillout="1" year="1975">1.103</curve-exponent>
                </smooth-renewable-subresource>
            </renewresource>
        </region>
        <region name="Pakistan">
            <renewresource name="onshore wind resource">
                <smooth-renewable-subresource name="onshore wind resource">
                    <maxSubResource fillout="1" year="1975">2.78050</maxSubResource>
                    <mid-price fillout="1" year="1975">6.63</mid-price>
                    <curve-exponent fillout="1" year="1975">2.888</curve-exponent>
                </smooth-renewable-subresource>
            </renewresource>
        </region>
        <region name="Russia">
            <renewresource name="onshore wind resource">
                <smooth-renewable-subresource name="onshore wind resource">
                    <maxSubResource fillout="1" year="1975">31.21391</maxSubResource>
                    <mid-price fillout="1" year="1975">4.73</mid-price>
                    <curve-exponent fillout="1" year="1975">2.696</curve-exponent>
                </smooth-renewable-subresource>
            </renewresource>
        </region>
        <region name="South Africa">
            <renewresource name="onshore wind resource">
                <smooth-renewable-subresource name="onshore wind resource">
                    <maxSubResource fillout="1" year="1975">7.69847</maxSubResource>
                    <mid-price fillout="1" year="1975">2.39</mid-price>
                    <curve-exponent fillout="1" year="1975">4.241</curve-exponent>
                </smooth-renewable-subresource>
            </renewresource>
        </region>
        <region name="South America_Northern">
            <renewresource name="onshore wind resource">
                <smooth-renewable-subresource name="onshore wind resource">
                    <maxSubResource fillout="1" year="1975">0.29417</maxSubResource>
                    <mid-price fillout="1" year="1975">0.50</mid-price>
                    <curve-exponent fillout="1" year="1975">2.626</curve-exponent>
                </smooth-renewable-subresource>
            </renewresource>
        </region>
        <region name="South America_Southern">
            <renewresource name="onshore wind resource">
                <smooth-renewable-subresource name="onshore wind resource">
                    <maxSubResource fillout="1" year="1975">2.13893</maxSubResource>
                    <mid-price fillout="1" year="1975">4.80</mid-price>
                    <curve-exponent fillout="1" year="1975">3.975</curve-exponent>
                </smooth-renewable-subresource>
            </renewresource>
        </region>
        <region name="South Asia">
            <renewresource name="onshore wind resource">
                <smooth-renewable-subresource name="onshore wind resource">
                    <maxSubResource fillout="1" year="1975">2.83838</maxSubResource>
                    <mid-price fillout="1" year="1975">3.08</mid-price>
                    <curve-exponent fillout="1" year="1975">1.738</curve-exponent>
                </smooth-renewable-subresource>
            </renewresource>
        </region>
        <region name="South Korea">
            <renewresource name="onshore wind resource">
                <smooth-renewable-subresource name="onshore wind resource">
                    <maxSubResource fillout="1" year="1975">0.15943</maxSubResource>
                    <mid-price fillout="1" year="1975">0.21</mid-price>
                    <curve-exponent fillout="1" year="1975">2.376</curve-exponent>
                </smooth-renewable-subresource>
            </renewresource>
        </region>
        <region name="Southeast Asia">
            <renewresource name="onshore wind resource">
                <smooth-renewable-subresource name="onshore wind resource">
                    <maxSubResource fillout="1" year="1975">0.59834</maxSubResource>
                    <mid-price fillout="1" year="1975">0.27</mid-price>
                    <curve-exponent fillout="1" year="1975">3.505</curve-exponent>
                </smooth-renewable-subresource>
            </renewresource>
        </region>
        <region name="Taiwan">
            <renewresource name="onshore wind resource">
                <smooth-renewable-subresource name="onshore wind resource">
                    <maxSubResource fillout="1" year="1975">0.08500</maxSubResource>
                    <mid-price fillout="1" year="1975">0.61</mid-price>
                    <curve-exponent fillout="1" year="1975">10.568</curve-exponent>
                </smooth-renewable-subresource>
            </renewresource>
        </region>
        <region name="Argentina">
            <renewresource name="onshore wind resource">
                <smooth-renewable-subresource name="onshore wind resource">
                    <maxSubResource fillout="1" year="1975">21.49304</maxSubResource>
                    <mid-price fillout="1" year="1975">2.31</mid-price>
                    <curve-exponent fillout="1" year="1975">2.641</curve-exponent>
                </smooth-renewable-subresource>
            </renewresource>
        </region>
        <region name="Colombia">
            <renewresource name="onshore wind resource">
                <smooth-renewable-subresource name="onshore wind resource">
                    <maxSubResource fillout="1" year="1975">0.14427</maxSubResource>
                    <mid-price fillout="1" year="1975">2.23</mid-price>
                    <curve-exponent fillout="1" year="1975">12.099</curve-exponent>
                </smooth-renewable-subresource>
            </renewresource>
        </region>
        <region name="Uruguay">
            <renewresource name="onshore wind resource">
                <smooth-renewable-subresource name="onshore wind resource">
                    <maxSubResource fillout="1" year="1975">1.65429</maxSubResource>
                    <mid-price fillout="1" year="1975">3.64</mid-price>
                    <curve-exponent fillout="1" year="1975">5.901</curve-exponent>
                </smooth-renewable-subresource>
            </renewresource>
        </region>
    </world>
</scenario>
