<?xml version="1.0" encoding="UTF-8"?>
<scenario>
    <world>
        <region name="USA">
            <renewresource name="onshore wind resource">
                <smooth-renewable-subresource name="onshore wind resource">
                    <maxSubResource fillout="1" year="2075">24.21590</maxSubResource>
                    <mid-price fillout="1" year="2075">3.00</mid-price>
                    <curve-exponent fillout="1" year="2075">3.144</curve-exponent>
                </smooth-renewable-subresource>
            </renewresource>
        </region>
        <region name="Africa_Eastern">
            <renewresource name="onshore wind resource">
                <smooth-renewable-subresource name="onshore wind resource">
                    <maxSubResource fillout="1" year="2075">40.86250</maxSubResource>
                    <mid-price fillout="1" year="2075">6.70</mid-price>
                    <curve-exponent fillout="1" year="2075">4.342</curve-exponent>
                </smooth-renewable-subresource>
            </renewresource>
        </region>
        <region name="Africa_Northern">
            <renewresource name="onshore wind resource">
                <smooth-renewable-subresource name="onshore wind resource">
                    <maxSubResource fillout="1" year="2075">77.37838</maxSubResource>
                    <mid-price fillout="1" year="2075">8.10</mid-price>
                    <curve-exponent fillout="1" year="2075">5.852</curve-exponent>
                </smooth-renewable-subresource>
            </renewresource>
        </region>
        <region name="Africa_Southern">
            <renewresource name="onshore wind resource">
                <smooth-renewable-subresource name="onshore wind resource">
                    <maxSubResource fillout="1" year="2075">9.12412</maxSubResource>
                    <mid-price fillout="1" year="2075">2.14</mid-price>
                    <curve-exponent fillout="1" year="2075">1.660</curve-exponent>
                </smooth-renewable-subresource>
            </renewresource>
        </region>
        <region name="Africa_Western">
            <renewresource name="onshore wind resource">
                <smooth-renewable-subresource name="onshore wind resource">
                    <maxSubResource fillout="1" year="2075">60.03062</maxSubResource>
                    <mid-price fillout="1" year="2075">7.73</mid-price>
                    <curve-exponent fillout="1" year="2075">5.059</curve-exponent>
                </smooth-renewable-subresource>
            </renewresource>
        </region>
        <region name="Australia_NZ">
            <renewresource name="onshore wind resource">
                <smooth-renewable-subresource name="onshore wind resource">
                    <maxSubResource fillout="1" year="2075">94.73269</maxSubResource>
                    <mid-price fillout="1" year="2075">4.10</mid-price>
                    <curve-exponent fillout="1" year="2075">3.105</curve-exponent>
                </smooth-renewable-subresource>
            </renewresource>
        </region>
        <region name="Brazil">
            <renewresource name="onshore wind resource">
                <smooth-renewable-subresource name="onshore wind resource">
                    <maxSubResource fillout="1" year="2075">6.43954</maxSubResource>
                    <mid-price fillout="1" year="2075">3.57</mid-price>
                    <curve-exponent fillout="1" year="2075">4.608</curve-exponent>
                </smooth-renewable-subresource>
            </renewresource>
        </region>
        <region name="Canada">
            <renewresource name="onshore wind resource">
                <smooth-renewable-subresource name="onshore wind resource">
                    <maxSubResource fillout="1" year="2075">45.49985</maxSubResource>
                    <mid-price fillout="1" year="2075">10.58</mid-price>
                    <curve-exponent fillout="1" year="2075">5.883</curve-exponent>
                </smooth-renewable-subresource>
            </renewresource>
        </region>
        <region name="Central America and Caribbean">
            <renewresource name="onshore wind resource">
                <smooth-renewable-subresource name="onshore wind resource">
                    <maxSubResource fillout="1" year="2075">0.28357</maxSubResource>
                    <mid-price fillout="1" year="2075">0.42</mid-price>
                    <curve-exponent fillout="1" year="2075">1.000</curve-exponent>
                </smooth-renewable-subresource>
            </renewresource>
        </region>
        <region name="Central Asia">
            <renewresource name="onshore wind resource">
                <smooth-renewable-subresource name="onshore wind resource">
                    <maxSubResource fillout="1" year="2075">58.44258</maxSubResource>
                    <mid-price fillout="1" year="2075">2.31</mid-price>
                    <curve-exponent fillout="1" year="2075">1.990</curve-exponent>
                </smooth-renewable-subresource>
            </renewresource>
        </region>
        <region name="China">
            <renewresource name="onshore wind resource">
                <smooth-renewable-subresource name="onshore wind resource">
                    <maxSubResource fillout="1" year="2075">16.85226</maxSubResource>
                    <mid-price fillout="1" year="2075">2.56</mid-price>
                    <curve-exponent fillout="1" year="2075">1.531</curve-exponent>
                </smooth-renewable-subresource>
            </renewresource>
        </region>
        <region name="EU-12">
            <renewresource name="onshore wind resource">
                <smooth-renewable-subresource name="onshore wind resource">
                    <maxSubResource fillout="1" year="2075">1.42650</maxSubResource>
                    <mid-price fillout="1" year="2075">3.06</mid-price>
                    <curve-exponent fillout="1" year="2075">1.481</curve-exponent>
                </smooth-renewable-subresource>
            </renewresource>
        </region>
        <region name="EU-15">
            <renewresource name="onshore wind resource">
                <smooth-renewable-subresource name="onshore wind resource">
                    <maxSubResource fillout="1" year="2075">7.41959</maxSubResource>
                    <mid-price fillout="1" year="2075">2.72</mid-price>
                    <curve-exponent fillout="1" year="2075">1.606</curve-exponent>
                </smooth-renewable-subresource>
            </renewresource>
        </region>
        <region name="Europe_Eastern">
            <renewresource name="onshore wind resource">
                <smooth-renewable-subresource name="onshore wind resource">
                    <maxSubResource fillout="1" year="2075">1.92043</maxSubResource>
                    <mid-price fillout="1" year="2075">0.38</mid-price>
                    <curve-exponent fillout="1" year="2075">1.000</curve-exponent>
                </smooth-renewable-subresource>
            </renewresource>
        </region>
        <region name="Europe_Non_EU">
            <renewresource name="onshore wind resource">
                <smooth-renewable-subresource name="onshore wind resource">
                    <maxSubResource fillout="1" year="2075">0.16195</maxSubResource>
                    <mid-price fillout="1" year="2075">0.18</mid-price>
                    <curve-exponent fillout="1" year="2075">2.950</curve-exponent>
                </smooth-renewable-subresource>
            </renewresource>
        </region>
        <region name="European Free Trade Association">
            <renewresource name="onshore wind resource">
                <smooth-renewable-subresource name="onshore wind resource">
                    <maxSubResource fillout="1" year="2075">1.64504</maxSubResource>
                    <mid-price fillout="1" year="2075">9.57</mid-price>
                    <curve-exponent fillout="1" year="2075">3.211</curve-exponent>
                </smooth-renewable-subresource>
            </renewresource>
        </region>
        <region name="India">
            <renewresource name="onshore wind resource">
                <smooth-renewable-subresource name="onshore wind resource">
                    <maxSubResource fillout="1" year="2075">8.94699</maxSubResource>
                    <mid-price fillout="1" year="2075">0.28</mid-price>
                    <curve-exponent fillout="1" year="2075">1.000</curve-exponent>
                </smooth-renewable-subresource>
            </renewresource>
        </region>
        <region name="Indonesia">
            <renewresource name="onshore wind resource">
                <smooth-renewable-subresource name="onshore wind resource">
                    <maxSubResource fillout="1" year="2075">0.03960</maxSubResource>
                    <mid-price fillout="1" year="2075">0.43</mid-price>
                    <curve-exponent fillout="1" year="2075">9.680</curve-exponent>
                </smooth-renewable-subresource>
            </renewresource>
        </region>
        <region name="Japan">
            <renewresource name="onshore wind resource">
                <smooth-renewable-subresource name="onshore wind resource">
                    <maxSubResource fillout="1" year="2075">0.14301</maxSubResource>
                    <mid-price fillout="1" year="2075">2.92</mid-price>
                    <curve-exponent fillout="1" year="2075">11.808</curve-exponent>
                </smooth-renewable-subresource>
            </renewresource>
        </region>
        <region name="Mexico">
            <renewresource name="onshore wind resource">
                <smooth-renewable-subresource name="onshore wind resource">
                    <maxSubResource fillout="1" year="2075">1.03480</maxSubResource>
                    <mid-price fillout="1" year="2075">3.21</mid-price>
                    <curve-exponent fillout="1" year="2075">1.012</curve-exponent>
                </smooth-renewable-subresource>
            </renewresource>
        </region>
        <region name="Middle East">
            <renewresource name="onshore wind resource">
                <smooth-renewable-subresource name="onshore wind resource">
                    <maxSubResource fillout="1" year="2075">21.17961</maxSubResource>
                    <mid-price fillout="1" year="2075">3.27</mid-price>
                    <curve-exponent fillout="1" year="2075">1.145</curve-exponent>
                </smooth-renewable-subresource>
            </renewresource>
        </region>
        <region name="Pakistan">
            <renewresource name="onshore wind resource">
                <smooth-renewable-subresource name="onshore wind resource">
                    <maxSubResource fillout="1" year="2075">2.93074</maxSubResource>
                    <mid-price fillout="1" year="2075">6.13</mid-price>
                    <curve-exponent fillout="1" year="2075">2.696</curve-exponent>
                </smooth-renewable-subresource>
            </renewresource>
        </region>
        <region name="Russia">
            <renewresource name="onshore wind resource">
                <smooth-renewable-subresource name="onshore wind resource">
                    <maxSubResource fillout="1" year="2075">28.81518</maxSubResource>
                    <mid-price fillout="1" year="2075">4.56</mid-price>
                    <curve-exponent fillout="1" year="2075">2.445</curve-exponent>
                </smooth-renewable-subresource>
            </renewresource>
        </region>
        <region name="South Africa">
            <renewresource name="onshore wind resource">
                <smooth-renewable-subresource name="onshore wind resource">
                    <maxSubResource fillout="1" year="2075">8.70951</maxSubResource>
                    <mid-price fillout="1" year="2075">2.38</mid-price>
                    <curve-exponent fillout="1" year="2075">3.699</curve-exponent>
                </smooth-renewable-subresource>
            </renewresource>
        </region>
        <region name="South America_Northern">
            <renewresource name="onshore wind resource">
                <smooth-renewable-subresource name="onshore wind resource">
                    <maxSubResource fillout="1" year="2075">0.24773</maxSubResource>
                    <mid-price fillout="1" year="2075">0.42</mid-price>
                    <curve-exponent fillout="1" year="2075">1.493</curve-exponent>
                </smooth-renewable-subresource>
            </renewresource>
        </region>
        <region name="South America_Southern">
            <renewresource name="onshore wind resource">
                <smooth-renewable-subresource name="onshore wind resource">
                    <maxSubResource fillout="1" year="2075">2.77252</maxSubResource>
                    <mid-price fillout="1" year="2075">4.46</mid-price>
                    <curve-exponent fillout="1" year="2075">4.230</curve-exponent>
                </smooth-renewable-subresource>
            </renewresource>
        </region>
        <region name="South Asia">
            <renewresource name="onshore wind resource">
                <smooth-renewable-subresource name="onshore wind resource">
                    <maxSubResource fillout="1" year="2075">2.80433</maxSubResource>
                    <mid-price fillout="1" year="2075">3.22</mid-price>
                    <curve-exponent fillout="1" year="2075">1.861</curve-exponent>
                </smooth-renewable-subresource>
            </renewresource>
        </region>
        <region name="South Korea">
            <renewresource name="onshore wind resource">
                <smooth-renewable-subresource name="onshore wind resource">
                    <maxSubResource fillout="1" year="2075">0.09536</maxSubResource>
                    <mid-price fillout="1" year="2075">0.31</mid-price>
                    <curve-exponent fillout="1" year="2075">3.944</curve-exponent>
                </smooth-renewable-subresource>
            </renewresource>
        </region>
        <region name="Southeast Asia">
            <renewresource name="onshore wind resource">
                <smooth-renewable-subresource name="onshore wind resource">
                    <maxSubResource fillout="1" year="2075">0.82465</maxSubResource>
                    <mid-price fillout="1" year="2075">0.27</mid-price>
                    <curve-exponent fillout="1" year="2075">2.648</curve-exponent>
                </smooth-renewable-subresource>
            </renewresource>
        </region>
        <region name="Taiwan">
            <renewresource name="onshore wind resource">
                <smooth-renewable-subresource name="onshore wind resource">
                    <maxSubResource fillout="1" year="2075">0.09334</maxSubResource>
                    <mid-price fillout="1" year="2075">0.44</mid-price>
                    <curve-exponent fillout="1" year="2075">10.815</curve-exponent>
                </smooth-renewable-subresource>
            </renewresource>
        </region>
        <region name="Argentina">
            <renewresource name="onshore wind resource">
                <smooth-renewable-subresource name="onshore wind resource">
                    <maxSubResource fillout="1" year="2075">20.65455</maxSubResource>
                    <mid-price fillout="1" year="2075">2.30</mid-price>
                    <curve-exponent fillout="1" year="2075">2.657</curve-exponent>
                </smooth-renewable-subresource>
            </renewresource>
        </region>
        <region name="Colombia">
            <renewresource name="onshore wind resource">
                <smooth-renewable-subresource name="onshore wind resource">
                    <maxSubResource fillout="1" year="2075">0.13513</maxSubResource>
                    <mid-price fillout="1" year="2075">1.70</mid-price>
                    <curve-exponent fillout="1" year="2075">11.989</curve-exponent>
                </smooth-renewable-subresource>
            </renewresource>
        </region>
        <region name="Uruguay">
            <renewresource name="onshore wind resource">
                <smooth-renewable-subresource name="onshore wind resource">
                    <maxSubResource fillout="1" year="2075">1.48991</maxSubResource>
                    <mid-price fillout="1" year="2075">3.41</mid-price>
                    <curve-exponent fillout="1" year="2075">4.037</curve-exponent>
                </smooth-renewable-subresource>
            </renewresource>
        </region>
    </world>
</scenario>
