<?xml version="1.0" encoding="UTF-8"?>
<scenario>
    <world>
        <region name="USA">
            <renewresource name="onshore wind resource">
                <smooth-renewable-subresource name="onshore wind resource">
                    <maxSubResource fillout="1" year="1975">29.63543</maxSubResource>
                    <mid-price fillout="1" year="1975">2.67</mid-price>
                    <curve-exponent fillout="1" year="1975">3.137</curve-exponent>
                </smooth-renewable-subresource>
            </renewresource>
        </region>
        <region name="Africa_Eastern">
            <renewresource name="onshore wind resource">
                <smooth-renewable-subresource name="onshore wind resource">
                    <maxSubResource fillout="1" year="1975">39.52823</maxSubResource>
                    <mid-price fillout="1" year="1975">6.82</mid-price>
                    <curve-exponent fillout="1" year="1975">4.348</curve-exponent>
                </smooth-renewable-subresource>
            </renewresource>
        </region>
        <region name="Africa_Northern">
            <renewresource name="onshore wind resource">
                <smooth-renewable-subresource name="onshore wind resource">
                    <maxSubResource fillout="1" year="1975">73.57649</maxSubResource>
                    <mid-price fillout="1" year="1975">8.20</mid-price>
                    <curve-exponent fillout="1" year="1975">5.680</curve-exponent>
                </smooth-renewable-subresource>
            </renewresource>
        </region>
        <region name="Africa_Southern">
            <renewresource name="onshore wind resource">
                <smooth-renewable-subresource name="onshore wind resource">
                    <maxSubResource fillout="1" year="1975">8.22412</maxSubResource>
                    <mid-price fillout="1" year="1975">2.45</mid-price>
                    <curve-exponent fillout="1" year="1975">1.875</curve-exponent>
                </smooth-renewable-subresource>
            </renewresource>
        </region>
        <region name="Africa_Western">
            <renewresource name="onshore wind resource">
                <smooth-renewable-subresource name="onshore wind resource">
                    <maxSubResource fillout="1" year="1975">57.58169</maxSubResource>
                    <mid-price fillout="1" year="1975">8.23</mid-price>
                    <curve-exponent fillout="1" year="1975">5.254</curve-exponent>
                </smooth-renewable-subresource>
            </renewresource>
        </region>
        <region name="Australia_NZ">
            <renewresource name="onshore wind resource">
                <smooth-renewable-subresource name="onshore wind resource">
                    <maxSubResource fillout="1" year="1975">90.71408</maxSubResource>
                    <mid-price fillout="1" year="1975">4.66</mid-price>
                    <curve-exponent fillout="1" year="1975">3.353</curve-exponent>
                </smooth-renewable-subresource>
            </renewresource>
        </region>
        <region name="Brazil">
            <renewresource name="onshore wind resource">
                <smooth-renewable-subresource name="onshore wind resource">
                    <maxSubResource fillout="1" year="1975">4.61327</maxSubResource>
                    <mid-price fillout="1" year="1975">3.82</mid-price>
                    <curve-exponent fillout="1" year="1975">4.859</curve-exponent>
                </smooth-renewable-subresource>
            </renewresource>
        </region>
        <region name="Canada">
            <renewresource name="onshore wind resource">
                <smooth-renewable-subresource name="onshore wind resource">
                    <maxSubResource fillout="1" year="1975">47.44335</maxSubResource>
                    <mid-price fillout="1" year="1975">10.60</mid-price>
                    <curve-exponent fillout="1" year="1975">6.073</curve-exponent>
                </smooth-renewable-subresource>
            </renewresource>
        </region>
        <region name="Central America and Caribbean">
            <renewresource name="onshore wind resource">
                <smooth-renewable-subresource name="onshore wind resource">
                    <maxSubResource fillout="1" year="1975">0.29321</maxSubResource>
                    <mid-price fillout="1" year="1975">0.39</mid-price>
                    <curve-exponent fillout="1" year="1975">1.000</curve-exponent>
                </smooth-renewable-subresource>
            </renewresource>
        </region>
        <region name="Central Asia">
            <renewresource name="onshore wind resource">
                <smooth-renewable-subresource name="onshore wind resource">
                    <maxSubResource fillout="1" year="1975">60.15567</maxSubResource>
                    <mid-price fillout="1" year="1975">2.26</mid-price>
                    <curve-exponent fillout="1" year="1975">1.947</curve-exponent>
                </smooth-renewable-subresource>
            </renewresource>
        </region>
        <region name="China">
            <renewresource name="onshore wind resource">
                <smooth-renewable-subresource name="onshore wind resource">
                    <maxSubResource fillout="1" year="1975">16.80917</maxSubResource>
                    <mid-price fillout="1" year="1975">2.34</mid-price>
                    <curve-exponent fillout="1" year="1975">1.479</curve-exponent>
                </smooth-renewable-subresource>
            </renewresource>
        </region>
        <region name="EU-12">
            <renewresource name="onshore wind resource">
                <smooth-renewable-subresource name="onshore wind resource">
                    <maxSubResource fillout="1" year="1975">1.07379</maxSubResource>
                    <mid-price fillout="1" year="1975">3.39</mid-price>
                    <curve-exponent fillout="1" year="1975">1.524</curve-exponent>
                </smooth-renewable-subresource>
            </renewresource>
        </region>
        <region name="EU-15">
            <renewresource name="onshore wind resource">
                <smooth-renewable-subresource name="onshore wind resource">
                    <maxSubResource fillout="1" year="1975">6.76550</maxSubResource>
                    <mid-price fillout="1" year="1975">2.86</mid-price>
                    <curve-exponent fillout="1" year="1975">1.552</curve-exponent>
                </smooth-renewable-subresource>
            </renewresource>
        </region>
        <region name="Europe_Eastern">
            <renewresource name="onshore wind resource">
                <smooth-renewable-subresource name="onshore wind resource">
                    <maxSubResource fillout="1" year="1975">2.03946</maxSubResource>
                    <mid-price fillout="1" year="1975">3.74</mid-price>
                    <curve-exponent fillout="1" year="1975">1.996</curve-exponent>
                </smooth-renewable-subresource>
            </renewresource>
        </region>
        <region name="Europe_Non_EU">
            <renewresource name="onshore wind resource">
                <smooth-renewable-subresource name="onshore wind resource">
                    <maxSubResource fillout="1" year="1975">0.19338</maxSubResource>
                    <mid-price fillout="1" year="1975">0.18</mid-price>
                    <curve-exponent fillout="1" year="1975">1.000</curve-exponent>
                </smooth-renewable-subresource>
            </renewresource>
        </region>
        <region name="European Free Trade Association">
            <renewresource name="onshore wind resource">
                <smooth-renewable-subresource name="onshore wind resource">
                    <maxSubResource fillout="1" year="1975">1.61105</maxSubResource>
                    <mid-price fillout="1" year="1975">10.42</mid-price>
                    <curve-exponent fillout="1" year="1975">3.484</curve-exponent>
                </smooth-renewable-subresource>
            </renewresource>
        </region>
        <region name="India">
            <renewresource name="onshore wind resource">
                <smooth-renewable-subresource name="onshore wind resource">
                    <maxSubResource fillout="1" year="1975">5.53070</maxSubResource>
                    <mid-price fillout="1" year="1975">0.28</mid-price>
                    <curve-exponent fillout="1" year="1975">1.000</curve-exponent>
                </smooth-renewable-subresource>
            </renewresource>
        </region>
        <region name="Indonesia">
            <renewresource name="onshore wind resource">
                <smooth-renewable-subresource name="onshore wind resource">
                    <maxSubResource fillout="1" year="1975">0.03770</maxSubResource>
                    <mid-price fillout="1" year="1975">0.43</mid-price>
                    <curve-exponent fillout="1" year="1975">9.554</curve-exponent>
                </smooth-renewable-subresource>
            </renewresource>
        </region>
        <region name="Japan">
            <renewresource name="onshore wind resource">
                <smooth-renewable-subresource name="onshore wind resource">
                    <maxSubResource fillout="1" year="1975">0.13085</maxSubResource>
                    <mid-price fillout="1" year="1975">2.95</mid-price>
                    <curve-exponent fillout="1" year="1975">11.835</curve-exponent>
                </smooth-renewable-subresource>
            </renewresource>
        </region>
        <region name="Mexico">
            <renewresource name="onshore wind resource">
                <smooth-renewable-subresource name="onshore wind resource">
                    <maxSubResource fillout="1" year="1975">1.42200</maxSubResource>
                    <mid-price fillout="1" year="1975">3.06</mid-price>
                    <curve-exponent fillout="1" year="1975">1.086</curve-exponent>
                </smooth-renewable-subresource>
            </renewresource>
        </region>
        <region name="Middle East">
            <renewresource name="onshore wind resource">
                <smooth-renewable-subresource name="onshore wind resource">
                    <maxSubResource fillout="1" year="1975">21.04203</maxSubResource>
                    <mid-price fillout="1" year="1975">3.38</mid-price>
                    <curve-exponent fillout="1" year="1975">1.164</curve-exponent>
                </smooth-renewable-subresource>
            </renewresource>
        </region>
        <region name="Pakistan">
            <renewresource name="onshore wind resource">
                <smooth-renewable-subresource name="onshore wind resource">
                    <maxSubResource fillout="1" year="1975">2.82387</maxSubResource>
                    <mid-price fillout="1" year="1975">6.71</mid-price>
                    <curve-exponent fillout="1" year="1975">3.196</curve-exponent>
                </smooth-renewable-subresource>
            </renewresource>
        </region>
        <region name="Russia">
            <renewresource name="onshore wind resource">
                <smooth-renewable-subresource name="onshore wind resource">
                    <maxSubResource fillout="1" year="1975">31.70327</maxSubResource>
                    <mid-price fillout="1" year="1975">4.28</mid-price>
                    <curve-exponent fillout="1" year="1975">2.578</curve-exponent>
                </smooth-renewable-subresource>
            </renewresource>
        </region>
        <region name="South Africa">
            <renewresource name="onshore wind resource">
                <smooth-renewable-subresource name="onshore wind resource">
                    <maxSubResource fillout="1" year="1975">7.33321</maxSubResource>
                    <mid-price fillout="1" year="1975">2.43</mid-price>
                    <curve-exponent fillout="1" year="1975">4.278</curve-exponent>
                </smooth-renewable-subresource>
            </renewresource>
        </region>
        <region name="South America_Northern">
            <renewresource name="onshore wind resource">
                <smooth-renewable-subresource name="onshore wind resource">
                    <maxSubResource fillout="1" year="1975">0.29640</maxSubResource>
                    <mid-price fillout="1" year="1975">0.53</mid-price>
                    <curve-exponent fillout="1" year="1975">2.680</curve-exponent>
                </smooth-renewable-subresource>
            </renewresource>
        </region>
        <region name="South America_Southern">
            <renewresource name="onshore wind resource">
                <smooth-renewable-subresource name="onshore wind resource">
                    <maxSubResource fillout="1" year="1975">2.17079</maxSubResource>
                    <mid-price fillout="1" year="1975">4.90</mid-price>
                    <curve-exponent fillout="1" year="1975">3.990</curve-exponent>
                </smooth-renewable-subresource>
            </renewresource>
        </region>
        <region name="South Asia">
            <renewresource name="onshore wind resource">
                <smooth-renewable-subresource name="onshore wind resource">
                    <maxSubResource fillout="1" year="1975">2.87191</maxSubResource>
                    <mid-price fillout="1" year="1975">3.36</mid-price>
                    <curve-exponent fillout="1" year="1975">1.889</curve-exponent>
                </smooth-renewable-subresource>
            </renewresource>
        </region>
        <region name="South Korea">
            <renewresource name="onshore wind resource">
                <smooth-renewable-subresource name="onshore wind resource">
                    <maxSubResource fillout="1" year="1975">0.14161</maxSubResource>
                    <mid-price fillout="1" year="1975">0.24</mid-price>
                    <curve-exponent fillout="1" year="1975">2.459</curve-exponent>
                </smooth-renewable-subresource>
            </renewresource>
        </region>
        <region name="Southeast Asia">
            <renewresource name="onshore wind resource">
                <smooth-renewable-subresource name="onshore wind resource">
                    <maxSubResource fillout="1" year="1975">0.64019</maxSubResource>
                    <mid-price fillout="1" year="1975">0.25</mid-price>
                    <curve-exponent fillout="1" year="1975">3.500</curve-exponent>
                </smooth-renewable-subresource>
            </renewresource>
        </region>
        <region name="Taiwan">
            <renewresource name="onshore wind resource">
                <smooth-renewable-subresource name="onshore wind resource">
                    <maxSubResource fillout="1" year="1975">0.08488</maxSubResource>
                    <mid-price fillout="1" year="1975">0.61</mid-price>
                    <curve-exponent fillout="1" year="1975">10.567</curve-exponent>
                </smooth-renewable-subresource>
            </renewresource>
        </region>
        <region name="Argentina">
            <renewresource name="onshore wind resource">
                <smooth-renewable-subresource name="onshore wind resource">
                    <maxSubResource fillout="1" year="1975">21.76161</maxSubResource>
                    <mid-price fillout="1" year="1975">2.28</mid-price>
                    <curve-exponent fillout="1" year="1975">2.592</curve-exponent>
                </smooth-renewable-subresource>
            </renewresource>
        </region>
        <region name="Colombia">
            <renewresource name="onshore wind resource">
                <smooth-renewable-subresource name="onshore wind resource">
                    <maxSubResource fillout="1" year="1975">0.14822</maxSubResource>
                    <mid-price fillout="1" year="1975">2.21</mid-price>
                    <curve-exponent fillout="1" year="1975">12.070</curve-exponent>
                </smooth-renewable-subresource>
            </renewresource>
        </region>
        <region name="Uruguay">
            <renewresource name="onshore wind resource">
                <smooth-renewable-subresource name="onshore wind resource">
                    <maxSubResource fillout="1" year="1975">1.68172</maxSubResource>
                    <mid-price fillout="1" year="1975">3.61</mid-price>
                    <curve-exponent fillout="1" year="1975">5.707</curve-exponent>
                </smooth-renewable-subresource>
            </renewresource>
        </region>
    </world>
</scenario>
